id_venta,fecha,cliente_id,nombre_cliente,ciudad,producto,categoria,precio_unitario,cantidad,medio_pago
1000,13/01/2025,106,Lucia Fernandez,TUCUMAN,Laptop Pro,Electronica,$ 1200.5,2.0,Tarjeta Credito
1001,2025-10-07,106,Lucia Fernandez,TUCUMAN,Silla Gamer,Muebles,$ 250.0,1.0,Tarjeta Credito
1002,2025-09-16,102,  marta Sanchez  ,ROSARIO,Mouse Optico,Accesorios,$ 25.0,5.0,Debito
1003,2025-10-29,102,  marta Sanchez  ,ROSARIO,Teclado Mecanico,Accesorios,$ 80.0,2.0,Debito
1004,2025-03-21,103,Luis Garcia.,CABA,Monitor 24',Electronica,$ 350.0,1.0,Tarjeta Credito
1005,2025-07-03,104,Ana Lopez,Mendoza,Laptop Pro,Electronica,$ 1200.5,1.0,Debito
1006,2025-07-13,105,PEDRO GOMEZ,CORDOBA,Laptop Pro,Electronica,$ 1200.5,5.0,Efectivo
1007,2025-12-27,105,PEDRO GOMEZ,CORDOBA,Mouse Optico,Accesorios,$ 25.0,3.0,Tarjeta Credito
1008,2025-07-14,102,  marta Sanchez  ,ROSARIO,Laptop Pro,Electronica,$ 1200.5,3.0,Transferencia
1009,2025-04-18,103,Luis Garcia.,CABA,Monitor 24',Electronica,$ 350.0,1.0,Transferencia
1010,06/05/2025,105,PEDRO GOMEZ,CORDOBA,Silla Gamer,Muebles,$ 250.0,5.0,Transferencia
1011,2025-01-29,106,Lucia Fernandez,TUCUMAN,Monitor 24',Electronica,$ 350.0,3.0,Debito
1012,2025-04-19,103,Luis Garcia.,CABA,Laptop Pro,Electronica,$ 1200.5,3.0,Transferencia
1013,2025-07-22,106,Lucia Fernandez,TUCUMAN,Teclado Mecanico,Accesorios,$ 80.0,2.0,Efectivo
1014,2025-10-15,102,  marta Sanchez  ,ROSARIO,Mouse Optico,Accesorios,$ 25.0,4.0,Debito
1015,2025-03-12,103,Luis Garcia.,CABA,Mouse Optico,Accesorios,$ 25.0,1.0,Tarjeta Credito
1016,2025-03-23,102,  marta Sanchez  ,ROSARIO,Silla Gamer,Muebles,$ 250.0,1.0,Debito
1017,2025-08-28,104,Ana Lopez,Mendoza,Cable HDMI,Cables,$ 15.75,1.0,Tarjeta Credito
1018,2025-05-17,106,Lucia Fernandez,TUCUMAN,Cable HDMI,Cables,$ 15.75,3.0,Debito
1019,2025-01-02,102,  marta Sanchez  ,ROSARIO,Teclado Mecanico,Accesorios,$ 80.0,3.0,Transferencia
1020,17/11/2025,105,PEDRO GOMEZ,CORDOBA,Laptop Pro,Electronica,$ 1200.5,5.0,Transferencia
1021,2025-03-24,102,  marta Sanchez  ,ROSARIO,Monitor 24',Electronica,$ 350.0,5.0,Tarjeta Credito
1022,2025-09-08,105,PEDRO GOMEZ,CORDOBA,Monitor 24',Electronica,,3.0,Transferencia
1023,2025-10-18,101,JUAN PEREZ,CORDOBA,Mouse Optico,Accesorios,$ 25.0,4.0,Tarjeta Credito
1024,2025-03-07,105,PEDRO GOMEZ,CORDOBA,Mouse Optico,Accesorios,$ 25.0,2.0,Efectivo
1025,2025-08-05,105,PEDRO GOMEZ,CORDOBA,Cable HDMI,Cables,$ 15.75,2.0,Efectivo
1026,2025-11-29,104,Ana Lopez,Mendoza,Silla Gamer,Muebles,$ 250.0,4.0,Tarjeta Credito
1027,2025-02-02,102,  marta Sanchez  ,ROSARIO,Mouse Optico,Accesorios,$ 25.0,2.0,Transferencia
1028,2025-12-29,101,JUAN PEREZ,CORDOBA,Laptop Pro,Electronica,$ 1200.5,1.0,Efectivo
1029,2025-05-02,101,JUAN PEREZ,CORDOBA,Cable HDMI,Cables,$ 15.75,5.0,Transferencia
1030,23/10/2025,106,Lucia Fernandez,TUCUMAN,Cable HDMI,Cables,$ 15.75,4.0,Transferencia
1031,2025-12-04,101,JUAN PEREZ,CORDOBA,Laptop Pro,Electronica,$ 1200.5,4.0,Tarjeta Credito
1032,2025-11-27,106,Lucia Fernandez,TUCUMAN,Silla Gamer,Muebles,$ 250.0,3.0,Tarjeta Credito
1033,2025-04-08,102,  marta Sanchez  ,ROSARIO,Mouse Optico,Accesorios,$ 25.0,2.0,Efectivo
1034,2025-02-08,104,Ana Lopez,Mendoza,Mouse Optico,Accesorios,$ 25.0,5.0,Tarjeta Credito
1035,2025-10-04,101,JUAN PEREZ,CORDOBA,Silla Gamer,Muebles,$ 250.0,2.0,Transferencia
1036,2025-09-04,104,Ana Lopez,Mendoza,Teclado Mecanico,Accesorios,$ 80.0,1.0,Transferencia
1037,2025-07-19,104,Ana Lopez,Mendoza,Laptop Pro,Electronica,$ 1200.5,4.0,Efectivo
1038,2025-10-12,104,Ana Lopez,Mendoza,Silla Gamer,Muebles,$ 250.0,2.0,Efectivo
1039,2025-10-24,102,  marta Sanchez  ,ROSARIO,Laptop Pro,Electronica,$ 1200.5,3.0,Tarjeta Credito
1040,02/09/2025,101,JUAN PEREZ,CORDOBA,Cable HDMI,Cables,$ 15.75,2.0,Tarjeta Credito
1041,2025-04-06,105,PEDRO GOMEZ,CORDOBA,Laptop Pro,Electronica,$ 1200.5,2.0,Debito
1042,2025-05-07,101,JUAN PEREZ,CORDOBA,Cable HDMI,Cables,$ 15.75,1.0,Debito
1043,2025-10-17,106,Lucia Fernandez,TUCUMAN,Cable HDMI,Cables,$ 15.75,2.0,Efectivo
1044,2025-07-22,102,  marta Sanchez  ,ROSARIO,Monitor 24',Electronica,$ 350.0,4.0,Efectivo
1045,2025-08-23,101,JUAN PEREZ,CORDOBA,Laptop Pro,Electronica,$ 1200.5,1.0,Tarjeta Credito
1046,2025-09-17,105,PEDRO GOMEZ,CORDOBA,Mouse Optico,Accesorios,$ 25.0,1.0,Transferencia
1047,2025-03-22,103,Luis Garcia.,CABA,Monitor 24',Electronica,$ 350.0,3.0,Tarjeta Credito
1048,2025-06-03,106,Lucia Fernandez,TUCUMAN,Cable HDMI,Cables,$ 15.75,2.0,Efectivo
1049,2025-10-11,101,JUAN PEREZ,CORDOBA,Laptop Pro,Electronica,$ 1200.5,2.0,Efectivo
1050,21/11/2025,102,  marta Sanchez  ,ROSARIO,Silla Gamer,Muebles,$ 250.0,3.0,Tarjeta Credito
1051,2025-08-05,101,JUAN PEREZ,CORDOBA,Silla Gamer,Muebles,$ 250.0,3.0,Transferencia
1052,2025-03-24,106,Lucia Fernandez,TUCUMAN,Monitor 24',Electronica,$ 350.0,4.0,Tarjeta Credito
1053,2025-12-20,101,JUAN PEREZ,CORDOBA,Laptop Pro,Electronica,$ 1200.5,3.0,Transferencia
1054,2025-01-22,104,Ana Lopez,Mendoza,Mouse Optico,Accesorios,$ 25.0,1.0,Efectivo
1055,2025-05-08,102,  marta Sanchez  ,ROSARIO,Silla Gamer,Muebles,$ 250.0,5.0,Debito
1056,2025-03-21,105,PEDRO GOMEZ,CORDOBA,Silla Gamer,Muebles,$ 250.0,2.0,Transferencia
1057,2025-04-02,104,Ana Lopez,Mendoza,Laptop Pro,Electronica,$ 1200.5,4.0,Transferencia
1058,2025-12-26,103,Luis Garcia.,CABA,Mouse Optico,Accesorios,$ 25.0,4.0,Transferencia
1059,2025-06-29,102,  marta Sanchez  ,ROSARIO,Teclado Mecanico,Accesorios,$ 80.0,2.0,Transferencia
1060,09/04/2025,101,JUAN PEREZ,CORDOBA,Silla Gamer,Muebles,$ 250.0,1.0,Efectivo
1061,2025-09-18,103,Luis Garcia.,CABA,Silla Gamer,Muebles,$ 250.0,5.0,Efectivo
1062,2025-05-14,101,JUAN PEREZ,CORDOBA,Laptop Pro,Electronica,$ 1200.5,3.0,Tarjeta Credito
1063,2025-08-11,101,JUAN PEREZ,CORDOBA,Cable HDMI,Cables,$ 15.75,4.0,Tarjeta Credito
1064,2025-04-08,104,Ana Lopez,Mendoza,Cable HDMI,Cables,$ 15.75,1.0,Transferencia
1065,2025-02-05,103,Luis Garcia.,CABA,Teclado Mecanico,Accesorios,$ 80.0,5.0,Efectivo
1066,2025-06-03,106,Lucia Fernandez,TUCUMAN,Laptop Pro,Electronica,$ 1200.5,3.0,Debito
1067,2025-10-11,106,Lucia Fernandez,TUCUMAN,Monitor 24',Electronica,$ 350.0,4.0,Transferencia
1068,2025-06-04,105,PEDRO GOMEZ,CORDOBA,Cable HDMI,Cables,$ 15.75,3.0,Efectivo
1069,2025-10-24,102,  marta Sanchez  ,ROSARIO,Teclado Mecanico,Accesorios,$ 80.0,4.0,Debito
1070,19/09/2025,106,Lucia Fernandez,TUCUMAN,Mouse Optico,Accesorios,$ 25.0,2.0,Tarjeta Credito
1071,2025-12-06,103,Luis Garcia.,CABA,Cable HDMI,Cables,$ 15.75,2.0,Efectivo
1072,2025-03-17,102,  marta Sanchez  ,ROSARIO,Mouse Optico,Accesorios,,4.0,Tarjeta Credito
1073,2025-11-19,104,Ana Lopez,Mendoza,Teclado Mecanico,Accesorios,$ 80.0,4.0,Debito
1074,2025-03-17,104,Ana Lopez,Mendoza,Mouse Optico,Accesorios,$ 25.0,,Tarjeta Credito
1075,2025-04-01,104,Ana Lopez,Mendoza,Mouse Optico,Accesorios,$ 25.0,4.0,Tarjeta Credito
1076,2025-03-04,105,PEDRO GOMEZ,CORDOBA,Mouse Optico,Accesorios,$ 25.0,5.0,Efectivo
1077,2025-09-16,104,Ana Lopez,Mendoza,Cable HDMI,Cables,$ 15.75,4.0,Transferencia
1078,2025-08-19,106,Lucia Fernandez,TUCUMAN,Teclado Mecanico,Accesorios,$ 80.0,3.0,Debito
1079,2025-05-21,106,Lucia Fernandez,TUCUMAN,Mouse Optico,Accesorios,$ 25.0,2.0,Efectivo
1080,04/10/2025,103,Luis Garcia.,CABA,Monitor 24',Electronica,$ 350.0,4.0,Transferencia
1081,2025-02-02,106,Lucia Fernandez,TUCUMAN,Mouse Optico,Accesorios,$ 25.0,4.0,Debito
1082,2025-08-04,101,JUAN PEREZ,CORDOBA,Mouse Optico,Accesorios,$ 25.0,1.0,Debito
1083,2025-06-30,104,Ana Lopez,Mendoza,Laptop Pro,Electronica,$ 1200.5,4.0,Transferencia
1084,2025-05-20,104,Ana Lopez,Mendoza,Mouse Optico,Accesorios,$ 25.0,3.0,Debito
1085,2025-08-28,106,Lucia Fernandez,TUCUMAN,Mouse Optico,Accesorios,$ 25.0,5.0,Tarjeta Credito
1086,2025-10-16,104,Ana Lopez,Mendoza,Cable HDMI,Cables,$ 15.75,4.0,Transferencia
1087,2025-01-26,104,Ana Lopez,Mendoza,Mouse Optico,Accesorios,$ 25.0,4.0,Efectivo
1088,2025-05-23,103,Luis Garcia.,CABA,Teclado Mecanico,Accesorios,$ 80.0,3.0,Tarjeta Credito
1089,2025-10-04,104,Ana Lopez,Mendoza,Laptop Pro,Electronica,$ 1200.5,2.0,Tarjeta Credito
1090,16/01/2025,106,Lucia Fernandez,TUCUMAN,Laptop Pro,Electronica,$ 1200.5,1.0,Transferencia
1091,2025-08-31,102,  marta Sanchez  ,ROSARIO,Mouse Optico,Accesorios,$ 25.0,2.0,Debito
1092,2025-07-08,106,Lucia Fernandez,TUCUMAN,Monitor 24',Electronica,$ 350.0,1.0,Transferencia
1093,2025-10-24,103,Luis Garcia.,CABA,Laptop Pro,Electronica,,4.0,Debito
1094,2025-02-08,106,Lucia Fernandez,TUCUMAN,Mouse Optico,Accesorios,$ 25.0,2.0,Tarjeta Credito
1095,2025-12-17,106,Lucia Fernandez,TUCUMAN,Monitor 24',Electronica,$ 350.0,5.0,Tarjeta Credito
1096,2025-08-08,103,Luis Garcia.,CABA,Cable HDMI,Cables,$ 15.75,3.0,Tarjeta Credito
1097,2025-02-24,104,Ana Lopez,Mendoza,Teclado Mecanico,Accesorios,$ 80.0,4.0,Transferencia
1098,2025-09-25,104,Ana Lopez,Mendoza,Mouse Optico,Accesorios,$ 25.0,5.0,Debito
1099,2025-10-31,104,Ana Lopez,Mendoza,Teclado Mecanico,Accesorios,$ 80.0,1.0,Efectivo
1100,26/08/2025,104,Ana Lopez,Mendoza,Mouse Optico,Accesorios,$ 25.0,3.0,Tarjeta Credito
1101,2025-04-04,104,Ana Lopez,Mendoza,Monitor 24',Electronica,$ 350.0,3.0,Efectivo
1102,2025-12-26,103,Luis Garcia.,CABA,Cable HDMI,Cables,$ 15.75,5.0,Transferencia
1103,2025-07-28,101,JUAN PEREZ,CORDOBA,Mouse Optico,Accesorios,$ 25.0,4.0,Debito
1104,2025-02-17,104,Ana Lopez,Mendoza,Laptop Pro,Electronica,$ 1200.5,2.0,Efectivo
1105,2025-07-08,106,Lucia Fernandez,TUCUMAN,Cable HDMI,Cables,$ 15.75,4.0,Efectivo
1106,2025-08-21,103,Luis Garcia.,CABA,Silla Gamer,Muebles,$ 250.0,1.0,Transferencia
1107,2025-10-02,103,Luis Garcia.,CABA,Laptop Pro,Electronica,$ 1200.5,2.0,Transferencia
1108,2025-05-22,106,Lucia Fernandez,TUCUMAN,Teclado Mecanico,Accesorios,$ 80.0,5.0,Efectivo
1109,2025-06-01,101,JUAN PEREZ,CORDOBA,Mouse Optico,Accesorios,$ 25.0,1.0,Transferencia
1110,28/01/2025,103,Luis Garcia.,CABA,Laptop Pro,Electronica,$ 1200.5,2.0,Debito
1111,2025-10-21,101,JUAN PEREZ,CORDOBA,Laptop Pro,Electronica,$ 1200.5,3.0,Transferencia
1112,2025-09-02,101,JUAN PEREZ,CORDOBA,Monitor 24',Electronica,$ 350.0,4.0,Tarjeta Credito
1113,2025-12-18,105,PEDRO GOMEZ,CORDOBA,Silla Gamer,Muebles,$ 250.0,5.0,Efectivo
1114,2025-03-02,101,JUAN PEREZ,CORDOBA,Mouse Optico,Accesorios,$ 25.0,5.0,Transferencia
1115,2025-08-19,105,PEDRO GOMEZ,CORDOBA,Teclado Mecanico,Accesorios,$ 80.0,5.0,Debito
1116,2025-11-14,103,Luis Garcia.,CABA,Cable HDMI,Cables,$ 15.75,1.0,Transferencia
1117,2025-05-16,106,Lucia Fernandez,TUCUMAN,Mouse Optico,Accesorios,$ 25.0,2.0,Tarjeta Credito
1118,2025-07-29,102,  marta Sanchez  ,ROSARIO,Laptop Pro,Electronica,$ 1200.5,3.0,Tarjeta Credito
1119,2025-12-28,102,  marta Sanchez  ,ROSARIO,Monitor 24',Electronica,$ 350.0,1.0,Transferencia
1120,29/10/2025,103,Luis Garcia.,CABA,Silla Gamer,Muebles,$ 250.0,4.0,Tarjeta Credito
1121,2025-11-28,105,PEDRO GOMEZ,CORDOBA,Mouse Optico,Accesorios,$ 25.0,2.0,Tarjeta Credito
1122,2025-06-07,101,JUAN PEREZ,CORDOBA,Mouse Optico,Accesorios,$ 25.0,3.0,Debito
1123,2025-12-19,101,JUAN PEREZ,CORDOBA,Teclado Mecanico,Accesorios,$ 80.0,3.0,Debito
1124,2025-11-03,104,Ana Lopez,Mendoza,Laptop Pro,Electronica,,3.0,Efectivo
1125,2025-04-28,101,JUAN PEREZ,CORDOBA,Laptop Pro,Electronica,$ 1200.5,5.0,Tarjeta Credito
1126,2025-10-23,106,Lucia Fernandez,TUCUMAN,Monitor 24',Electronica,,4.0,Debito
1127,2025-10-27,103,Luis Garcia.,CABA,Mouse Optico,Accesorios,$ 25.0,1.0,Debito
1128,2025-06-20,103,Luis Garcia.,CABA,Teclado Mecanico,Accesorios,$ 80.0,2.0,Efectivo
1129,2025-09-11,104,Ana Lopez,Mendoza,Silla Gamer,Muebles,$ 250.0,5.0,Tarjeta Credito
1130,11/06/2025,104,Ana Lopez,Mendoza,Laptop Pro,Electronica,$ 1200.5,4.0,Tarjeta Credito
1131,2025-08-25,106,Lucia Fernandez,TUCUMAN,Cable HDMI,Cables,$ 15.75,3.0,Debito
1132,2025-01-27,106,Lucia Fernandez,TUCUMAN,Teclado Mecanico,Accesorios,$ 80.0,3.0,Debito
1133,2025-03-04,106,Lucia Fernandez,TUCUMAN,Teclado Mecanico,Accesorios,,2.0,Transferencia
1134,2025-01-08,103,Luis Garcia.,CABA,Cable HDMI,Cables,$ 15.75,1.0,Debito
1135,2025-03-20,101,JUAN PEREZ,CORDOBA,Silla Gamer,Muebles,$ 250.0,5.0,Efectivo
1136,2025-08-30,104,Ana Lopez,Mendoza,Teclado Mecanico,Accesorios,$ 80.0,4.0,Transferencia
1137,2025-03-11,105,PEDRO GOMEZ,CORDOBA,Cable HDMI,Cables,$ 15.75,4.0,Efectivo
1138,2025-01-02,105,PEDRO GOMEZ,CORDOBA,Monitor 24',Electronica,$ 350.0,5.0,Debito
1139,2025-10-03,102,  marta Sanchez  ,ROSARIO,Teclado Mecanico,Accesorios,$ 80.0,5.0,Debito
1140,07/04/2025,104,Ana Lopez,Mendoza,Monitor 24',Electronica,$ 350.0,4.0,Transferencia
1141,2025-06-12,104,Ana Lopez,Mendoza,Laptop Pro,Electronica,$ 1200.5,4.0,Debito
1142,2025-03-19,106,Lucia Fernandez,TUCUMAN,Silla Gamer,Muebles,$ 250.0,5.0,Efectivo
1143,2025-02-21,101,JUAN PEREZ,CORDOBA,Teclado Mecanico,Accesorios,$ 80.0,2.0,Debito
1144,2025-02-08,106,Lucia Fernandez,TUCUMAN,Mouse Optico,Accesorios,$ 25.0,3.0,Debito
1145,2025-06-18,106,Lucia Fernandez,TUCUMAN,Laptop Pro,Electronica,$ 1200.5,4.0,Efectivo
1146,2025-09-07,106,Lucia Fernandez,TUCUMAN,Silla Gamer,Muebles,$ 250.0,1.0,Transferencia
1147,2025-05-28,106,Lucia Fernandez,TUCUMAN,Silla Gamer,Muebles,$ 250.0,4.0,Tarjeta Credito
1148,2025-02-21,106,Lucia Fernandez,TUCUMAN,Silla Gamer,Muebles,$ 250.0,1.0,Tarjeta Credito
1149,2025-05-31,103,Luis Garcia.,CABA,Laptop Pro,Electronica,$ 1200.5,2.0,Debito
1150,03/04/2025,105,PEDRO GOMEZ,CORDOBA,Silla Gamer,Muebles,$ 250.0,4.0,Transferencia
1151,2025-03-15,104,Ana Lopez,Mendoza,Cable HDMI,Cables,$ 15.75,4.0,Efectivo
1152,2025-08-27,106,Lucia Fernandez,TUCUMAN,Laptop Pro,Electronica,$ 1200.5,2.0,Tarjeta Credito
1153,2025-10-28,104,Ana Lopez,Mendoza,Monitor 24',Electronica,$ 350.0,3.0,Debito
1154,2025-07-16,103,Luis Garcia.,CABA,Mouse Optico,Accesorios,$ 25.0,4.0,Efectivo
1155,2025-12-25,105,PEDRO GOMEZ,CORDOBA,Monitor 24',Electronica,$ 350.0,4.0,Efectivo
1156,2025-12-18,101,JUAN PEREZ,CORDOBA,Cable HDMI,Cables,$ 15.75,5.0,Debito
1157,2025-11-07,103,Luis Garcia.,CABA,Mouse Optico,Accesorios,$ 25.0,2.0,Efectivo
1158,2025-12-04,106,Lucia Fernandez,TUCUMAN,Silla Gamer,Muebles,$ 250.0,1.0,Tarjeta Credito
1159,2025-01-18,103,Luis Garcia.,CABA,Teclado Mecanico,Accesorios,$ 80.0,1.0,Efectivo
1160,01/08/2025,103,Luis Garcia.,CABA,Silla Gamer,Muebles,$ 250.0,5.0,Efectivo
1161,2025-05-20,105,PEDRO GOMEZ,CORDOBA,Cable HDMI,Cables,$ 15.75,4.0,Efectivo
1162,2025-02-28,106,Lucia Fernandez,TUCUMAN,Monitor 24',Electronica,$ 350.0,2.0,Debito
1163,2025-02-16,105,PEDRO GOMEZ,CORDOBA,Monitor 24',Electronica,$ 350.0,,Tarjeta Credito
1164,2025-12-11,104,Ana Lopez,Mendoza,Monitor 24',Electronica,$ 350.0,4.0,Efectivo
1165,2025-04-30,101,JUAN PEREZ,CORDOBA,Silla Gamer,Muebles,$ 250.0,5.0,Efectivo
1166,2025-11-28,105,PEDRO GOMEZ,CORDOBA,Mouse Optico,Accesorios,$ 25.0,3.0,Debito
1167,2025-01-24,101,JUAN PEREZ,CORDOBA,Mouse Optico,Accesorios,$ 25.0,4.0,Tarjeta Credito
1168,2025-10-03,101,JUAN PEREZ,CORDOBA,Mouse Optico,Accesorios,$ 25.0,5.0,Debito
1169,2025-03-21,105,PEDRO GOMEZ,CORDOBA,Silla Gamer,Muebles,$ 250.0,4.0,Debito
1170,20/12/2025,103,Luis Garcia.,CABA,Laptop Pro,Electronica,$ 1200.5,2.0,Efectivo
1171,2025-07-08,101,JUAN PEREZ,CORDOBA,Silla Gamer,Muebles,$ 250.0,3.0,Tarjeta Credito
1172,2025-04-08,104,Ana Lopez,Mendoza,Monitor 24',Electronica,$ 350.0,4.0,Tarjeta Credito
1173,2025-11-25,106,Lucia Fernandez,TUCUMAN,Mouse Optico,Accesorios,$ 25.0,1.0,Efectivo
1174,2025-10-17,102,  marta Sanchez  ,ROSARIO,Mouse Optico,Accesorios,$ 25.0,5.0,Transferencia
1175,2025-04-30,105,PEDRO GOMEZ,CORDOBA,Mouse Optico,Accesorios,$ 25.0,5.0,Tarjeta Credito
1176,2025-03-08,103,Luis Garcia.,CABA,Mouse Optico,Accesorios,$ 25.0,1.0,Tarjeta Credito
1177,2025-07-03,102,  marta Sanchez  ,ROSARIO,Laptop Pro,Electronica,$ 1200.5,3.0,Tarjeta Credito
1178,2025-01-27,102,  marta Sanchez  ,ROSARIO,Monitor 24',Electronica,$ 350.0,1.0,Tarjeta Credito
1179,2025-07-05,104,Ana Lopez,Mendoza,Teclado Mecanico,Accesorios,$ 80.0,5.0,Transferencia
1180,04/12/2025,105,PEDRO GOMEZ,CORDOBA,Laptop Pro,Electronica,$ 1200.5,1.0,Tarjeta Credito
1181,2025-08-07,104,Ana Lopez,Mendoza,Teclado Mecanico,Accesorios,$ 80.0,4.0,Tarjeta Credito
1182,2025-11-08,101,JUAN PEREZ,CORDOBA,Monitor 24',Electronica,$ 350.0,5.0,Efectivo
1183,2025-09-29,104,Ana Lopez,Mendoza,Cable HDMI,Cables,$ 15.75,4.0,Tarjeta Credito
1184,2025-12-02,106,Lucia Fernandez,TUCUMAN,Laptop Pro,Electronica,$ 1200.5,2.0,Debito
1185,2025-07-31,104,Ana Lopez,Mendoza,Mouse Optico,Accesorios,$ 25.0,4.0,Tarjeta Credito
1186,2025-06-10,103,Luis Garcia.,CABA,Teclado Mecanico,Accesorios,$ 80.0,2.0,Debito
1187,2025-02-13,101,JUAN PEREZ,CORDOBA,Laptop Pro,Electronica,$ 1200.5,3.0,Transferencia
1188,2025-10-28,105,PEDRO GOMEZ,CORDOBA,Laptop Pro,Electronica,$ 1200.5,1.0,Debito
1189,2025-08-05,103,Luis Garcia.,CABA,Silla Gamer,Muebles,$ 250.0,3.0,Efectivo
1190,23/10/2025,103,Luis Garcia.,CABA,Laptop Pro,Electronica,$ 1200.5,4.0,Transferencia
1191,2025-10-12,101,JUAN PEREZ,CORDOBA,Monitor 24',Electronica,$ 350.0,5.0,Transferencia
1192,2025-11-15,104,Ana Lopez,Mendoza,Cable HDMI,Cables,$ 15.75,1.0,Efectivo
1193,2025-05-20,101,JUAN PEREZ,CORDOBA,Mouse Optico,Accesorios,$ 25.0,3.0,Efectivo
1194,2025-03-15,101,JUAN PEREZ,CORDOBA,Mouse Optico,Accesorios,$ 25.0,2.0,Tarjeta Credito
1195,2025-09-29,101,JUAN PEREZ,CORDOBA,Silla Gamer,Muebles,$ 250.0,3.0,Transferencia
1196,2025-06-16,103,Luis Garcia.,CABA,Monitor 24',Electronica,$ 350.0,1.0,Tarjeta Credito
1197,2025-11-13,102,  marta Sanchez  ,ROSARIO,Mouse Optico,Accesorios,,4.0,Debito
1198,2025-08-15,104,Ana Lopez,Mendoza,Cable HDMI,Cables,$ 15.75,5.0,Tarjeta Credito
1199,2025-02-26,103,Luis Garcia.,CABA,Teclado Mecanico,Accesorios,$ 80.0,4.0,Efectivo
1200,22/07/2025,101,JUAN PEREZ,CORDOBA,Mouse Optico,Accesorios,$ 25.0,2.0,Efectivo
1201,2025-05-11,102,  marta Sanchez  ,ROSARIO,Mouse Optico,Accesorios,$ 25.0,4.0,Debito
1202,2025-07-14,102,  marta Sanchez  ,ROSARIO,Mouse Optico,Accesorios,$ 25.0,5.0,Efectivo
1203,2025-01-22,101,JUAN PEREZ,CORDOBA,Teclado Mecanico,Accesorios,$ 80.0,1.0,Efectivo
1204,2025-10-21,105,PEDRO GOMEZ,CORDOBA,Teclado Mecanico,Accesorios,$ 80.0,3.0,Tarjeta Credito
1205,2025-06-16,104,Ana Lopez,Mendoza,Laptop Pro,Electronica,$ 1200.5,4.0,Efectivo
1206,2025-02-24,101,JUAN PEREZ,CORDOBA,Teclado Mecanico,Accesorios,$ 80.0,5.0,Tarjeta Credito
1207,2025-06-23,104,Ana Lopez,Mendoza,Monitor 24',Electronica,$ 350.0,1.0,Tarjeta Credito
1208,2025-04-10,105,PEDRO GOMEZ,CORDOBA,Cable HDMI,Cables,$ 15.75,2.0,Transferencia
1209,2025-05-12,101,JUAN PEREZ,CORDOBA,Mouse Optico,Accesorios,$ 25.0,1.0,Transferencia
1210,26/08/2025,106,Lucia Fernandez,TUCUMAN,Teclado Mecanico,Accesorios,$ 80.0,4.0,Efectivo
1211,2025-03-19,106,Lucia Fernandez,TUCUMAN,Monitor 24',Electronica,$ 350.0,3.0,Efectivo
1212,2025-06-30,105,PEDRO GOMEZ,CORDOBA,Laptop Pro,Electronica,$ 1200.5,4.0,Tarjeta Credito
1213,2025-05-27,101,JUAN PEREZ,CORDOBA,Monitor 24',Electronica,$ 350.0,1.0,Debito
1214,2025-10-11,104,Ana Lopez,Mendoza,Cable HDMI,Cables,$ 15.75,1.0,Debito
1215,2025-04-07,105,PEDRO GOMEZ,CORDOBA,Silla Gamer,Muebles,$ 250.0,2.0,Tarjeta Credito
1216,2025-06-25,104,Ana Lopez,Mendoza,Laptop Pro,Electronica,$ 1200.5,2.0,Tarjeta Credito
1217,2025-08-13,102,  marta Sanchez  ,ROSARIO,Silla Gamer,Muebles,$ 250.0,5.0,Transferencia
1218,2025-05-25,103,Luis Garcia.,CABA,Monitor 24',Electronica,$ 350.0,5.0,Tarjeta Credito
1219,2025-06-21,106,Lucia Fernandez,TUCUMAN,Silla Gamer,Muebles,$ 250.0,4.0,Efectivo
1220,03/12/2025,103,Luis Garcia.,CABA,Silla Gamer,Muebles,$ 250.0,2.0,Efectivo
1221,2025-12-06,101,JUAN PEREZ,CORDOBA,Cable HDMI,Cables,$ 15.75,4.0,Transferencia
1222,2025-02-13,105,PEDRO GOMEZ,CORDOBA,Silla Gamer,Muebles,$ 250.0,3.0,Transferencia
1223,2025-12-17,106,Lucia Fernandez,TUCUMAN,Silla Gamer,Muebles,$ 250.0,4.0,Efectivo
1224,2025-06-08,101,JUAN PEREZ,CORDOBA,Monitor 24',Electronica,$ 350.0,4.0,Transferencia
1225,2025-03-21,102,  marta Sanchez  ,ROSARIO,Mouse Optico,Accesorios,$ 25.0,1.0,Tarjeta Credito
1226,2025-11-13,106,Lucia Fernandez,TUCUMAN,Monitor 24',Electronica,$ 350.0,2.0,Transferencia
1227,2025-03-26,106,Lucia Fernandez,TUCUMAN,Cable HDMI,Cables,$ 15.75,3.0,Transferencia
1228,2025-05-26,104,Ana Lopez,Mendoza,Cable HDMI,Cables,$ 15.75,2.0,Transferencia
1229,2025-04-10,103,Luis Garcia.,CABA,Teclado Mecanico,Accesorios,$ 80.0,4.0,Debito
1230,15/09/2025,103,Luis Garcia.,CABA,Teclado Mecanico,Accesorios,$ 80.0,2.0,Transferencia
1231,2025-11-25,103,Luis Garcia.,CABA,Laptop Pro,Electronica,$ 1200.5,1.0,Tarjeta Credito
1232,2025-03-24,103,Luis Garcia.,CABA,Laptop Pro,Electronica,$ 1200.5,2.0,Debito
1233,2025-08-19,101,JUAN PEREZ,CORDOBA,Mouse Optico,Accesorios,$ 25.0,4.0,Tarjeta Credito
1234,2025-07-11,104,Ana Lopez,Mendoza,Cable HDMI,Cables,$ 15.75,3.0,Transferencia
1235,2025-02-20,101,JUAN PEREZ,CORDOBA,Monitor 24',Electronica,$ 350.0,2.0,Transferencia
1236,2025-08-30,101,JUAN PEREZ,CORDOBA,Monitor 24',Electronica,$ 350.0,4.0,Debito
1237,2025-02-10,105,PEDRO GOMEZ,CORDOBA,Laptop Pro,Electronica,,2.0,Debito
1238,2025-05-02,101,JUAN PEREZ,CORDOBA,Monitor 24',Electronica,$ 350.0,4.0,Debito
1239,2025-09-13,101,JUAN PEREZ,CORDOBA,Laptop Pro,Electronica,$ 1200.5,,Transferencia
1240,30/05/2025,106,Lucia Fernandez,TUCUMAN,Mouse Optico,Accesorios,$ 25.0,2.0,Debito
1241,2025-12-09,102,  marta Sanchez  ,ROSARIO,Silla Gamer,Muebles,$ 250.0,1.0,Tarjeta Credito
1242,2025-01-23,104,Ana Lopez,Mendoza,Teclado Mecanico,Accesorios,$ 80.0,3.0,Tarjeta Credito
1243,2025-06-26,103,Luis Garcia.,CABA,Laptop Pro,Electronica,$ 1200.5,1.0,Efectivo
1244,2025-06-30,102,  marta Sanchez  ,ROSARIO,Laptop Pro,Electronica,$ 1200.5,2.0,Debito
1245,2025-11-20,106,Lucia Fernandez,TUCUMAN,Teclado Mecanico,Accesorios,$ 80.0,4.0,Tarjeta Credito
1246,2025-01-23,103,Luis Garcia.,CABA,Mouse Optico,Accesorios,$ 25.0,3.0,Efectivo
1247,2025-10-06,105,PEDRO GOMEZ,CORDOBA,Teclado Mecanico,Accesorios,$ 80.0,2.0,Efectivo
1248,2025-12-02,103,Luis Garcia.,CABA,Laptop Pro,Electronica,$ 1200.5,3.0,Debito
1249,2025-08-14,104,Ana Lopez,Mendoza,Silla Gamer,Muebles,$ 250.0,2.0,Debito
1250,08/07/2025,106,Lucia Fernandez,TUCUMAN,Teclado Mecanico,Accesorios,$ 80.0,1.0,Debito
1251,2025-11-05,101,JUAN PEREZ,CORDOBA,Teclado Mecanico,Accesorios,$ 80.0,3.0,Efectivo
1252,2025-06-17,101,JUAN PEREZ,CORDOBA,Laptop Pro,Electronica,$ 1200.5,5.0,Debito
1253,2025-08-16,102,  marta Sanchez  ,ROSARIO,Silla Gamer,Muebles,$ 250.0,3.0,Debito
1254,2025-01-30,103,Luis Garcia.,CABA,Silla Gamer,Muebles,$ 250.0,3.0,Transferencia
1255,2025-11-08,101,JUAN PEREZ,CORDOBA,Mouse Optico,Accesorios,$ 25.0,2.0,Tarjeta Credito
1256,2025-07-07,102,  marta Sanchez  ,ROSARIO,Silla Gamer,Muebles,$ 250.0,1.0,Transferencia
1257,2025-07-09,106,Lucia Fernandez,TUCUMAN,Teclado Mecanico,Accesorios,$ 80.0,5.0,Transferencia
1258,2025-07-23,105,PEDRO GOMEZ,CORDOBA,Monitor 24',Electronica,$ 350.0,1.0,Tarjeta Credito
1259,2025-09-13,106,Lucia Fernandez,TUCUMAN,Mouse Optico,Accesorios,$ 25.0,1.0,Efectivo
1260,17/08/2025,103,Luis Garcia.,CABA,Silla Gamer,Muebles,$ 250.0,4.0,Transferencia
1261,2025-02-07,101,JUAN PEREZ,CORDOBA,Mouse Optico,Accesorios,$ 25.0,4.0,Tarjeta Credito
1262,2025-12-08,106,Lucia Fernandez,TUCUMAN,Monitor 24',Electronica,$ 350.0,5.0,Efectivo
1263,2025-12-31,103,Luis Garcia.,CABA,Mouse Optico,Accesorios,$ 25.0,2.0,Efectivo
1264,2025-03-04,105,PEDRO GOMEZ,CORDOBA,Mouse Optico,Accesorios,$ 25.0,2.0,Debito
1265,2025-10-11,101,JUAN PEREZ,CORDOBA,Monitor 24',Electronica,$ 350.0,5.0,Transferencia
1266,2025-02-03,105,PEDRO GOMEZ,CORDOBA,Laptop Pro,Electronica,$ 1200.5,4.0,Debito
1267,2025-02-07,104,Ana Lopez,Mendoza,Cable HDMI,Cables,$ 15.75,1.0,Debito
1268,2025-09-22,104,Ana Lopez,Mendoza,Silla Gamer,Muebles,$ 250.0,5.0,Transferencia
1269,2025-09-15,102,  marta Sanchez  ,ROSARIO,Teclado Mecanico,Accesorios,$ 80.0,1.0,Transferencia
1270,24/03/2025,103,Luis Garcia.,CABA,Mouse Optico,Accesorios,$ 25.0,3.0,Efectivo
1271,2025-04-11,101,JUAN PEREZ,CORDOBA,Monitor 24',Electronica,$ 350.0,2.0,Efectivo
1272,2025-02-17,105,PEDRO GOMEZ,CORDOBA,Cable HDMI,Cables,$ 15.75,5.0,Transferencia
1273,2025-11-16,102,  marta Sanchez  ,ROSARIO,Silla Gamer,Muebles,$ 250.0,5.0,Tarjeta Credito
1274,2025-01-24,101,JUAN PEREZ,CORDOBA,Laptop Pro,Electronica,$ 1200.5,3.0,Transferencia
1275,2025-11-13,105,PEDRO GOMEZ,CORDOBA,Teclado Mecanico,Accesorios,$ 80.0,5.0,Efectivo
1276,2025-09-05,106,Lucia Fernandez,TUCUMAN,Monitor 24',Electronica,$ 350.0,4.0,Efectivo
1277,2025-12-19,104,Ana Lopez,Mendoza,Laptop Pro,Electronica,$ 1200.5,4.0,Debito
1278,2025-11-07,102,  marta Sanchez  ,ROSARIO,Monitor 24',Electronica,$ 350.0,3.0,Efectivo
1279,2025-07-09,104,Ana Lopez,Mendoza,Mouse Optico,Accesorios,$ 25.0,2.0,Debito
1280,19/08/2025,101,JUAN PEREZ,CORDOBA,Monitor 24',Electronica,$ 350.0,3.0,Debito
1281,2025-05-08,105,PEDRO GOMEZ,CORDOBA,Teclado Mecanico,Accesorios,$ 80.0,3.0,Efectivo
1282,2025-09-13,102,  marta Sanchez  ,ROSARIO,Mouse Optico,Accesorios,$ 25.0,3.0,Debito
1283,2025-07-21,101,JUAN PEREZ,CORDOBA,Laptop Pro,Electronica,$ 1200.5,2.0,Efectivo
1284,2025-05-25,101,JUAN PEREZ,CORDOBA,Laptop Pro,Electronica,$ 1200.5,4.0,Efectivo
1285,2025-02-25,105,PEDRO GOMEZ,CORDOBA,Laptop Pro,Electronica,$ 1200.5,3.0,Debito
1286,2025-07-25,103,Luis Garcia.,CABA,Laptop Pro,Electronica,$ 1200.5,3.0,Efectivo
1287,2025-09-16,101,JUAN PEREZ,CORDOBA,Teclado Mecanico,Accesorios,$ 80.0,5.0,Tarjeta Credito
1288,2025-07-21,102,  marta Sanchez  ,ROSARIO,Laptop Pro,Electronica,$ 1200.5,5.0,Efectivo
1289,2025-11-05,102,  marta Sanchez  ,ROSARIO,Mouse Optico,Accesorios,$ 25.0,1.0,Tarjeta Credito
1290,20/06/2025,102,  marta Sanchez  ,ROSARIO,Silla Gamer,Muebles,$ 250.0,2.0,Transferencia
1291,2025-06-13,103,Luis Garcia.,CABA,Cable HDMI,Cables,$ 15.75,3.0,Efectivo
1292,2025-09-30,105,PEDRO GOMEZ,CORDOBA,Cable HDMI,Cables,$ 15.75,4.0,Tarjeta Credito
1293,2025-12-11,103,Luis Garcia.,CABA,Monitor 24',Electronica,$ 350.0,3.0,Tarjeta Credito
1294,2025-05-16,105,PEDRO GOMEZ,CORDOBA,Teclado Mecanico,Accesorios,$ 80.0,5.0,Transferencia
1295,2025-10-26,106,Lucia Fernandez,TUCUMAN,Laptop Pro,Electronica,$ 1200.5,5.0,Debito
1296,2025-05-05,102,  marta Sanchez  ,ROSARIO,Silla Gamer,Muebles,,1.0,Transferencia
1297,2025-06-10,101,JUAN PEREZ,CORDOBA,Teclado Mecanico,Accesorios,$ 80.0,2.0,Debito
1298,2025-08-30,105,PEDRO GOMEZ,CORDOBA,Cable HDMI,Cables,$ 15.75,1.0,Transferencia
1299,2025-10-15,105,PEDRO GOMEZ,CORDOBA,Mouse Optico,Accesorios,$ 25.0,5.0,Debito
1300,24/08/2025,103,Luis Garcia.,CABA,Mouse Optico,Accesorios,$ 25.0,3.0,Efectivo
1301,2025-04-09,105,PEDRO GOMEZ,CORDOBA,Teclado Mecanico,Accesorios,$ 80.0,3.0,Transferencia
1302,2025-12-27,103,Luis Garcia.,CABA,Monitor 24',Electronica,$ 350.0,3.0,Debito
1303,2025-05-21,103,Luis Garcia.,CABA,Cable HDMI,Cables,$ 15.75,5.0,Debito
1304,2025-03-16,104,Ana Lopez,Mendoza,Monitor 24',Electronica,$ 350.0,1.0,Efectivo
1305,2025-05-12,104,Ana Lopez,Mendoza,Silla Gamer,Muebles,$ 250.0,5.0,Efectivo
1306,2025-05-20,105,PEDRO GOMEZ,CORDOBA,Silla Gamer,Muebles,$ 250.0,5.0,Transferencia
1307,2025-12-09,102,  marta Sanchez  ,ROSARIO,Laptop Pro,Electronica,$ 1200.5,2.0,Tarjeta Credito
1308,2025-06-19,101,JUAN PEREZ,CORDOBA,Teclado Mecanico,Accesorios,$ 80.0,2.0,Tarjeta Credito
1309,2025-07-28,105,PEDRO GOMEZ,CORDOBA,Mouse Optico,Accesorios,$ 25.0,4.0,Debito
1310,28/05/2025,106,Lucia Fernandez,TUCUMAN,Mouse Optico,Accesorios,$ 25.0,1.0,Transferencia
1311,2025-01-20,105,PEDRO GOMEZ,CORDOBA,Silla Gamer,Muebles,$ 250.0,2.0,Tarjeta Credito
1312,2025-04-06,104,Ana Lopez,Mendoza,Teclado Mecanico,Accesorios,$ 80.0,3.0,Tarjeta Credito
1313,2025-10-18,101,JUAN PEREZ,CORDOBA,Monitor 24',Electronica,$ 350.0,3.0,Efectivo
1314,2025-10-06,104,Ana Lopez,Mendoza,Silla Gamer,Muebles,$ 250.0,2.0,Debito
1315,2025-02-27,103,Luis Garcia.,CABA,Mouse Optico,Accesorios,$ 25.0,3.0,Transferencia
1316,2025-06-22,101,JUAN PEREZ,CORDOBA,Silla Gamer,Muebles,$ 250.0,2.0,Transferencia
1317,2025-07-27,105,PEDRO GOMEZ,CORDOBA,Silla Gamer,Muebles,$ 250.0,1.0,Debito
1318,2025-04-05,106,Lucia Fernandez,TUCUMAN,Laptop Pro,Electronica,$ 1200.5,2.0,Tarjeta Credito
1319,2025-05-01,103,Luis Garcia.,CABA,Teclado Mecanico,Accesorios,$ 80.0,3.0,Efectivo
1320,21/10/2025,105,PEDRO GOMEZ,CORDOBA,Silla Gamer,Muebles,,2.0,Tarjeta Credito
1321,2025-08-27,106,Lucia Fernandez,TUCUMAN,Laptop Pro,Electronica,$ 1200.5,5.0,Efectivo
1322,2025-11-24,106,Lucia Fernandez,TUCUMAN,Laptop Pro,Electronica,$ 1200.5,5.0,Transferencia
1323,2025-09-02,102,  marta Sanchez  ,ROSARIO,Mouse Optico,Accesorios,$ 25.0,5.0,Efectivo
1324,2025-10-09,104,Ana Lopez,Mendoza,Silla Gamer,Muebles,$ 250.0,2.0,Transferencia
1325,2025-02-11,106,Lucia Fernandez,TUCUMAN,Cable HDMI,Cables,$ 15.75,3.0,Tarjeta Credito
1326,2025-02-01,105,PEDRO GOMEZ,CORDOBA,Laptop Pro,Electronica,$ 1200.5,2.0,Transferencia
1327,2025-09-24,102,  marta Sanchez  ,ROSARIO,Monitor 24',Electronica,$ 350.0,5.0,Debito
1328,2025-08-17,101,JUAN PEREZ,CORDOBA,Cable HDMI,Cables,$ 15.75,5.0,Debito
1329,2025-01-30,104,Ana Lopez,Mendoza,Cable HDMI,Cables,$ 15.75,3.0,Tarjeta Credito
1330,02/01/2025,104,Ana Lopez,Mendoza,Monitor 24',Electronica,$ 350.0,1.0,Debito
1331,2025-02-02,103,Luis Garcia.,CABA,Silla Gamer,Muebles,$ 250.0,1.0,Debito
1332,2025-07-29,101,JUAN PEREZ,CORDOBA,Monitor 24',Electronica,$ 350.0,4.0,Efectivo
1333,2025-07-13,104,Ana Lopez,Mendoza,Teclado Mecanico,Accesorios,$ 80.0,5.0,Transferencia
1334,2025-03-02,106,Lucia Fernandez,TUCUMAN,Monitor 24',Electronica,$ 350.0,5.0,Transferencia
1335,2025-01-02,106,Lucia Fernandez,TUCUMAN,Mouse Optico,Accesorios,$ 25.0,4.0,Debito
1336,2025-04-28,105,PEDRO GOMEZ,CORDOBA,Teclado Mecanico,Accesorios,$ 80.0,3.0,Transferencia
1337,2025-01-17,106,Lucia Fernandez,TUCUMAN,Laptop Pro,Electronica,$ 1200.5,1.0,Transferencia
1338,2025-02-21,102,  marta Sanchez  ,ROSARIO,Laptop Pro,Electronica,$ 1200.5,1.0,Transferencia
1339,2025-07-25,106,Lucia Fernandez,TUCUMAN,Laptop Pro,Electronica,$ 1200.5,1.0,Transferencia
1340,30/04/2025,105,PEDRO GOMEZ,CORDOBA,Monitor 24',Electronica,$ 350.0,3.0,Efectivo
1341,2025-03-15,102,  marta Sanchez  ,ROSARIO,Monitor 24',Electronica,$ 350.0,4.0,Efectivo
1342,2025-10-13,103,Luis Garcia.,CABA,Laptop Pro,Electronica,$ 1200.5,2.0,Debito
1343,2025-01-25,105,PEDRO GOMEZ,CORDOBA,Teclado Mecanico,Accesorios,$ 80.0,4.0,Efectivo
1344,2025-07-29,106,Lucia Fernandez,TUCUMAN,Teclado Mecanico,Accesorios,$ 80.0,5.0,Debito
1345,2025-06-03,102,  marta Sanchez  ,ROSARIO,Mouse Optico,Accesorios,$ 25.0,4.0,Tarjeta Credito
1346,2025-08-02,105,PEDRO GOMEZ,CORDOBA,Teclado Mecanico,Accesorios,$ 80.0,2.0,Efectivo
1347,2025-11-28,102,  marta Sanchez  ,ROSARIO,Monitor 24',Electronica,$ 350.0,3.0,Tarjeta Credito
1348,2025-04-08,105,PEDRO GOMEZ,CORDOBA,Silla Gamer,Muebles,$ 250.0,5.0,Tarjeta Credito
1349,2025-10-28,101,JUAN PEREZ,CORDOBA,Mouse Optico,Accesorios,$ 25.0,4.0,Transferencia
1350,08/01/2025,103,Luis Garcia.,CABA,Monitor 24',Electronica,$ 350.0,1.0,Debito
1351,2025-11-06,102,  marta Sanchez  ,ROSARIO,Silla Gamer,Muebles,$ 250.0,2.0,Efectivo
1352,2025-08-27,103,Luis Garcia.,CABA,Teclado Mecanico,Accesorios,$ 80.0,3.0,Efectivo
1353,2025-08-27,105,PEDRO GOMEZ,CORDOBA,Teclado Mecanico,Accesorios,$ 80.0,4.0,Efectivo
1354,2025-06-10,102,  marta Sanchez  ,ROSARIO,Monitor 24',Electronica,$ 350.0,2.0,Transferencia
1355,2025-10-11,101,JUAN PEREZ,CORDOBA,Monitor 24',Electronica,$ 350.0,4.0,Efectivo
1356,2025-06-18,102,  marta Sanchez  ,ROSARIO,Mouse Optico,Accesorios,$ 25.0,2.0,Debito
1357,2025-12-17,105,PEDRO GOMEZ,CORDOBA,Silla Gamer,Muebles,$ 250.0,4.0,Debito
1358,2025-06-30,104,Ana Lopez,Mendoza,Mouse Optico,Accesorios,$ 25.0,4.0,Transferencia
1359,2025-01-31,105,PEDRO GOMEZ,CORDOBA,Silla Gamer,Muebles,$ 250.0,1.0,Tarjeta Credito
1360,12/03/2025,101,JUAN PEREZ,CORDOBA,Teclado Mecanico,Accesorios,$ 80.0,2.0,Tarjeta Credito
1361,2025-08-22,102,  marta Sanchez  ,ROSARIO,Cable HDMI,Cables,$ 15.75,5.0,Debito
1362,2025-01-09,106,Lucia Fernandez,TUCUMAN,Teclado Mecanico,Accesorios,,1.0,Tarjeta Credito
1363,2025-05-21,105,PEDRO GOMEZ,CORDOBA,Silla Gamer,Muebles,$ 250.0,5.0,Debito
1364,2025-02-19,102,  marta Sanchez  ,ROSARIO,Laptop Pro,Electronica,$ 1200.5,5.0,Efectivo
1365,2025-07-23,103,Luis Garcia.,CABA,Monitor 24',Electronica,$ 350.0,4.0,Transferencia
1366,2025-06-03,106,Lucia Fernandez,TUCUMAN,Mouse Optico,Accesorios,$ 25.0,1.0,Tarjeta Credito
1367,2025-07-13,104,Ana Lopez,Mendoza,Teclado Mecanico,Accesorios,$ 80.0,1.0,Transferencia
1368,2025-08-11,101,JUAN PEREZ,CORDOBA,Teclado Mecanico,Accesorios,$ 80.0,1.0,Tarjeta Credito
1369,2025-12-21,102,  marta Sanchez  ,ROSARIO,Mouse Optico,Accesorios,$ 25.0,1.0,Tarjeta Credito
1370,06/10/2025,106,Lucia Fernandez,TUCUMAN,Monitor 24',Electronica,$ 350.0,3.0,Tarjeta Credito
1371,2025-03-15,102,  marta Sanchez  ,ROSARIO,Cable HDMI,Cables,$ 15.75,4.0,Tarjeta Credito
1372,2025-10-16,103,Luis Garcia.,CABA,Mouse Optico,Accesorios,$ 25.0,4.0,Efectivo
1373,2025-03-13,104,Ana Lopez,Mendoza,Silla Gamer,Muebles,$ 250.0,1.0,Efectivo
1374,2025-08-12,101,JUAN PEREZ,CORDOBA,Laptop Pro,Electronica,$ 1200.5,5.0,Debito
1375,2025-11-21,103,Luis Garcia.,CABA,Laptop Pro,Electronica,$ 1200.5,4.0,Transferencia
1376,2025-07-12,103,Luis Garcia.,CABA,Cable HDMI,Cables,$ 15.75,4.0,Tarjeta Credito
1377,2025-05-07,105,PEDRO GOMEZ,CORDOBA,Monitor 24',Electronica,$ 350.0,2.0,Debito
1378,2025-03-20,106,Lucia Fernandez,TUCUMAN,Silla Gamer,Muebles,$ 250.0,1.0,Tarjeta Credito
1379,2025-08-16,101,JUAN PEREZ,CORDOBA,Monitor 24',Electronica,$ 350.0,2.0,Tarjeta Credito
1380,18/08/2025,102,  marta Sanchez  ,ROSARIO,Teclado Mecanico,Accesorios,$ 80.0,1.0,Tarjeta Credito
1381,2025-10-11,101,JUAN PEREZ,CORDOBA,Monitor 24',Electronica,$ 350.0,3.0,Debito
1382,2025-07-31,101,JUAN PEREZ,CORDOBA,Monitor 24',Electronica,$ 350.0,5.0,Transferencia
1383,2025-03-28,105,PEDRO GOMEZ,CORDOBA,Cable HDMI,Cables,$ 15.75,3.0,Efectivo
1384,2025-03-16,103,Luis Garcia.,CABA,Teclado Mecanico,Accesorios,$ 80.0,4.0,Efectivo
1385,2025-07-04,104,Ana Lopez,Mendoza,Laptop Pro,Electronica,$ 1200.5,4.0,Transferencia
1386,2025-03-11,104,Ana Lopez,Mendoza,Laptop Pro,Electronica,$ 1200.5,3.0,Debito
1387,2025-06-21,103,Luis Garcia.,CABA,Teclado Mecanico,Accesorios,$ 80.0,5.0,Transferencia
1388,2025-11-05,103,Luis Garcia.,CABA,Monitor 24',Electronica,$ 350.0,3.0,Transferencia
1389,2025-05-30,104,Ana Lopez,Mendoza,Monitor 24',Electronica,$ 350.0,5.0,Transferencia
1390,24/05/2025,103,Luis Garcia.,CABA,Teclado Mecanico,Accesorios,$ 80.0,1.0,Transferencia
1391,2025-04-03,105,PEDRO GOMEZ,CORDOBA,Cable HDMI,Cables,$ 15.75,4.0,Transferencia
1392,2025-12-21,104,Ana Lopez,Mendoza,Monitor 24',Electronica,$ 350.0,4.0,Debito
1393,2025-06-05,102,  marta Sanchez  ,ROSARIO,Silla Gamer,Muebles,$ 250.0,4.0,Debito
1394,2025-11-03,101,JUAN PEREZ,CORDOBA,Teclado Mecanico,Accesorios,$ 80.0,5.0,Debito
1395,2025-07-04,105,PEDRO GOMEZ,CORDOBA,Laptop Pro,Electronica,$ 1200.5,5.0,Tarjeta Credito
1396,2025-12-03,101,JUAN PEREZ,CORDOBA,Mouse Optico,Accesorios,$ 25.0,5.0,Tarjeta Credito
1397,2025-12-13,105,PEDRO GOMEZ,CORDOBA,Silla Gamer,Muebles,$ 250.0,3.0,Debito
1398,2025-02-20,101,JUAN PEREZ,CORDOBA,Laptop Pro,Electronica,$ 1200.5,5.0,Transferencia
1399,2025-07-20,104,Ana Lopez,Mendoza,Monitor 24',Electronica,$ 350.0,5.0,Transferencia
1400,05/09/2025,103,Luis Garcia.,CABA,Laptop Pro,Electronica,$ 1200.5,1.0,Tarjeta Credito
1401,2025-06-28,106,Lucia Fernandez,TUCUMAN,Mouse Optico,Accesorios,$ 25.0,2.0,Debito
1402,2025-02-19,103,Luis Garcia.,CABA,Teclado Mecanico,Accesorios,$ 80.0,3.0,Tarjeta Credito
1403,2025-12-30,103,Luis Garcia.,CABA,Laptop Pro,Electronica,$ 1200.5,1.0,Transferencia
1404,2025-09-22,106,Lucia Fernandez,TUCUMAN,Mouse Optico,Accesorios,$ 25.0,5.0,Debito
1405,2025-07-27,104,Ana Lopez,Mendoza,Mouse Optico,Accesorios,$ 25.0,4.0,Debito
1406,2025-11-11,101,JUAN PEREZ,CORDOBA,Silla Gamer,Muebles,$ 250.0,4.0,Debito
1407,2025-04-20,101,JUAN PEREZ,CORDOBA,Silla Gamer,Muebles,$ 250.0,1.0,Tarjeta Credito
1408,2025-07-07,105,PEDRO GOMEZ,CORDOBA,Mouse Optico,Accesorios,$ 25.0,3.0,Debito
1409,2025-06-10,105,PEDRO GOMEZ,CORDOBA,Silla Gamer,Muebles,$ 250.0,5.0,Tarjeta Credito
1410,23/08/2025,103,Luis Garcia.,CABA,Monitor 24',Electronica,$ 350.0,3.0,Tarjeta Credito
1411,2025-06-10,106,Lucia Fernandez,TUCUMAN,Mouse Optico,Accesorios,$ 25.0,2.0,Efectivo
1412,2025-09-19,106,Lucia Fernandez,TUCUMAN,Mouse Optico,Accesorios,$ 25.0,5.0,Debito
1413,2025-09-07,104,Ana Lopez,Mendoza,Mouse Optico,Accesorios,$ 25.0,2.0,Transferencia
1414,2025-03-13,104,Ana Lopez,Mendoza,Monitor 24',Electronica,$ 350.0,5.0,Tarjeta Credito
1415,2025-09-06,103,Luis Garcia.,CABA,Laptop Pro,Electronica,$ 1200.5,5.0,Debito
1416,2025-09-09,104,Ana Lopez,Mendoza,Silla Gamer,Muebles,$ 250.0,4.0,Transferencia
1417,2025-01-16,101,JUAN PEREZ,CORDOBA,Cable HDMI,Cables,$ 15.75,1.0,Efectivo
1418,2025-05-28,102,  marta Sanchez  ,ROSARIO,Cable HDMI,Cables,$ 15.75,4.0,Tarjeta Credito
1419,2025-05-18,105,PEDRO GOMEZ,CORDOBA,Laptop Pro,Electronica,$ 1200.5,3.0,Tarjeta Credito
1420,07/10/2025,106,Lucia Fernandez,TUCUMAN,Teclado Mecanico,Accesorios,$ 80.0,2.0,Efectivo
1421,2025-05-15,101,JUAN PEREZ,CORDOBA,Teclado Mecanico,Accesorios,$ 80.0,4.0,Tarjeta Credito
1422,2025-10-29,102,  marta Sanchez  ,ROSARIO,Mouse Optico,Accesorios,$ 25.0,5.0,Debito
1423,2025-03-13,102,  marta Sanchez  ,ROSARIO,Cable HDMI,Cables,$ 15.75,1.0,Efectivo
1424,2025-11-02,105,PEDRO GOMEZ,CORDOBA,Monitor 24',Electronica,$ 350.0,3.0,Efectivo
1425,2025-09-21,105,PEDRO GOMEZ,CORDOBA,Monitor 24',Electronica,$ 350.0,1.0,Transferencia
1426,2025-05-22,104,Ana Lopez,Mendoza,Laptop Pro,Electronica,$ 1200.5,2.0,Transferencia
1427,2025-06-14,102,  marta Sanchez  ,ROSARIO,Silla Gamer,Muebles,$ 250.0,4.0,Debito
1428,2025-11-20,102,  marta Sanchez  ,ROSARIO,Cable HDMI,Cables,$ 15.75,4.0,Tarjeta Credito
1429,2025-07-26,106,Lucia Fernandez,TUCUMAN,Laptop Pro,Electronica,$ 1200.5,3.0,Debito
1430,25/10/2025,104,Ana Lopez,Mendoza,Monitor 24',Electronica,,1.0,Debito
1431,2025-12-24,106,Lucia Fernandez,TUCUMAN,Silla Gamer,Muebles,$ 250.0,5.0,Debito
1432,2025-04-19,102,  marta Sanchez  ,ROSARIO,Teclado Mecanico,Accesorios,$ 80.0,3.0,Efectivo
1433,2025-03-08,105,PEDRO GOMEZ,CORDOBA,Cable HDMI,Cables,$ 15.75,3.0,Tarjeta Credito
1434,2025-11-17,101,JUAN PEREZ,CORDOBA,Laptop Pro,Electronica,$ 1200.5,1.0,Transferencia
1435,2025-01-01,104,Ana Lopez,Mendoza,Teclado Mecanico,Accesorios,$ 80.0,2.0,Efectivo
1436,2025-02-17,102,  marta Sanchez  ,ROSARIO,Monitor 24',Electronica,$ 350.0,3.0,Transferencia
1437,2025-11-17,101,JUAN PEREZ,CORDOBA,Teclado Mecanico,Accesorios,$ 80.0,2.0,Debito
1438,2025-12-27,106,Lucia Fernandez,TUCUMAN,Laptop Pro,Electronica,$ 1200.5,1.0,Transferencia
1439,2025-09-23,105,PEDRO GOMEZ,CORDOBA,Mouse Optico,Accesorios,$ 25.0,,Efectivo
1440,22/12/2025,101,JUAN PEREZ,CORDOBA,Teclado Mecanico,Accesorios,$ 80.0,4.0,Tarjeta Credito
1441,2025-02-22,106,Lucia Fernandez,TUCUMAN,Laptop Pro,Electronica,$ 1200.5,2.0,Debito
1442,2025-12-13,102,  marta Sanchez  ,ROSARIO,Silla Gamer,Muebles,$ 250.0,1.0,Transferencia
1443,2025-04-20,104,Ana Lopez,Mendoza,Monitor 24',Electronica,$ 350.0,4.0,Debito
1444,2025-02-21,102,  marta Sanchez  ,ROSARIO,Laptop Pro,Electronica,$ 1200.5,4.0,Efectivo
1445,2025-03-13,104,Ana Lopez,Mendoza,Monitor 24',Electronica,$ 350.0,2.0,Efectivo
1446,2025-12-04,106,Lucia Fernandez,TUCUMAN,Laptop Pro,Electronica,$ 1200.5,5.0,Transferencia
1447,2025-06-01,106,Lucia Fernandez,TUCUMAN,Teclado Mecanico,Accesorios,$ 80.0,2.0,Debito
1448,2025-05-04,104,Ana Lopez,Mendoza,Laptop Pro,Electronica,$ 1200.5,5.0,Tarjeta Credito
1449,2025-03-09,103,Luis Garcia.,CABA,Monitor 24',Electronica,$ 350.0,4.0,Efectivo
1450,30/03/2025,105,PEDRO GOMEZ,CORDOBA,Silla Gamer,Muebles,$ 250.0,1.0,Tarjeta Credito
1451,2025-01-08,105,PEDRO GOMEZ,CORDOBA,Laptop Pro,Electronica,$ 1200.5,1.0,Debito
1452,2025-11-18,105,PEDRO GOMEZ,CORDOBA,Monitor 24',Electronica,$ 350.0,4.0,Debito
1453,2025-10-02,101,JUAN PEREZ,CORDOBA,Silla Gamer,Muebles,$ 250.0,1.0,Efectivo
1454,2025-04-15,101,JUAN PEREZ,CORDOBA,Cable HDMI,Cables,$ 15.75,3.0,Debito
1455,2025-11-29,105,PEDRO GOMEZ,CORDOBA,Silla Gamer,Muebles,$ 250.0,4.0,Transferencia
1456,2025-02-14,101,JUAN PEREZ,CORDOBA,Mouse Optico,Accesorios,$ 25.0,5.0,Tarjeta Credito
1457,2025-12-03,103,Luis Garcia.,CABA,Silla Gamer,Muebles,$ 250.0,2.0,Tarjeta Credito
1458,2025-06-27,102,  marta Sanchez  ,ROSARIO,Teclado Mecanico,Accesorios,$ 80.0,3.0,Transferencia
1459,2025-05-18,103,Luis Garcia.,CABA,Mouse Optico,Accesorios,$ 25.0,1.0,Efectivo
1460,26/09/2025,104,Ana Lopez,Mendoza,Monitor 24',Electronica,$ 350.0,5.0,Tarjeta Credito
1461,2025-09-19,104,Ana Lopez,Mendoza,Teclado Mecanico,Accesorios,$ 80.0,5.0,Transferencia
1462,2025-05-11,103,Luis Garcia.,CABA,Mouse Optico,Accesorios,$ 25.0,1.0,Transferencia
1463,2025-01-02,106,Lucia Fernandez,TUCUMAN,Cable HDMI,Cables,,2.0,Tarjeta Credito
1464,2025-07-16,104,Ana Lopez,Mendoza,Monitor 24',Electronica,$ 350.0,1.0,Debito
1465,2025-05-08,102,  marta Sanchez  ,ROSARIO,Monitor 24',Electronica,$ 350.0,3.0,Tarjeta Credito
1466,2025-03-03,105,PEDRO GOMEZ,CORDOBA,Monitor 24',Electronica,$ 350.0,2.0,Transferencia
1467,2025-07-25,105,PEDRO GOMEZ,CORDOBA,Laptop Pro,Electronica,$ 1200.5,3.0,Efectivo
1468,2025-10-11,103,Luis Garcia.,CABA,Laptop Pro,Electronica,$ 1200.5,3.0,Efectivo
1469,2025-05-05,106,Lucia Fernandez,TUCUMAN,Cable HDMI,Cables,$ 15.75,4.0,Transferencia
1470,06/05/2025,106,Lucia Fernandez,TUCUMAN,Cable HDMI,Cables,$ 15.75,1.0,Transferencia
1471,2025-11-22,105,PEDRO GOMEZ,CORDOBA,Monitor 24',Electronica,$ 350.0,3.0,Tarjeta Credito
1472,2025-06-07,106,Lucia Fernandez,TUCUMAN,Teclado Mecanico,Accesorios,$ 80.0,2.0,Debito
1473,2025-03-14,104,Ana Lopez,Mendoza,Laptop Pro,Electronica,$ 1200.5,2.0,Debito
1474,2025-08-23,106,Lucia Fernandez,TUCUMAN,Monitor 24',Electronica,$ 350.0,1.0,Transferencia
1475,2025-02-08,106,Lucia Fernandez,TUCUMAN,Teclado Mecanico,Accesorios,$ 80.0,2.0,Transferencia
1476,2025-06-11,103,Luis Garcia.,CABA,Monitor 24',Electronica,$ 350.0,3.0,Efectivo
1477,2025-04-30,104,Ana Lopez,Mendoza,Monitor 24',Electronica,$ 350.0,5.0,Tarjeta Credito
1478,2025-03-26,102,  marta Sanchez  ,ROSARIO,Laptop Pro,Electronica,$ 1200.5,1.0,Efectivo
1479,2025-06-07,102,  marta Sanchez  ,ROSARIO,Teclado Mecanico,Accesorios,$ 80.0,1.0,Transferencia
1480,27/12/2025,106,Lucia Fernandez,TUCUMAN,Monitor 24',Electronica,$ 350.0,3.0,Transferencia
1481,2025-05-08,101,JUAN PEREZ,CORDOBA,Silla Gamer,Muebles,$ 250.0,1.0,Efectivo
1482,2025-01-16,103,Luis Garcia.,CABA,Mouse Optico,Accesorios,$ 25.0,5.0,Transferencia
1483,2025-02-22,101,JUAN PEREZ,CORDOBA,Teclado Mecanico,Accesorios,$ 80.0,1.0,Tarjeta Credito
1484,2025-04-12,102,  marta Sanchez  ,ROSARIO,Mouse Optico,Accesorios,$ 25.0,1.0,Efectivo
1485,2025-02-03,101,JUAN PEREZ,CORDOBA,Laptop Pro,Electronica,$ 1200.5,2.0,Tarjeta Credito
1486,2025-01-22,103,Luis Garcia.,CABA,Laptop Pro,Electronica,$ 1200.5,5.0,Debito
1487,2025-09-12,106,Lucia Fernandez,TUCUMAN,Teclado Mecanico,Accesorios,,2.0,Efectivo
1488,2025-05-21,102,  marta Sanchez  ,ROSARIO,Mouse Optico,Accesorios,$ 25.0,1.0,Transferencia
1489,2025-09-13,106,Lucia Fernandez,TUCUMAN,Monitor 24',Electronica,$ 350.0,1.0,Tarjeta Credito
1490,12/03/2025,103,Luis Garcia.,CABA,Teclado Mecanico,Accesorios,$ 80.0,5.0,Transferencia
1491,2025-01-10,106,Lucia Fernandez,TUCUMAN,Cable HDMI,Cables,$ 15.75,3.0,Debito
1492,2025-06-26,105,PEDRO GOMEZ,CORDOBA,Teclado Mecanico,Accesorios,$ 80.0,4.0,Efectivo
1493,2025-06-13,102,  marta Sanchez  ,ROSARIO,Laptop Pro,Electronica,$ 1200.5,3.0,Tarjeta Credito
1494,2025-07-03,104,Ana Lopez,Mendoza,Cable HDMI,Cables,$ 15.75,2.0,Tarjeta Credito
1495,2025-05-04,102,  marta Sanchez  ,ROSARIO,Silla Gamer,Muebles,$ 250.0,1.0,Transferencia
1496,2025-07-01,105,PEDRO GOMEZ,CORDOBA,Teclado Mecanico,Accesorios,$ 80.0,2.0,Transferencia
1497,2025-06-12,102,  marta Sanchez  ,ROSARIO,Cable HDMI,Cables,$ 15.75,5.0,Tarjeta Credito
1498,2025-06-30,106,Lucia Fernandez,TUCUMAN,Silla Gamer,Muebles,$ 250.0,5.0,Transferencia
1499,2025-06-08,104,Ana Lopez,Mendoza,Cable HDMI,Cables,$ 15.75,1.0,Transferencia
1500,11/01/2025,105,PEDRO GOMEZ,CORDOBA,Mouse Optico,Accesorios,$ 25.0,,Transferencia
1501,2025-04-01,102,  marta Sanchez  ,ROSARIO,Monitor 24',Electronica,$ 350.0,3.0,Tarjeta Credito
1502,2025-10-28,101,JUAN PEREZ,CORDOBA,Mouse Optico,Accesorios,$ 25.0,1.0,Efectivo
1503,2025-12-27,101,JUAN PEREZ,CORDOBA,Monitor 24',Electronica,$ 350.0,1.0,Efectivo
1504,2025-03-11,103,Luis Garcia.,CABA,Monitor 24',Electronica,$ 350.0,4.0,Debito
1505,2025-03-31,106,Lucia Fernandez,TUCUMAN,Monitor 24',Electronica,$ 350.0,5.0,Efectivo
1506,2025-10-29,102,  marta Sanchez  ,ROSARIO,Silla Gamer,Muebles,$ 250.0,3.0,Transferencia
1507,2025-01-01,102,  marta Sanchez  ,ROSARIO,Silla Gamer,Muebles,$ 250.0,4.0,Tarjeta Credito
1508,2025-06-12,102,  marta Sanchez  ,ROSARIO,Cable HDMI,Cables,$ 15.75,2.0,Tarjeta Credito
1509,2025-06-19,104,Ana Lopez,Mendoza,Mouse Optico,Accesorios,$ 25.0,3.0,Transferencia
1510,29/12/2025,106,Lucia Fernandez,TUCUMAN,Laptop Pro,Electronica,$ 1200.5,3.0,Debito
1511,2025-04-18,101,JUAN PEREZ,CORDOBA,Monitor 24',Electronica,$ 350.0,3.0,Tarjeta Credito
1512,2025-01-25,106,Lucia Fernandez,TUCUMAN,Laptop Pro,Electronica,$ 1200.5,2.0,Debito
1513,2025-06-29,104,Ana Lopez,Mendoza,Teclado Mecanico,Accesorios,$ 80.0,4.0,Transferencia
1514,2025-02-07,102,  marta Sanchez  ,ROSARIO,Teclado Mecanico,Accesorios,$ 80.0,1.0,Efectivo
1515,2025-02-07,103,Luis Garcia.,CABA,Laptop Pro,Electronica,$ 1200.5,2.0,Tarjeta Credito
1516,2025-06-23,105,PEDRO GOMEZ,CORDOBA,Laptop Pro,Electronica,$ 1200.5,4.0,Tarjeta Credito
1517,2025-03-26,104,Ana Lopez,Mendoza,Silla Gamer,Muebles,$ 250.0,1.0,Tarjeta Credito
1518,2025-04-08,103,Luis Garcia.,CABA,Mouse Optico,Accesorios,$ 25.0,5.0,Efectivo
1519,2025-06-02,106,Lucia Fernandez,TUCUMAN,Monitor 24',Electronica,$ 350.0,5.0,Debito
1520,04/07/2025,102,  marta Sanchez  ,ROSARIO,Laptop Pro,Electronica,,5.0,Debito
1521,2025-01-14,102,  marta Sanchez  ,ROSARIO,Laptop Pro,Electronica,$ 1200.5,1.0,Debito
1522,2025-07-23,101,JUAN PEREZ,CORDOBA,Monitor 24',Electronica,$ 350.0,3.0,Tarjeta Credito
1523,2025-07-18,106,Lucia Fernandez,TUCUMAN,Cable HDMI,Cables,$ 15.75,3.0,Transferencia
1524,2025-05-15,104,Ana Lopez,Mendoza,Laptop Pro,Electronica,$ 1200.5,3.0,Tarjeta Credito
1525,2025-12-08,102,  marta Sanchez  ,ROSARIO,Silla Gamer,Muebles,$ 250.0,5.0,Debito
1526,2025-10-11,105,PEDRO GOMEZ,CORDOBA,Mouse Optico,Accesorios,$ 25.0,5.0,Debito
1527,2025-09-01,105,PEDRO GOMEZ,CORDOBA,Silla Gamer,Muebles,$ 250.0,3.0,Tarjeta Credito
1528,2025-01-18,104,Ana Lopez,Mendoza,Silla Gamer,Muebles,$ 250.0,5.0,Transferencia
1529,2025-03-30,101,JUAN PEREZ,CORDOBA,Teclado Mecanico,Accesorios,$ 80.0,2.0,Transferencia
1530,05/08/2025,102,  marta Sanchez  ,ROSARIO,Laptop Pro,Electronica,$ 1200.5,2.0,Transferencia
1531,2025-06-13,105,PEDRO GOMEZ,CORDOBA,Monitor 24',Electronica,$ 350.0,1.0,Tarjeta Credito
1532,2025-07-23,104,Ana Lopez,Mendoza,Cable HDMI,Cables,$ 15.75,5.0,Debito
1533,2025-11-16,101,JUAN PEREZ,CORDOBA,Silla Gamer,Muebles,$ 250.0,1.0,Debito
1534,2025-10-18,102,  marta Sanchez  ,ROSARIO,Mouse Optico,Accesorios,$ 25.0,1.0,Tarjeta Credito
1535,2025-05-27,105,PEDRO GOMEZ,CORDOBA,Laptop Pro,Electronica,$ 1200.5,4.0,Efectivo
1536,2025-09-06,104,Ana Lopez,Mendoza,Silla Gamer,Muebles,$ 250.0,2.0,Efectivo
1537,2025-11-13,104,Ana Lopez,Mendoza,Mouse Optico,Accesorios,$ 25.0,1.0,Debito
1538,2025-05-02,103,Luis Garcia.,CABA,Silla Gamer,Muebles,,3.0,Efectivo
1539,2025-06-05,101,JUAN PEREZ,CORDOBA,Monitor 24',Electronica,$ 350.0,1.0,Transferencia
1540,15/08/2025,102,  marta Sanchez  ,ROSARIO,Monitor 24',Electronica,$ 350.0,4.0,Tarjeta Credito
1541,2025-04-19,102,  marta Sanchez  ,ROSARIO,Teclado Mecanico,Accesorios,$ 80.0,4.0,Efectivo
1542,2025-03-23,101,JUAN PEREZ,CORDOBA,Cable HDMI,Cables,$ 15.75,4.0,Transferencia
1543,2025-01-15,105,PEDRO GOMEZ,CORDOBA,Cable HDMI,Cables,$ 15.75,2.0,Tarjeta Credito
1544,2025-08-22,102,  marta Sanchez  ,ROSARIO,Laptop Pro,Electronica,$ 1200.5,2.0,Efectivo
1545,2025-09-16,103,Luis Garcia.,CABA,Teclado Mecanico,Accesorios,$ 80.0,1.0,Transferencia
1546,2025-11-01,103,Luis Garcia.,CABA,Teclado Mecanico,Accesorios,$ 80.0,4.0,Efectivo
1547,2025-05-13,103,Luis Garcia.,CABA,Mouse Optico,Accesorios,$ 25.0,3.0,Tarjeta Credito
1548,2025-03-25,104,Ana Lopez,Mendoza,Laptop Pro,Electronica,$ 1200.5,2.0,Transferencia
1549,2025-12-13,106,Lucia Fernandez,TUCUMAN,Mouse Optico,Accesorios,$ 25.0,5.0,Tarjeta Credito
1550,31/08/2025,106,Lucia Fernandez,TUCUMAN,Laptop Pro,Electronica,$ 1200.5,5.0,Tarjeta Credito
1551,2025-11-08,102,  marta Sanchez  ,ROSARIO,Monitor 24',Electronica,$ 350.0,3.0,Debito
1552,2025-08-24,104,Ana Lopez,Mendoza,Monitor 24',Electronica,$ 350.0,5.0,Debito
1553,2025-01-04,105,PEDRO GOMEZ,CORDOBA,Laptop Pro,Electronica,$ 1200.5,3.0,Efectivo
1554,2025-02-25,103,Luis Garcia.,CABA,Silla Gamer,Muebles,$ 250.0,3.0,Efectivo
1555,2025-12-02,103,Luis Garcia.,CABA,Monitor 24',Electronica,$ 350.0,3.0,Transferencia
1556,2025-05-04,102,  marta Sanchez  ,ROSARIO,Cable HDMI,Cables,$ 15.75,5.0,Debito
1557,2025-12-15,106,Lucia Fernandez,TUCUMAN,Monitor 24',Electronica,$ 350.0,4.0,Efectivo
1558,2025-07-27,103,Luis Garcia.,CABA,Teclado Mecanico,Accesorios,$ 80.0,5.0,Transferencia
1559,2026-01-01,103,Luis Garcia.,CABA,Silla Gamer,Muebles,$ 250.0,4.0,Efectivo
1560,29/03/2025,105,PEDRO GOMEZ,CORDOBA,Monitor 24',Electronica,$ 350.0,2.0,Efectivo
1561,2025-03-07,101,JUAN PEREZ,CORDOBA,Teclado Mecanico,Accesorios,$ 80.0,5.0,Transferencia
1562,2025-12-02,106,Lucia Fernandez,TUCUMAN,Monitor 24',Electronica,$ 350.0,3.0,Debito
1563,2025-05-14,103,Luis Garcia.,CABA,Monitor 24',Electronica,$ 350.0,1.0,Debito
1564,2025-10-26,101,JUAN PEREZ,CORDOBA,Silla Gamer,Muebles,$ 250.0,4.0,Transferencia
1565,2025-12-15,105,PEDRO GOMEZ,CORDOBA,Laptop Pro,Electronica,$ 1200.5,1.0,Transferencia
1566,2025-06-25,102,  marta Sanchez  ,ROSARIO,Mouse Optico,Accesorios,$ 25.0,4.0,Transferencia
1567,2025-04-03,103,Luis Garcia.,CABA,Silla Gamer,Muebles,$ 250.0,2.0,Efectivo
1568,2025-01-03,106,Lucia Fernandez,TUCUMAN,Laptop Pro,Electronica,$ 1200.5,2.0,Transferencia
1569,2025-03-08,104,Ana Lopez,Mendoza,Laptop Pro,Electronica,$ 1200.5,4.0,Debito
1570,03/01/2025,104,Ana Lopez,Mendoza,Teclado Mecanico,Accesorios,,3.0,Tarjeta Credito
1571,2025-04-08,103,Luis Garcia.,CABA,Cable HDMI,Cables,,,Transferencia
1572,2025-06-26,102,  marta Sanchez  ,ROSARIO,Silla Gamer,Muebles,$ 250.0,5.0,Efectivo
1573,2025-01-24,102,  marta Sanchez  ,ROSARIO,Laptop Pro,Electronica,$ 1200.5,5.0,Efectivo
1574,2025-03-10,104,Ana Lopez,Mendoza,Silla Gamer,Muebles,$ 250.0,3.0,Transferencia
1575,2025-01-10,102,  marta Sanchez  ,ROSARIO,Teclado Mecanico,Accesorios,$ 80.0,2.0,Transferencia
1576,2025-10-29,106,Lucia Fernandez,TUCUMAN,Laptop Pro,Electronica,$ 1200.5,1.0,Debito
1577,2025-10-01,106,Lucia Fernandez,TUCUMAN,Monitor 24',Electronica,$ 350.0,1.0,Tarjeta Credito
1578,2025-01-25,106,Lucia Fernandez,TUCUMAN,Laptop Pro,Electronica,$ 1200.5,4.0,Tarjeta Credito
1579,2025-08-31,105,PEDRO GOMEZ,CORDOBA,Monitor 24',Electronica,$ 350.0,1.0,Efectivo
1580,21/02/2025,104,Ana Lopez,Mendoza,Silla Gamer,Muebles,$ 250.0,5.0,Transferencia
1581,2025-09-19,104,Ana Lopez,Mendoza,Laptop Pro,Electronica,$ 1200.5,1.0,Tarjeta Credito
1582,2025-11-08,104,Ana Lopez,Mendoza,Mouse Optico,Accesorios,$ 25.0,5.0,Transferencia
1583,2025-07-29,103,Luis Garcia.,CABA,Silla Gamer,Muebles,$ 250.0,4.0,Transferencia
1584,2025-06-19,106,Lucia Fernandez,TUCUMAN,Teclado Mecanico,Accesorios,$ 80.0,,Tarjeta Credito
1585,2025-12-09,101,JUAN PEREZ,CORDOBA,Cable HDMI,Cables,$ 15.75,5.0,Tarjeta Credito
1586,2025-02-21,106,Lucia Fernandez,TUCUMAN,Silla Gamer,Muebles,$ 250.0,4.0,Efectivo
1587,2025-01-26,103,Luis Garcia.,CABA,Teclado Mecanico,Accesorios,$ 80.0,1.0,Efectivo
1588,2025-06-10,103,Luis Garcia.,CABA,Silla Gamer,Muebles,$ 250.0,1.0,Tarjeta Credito
1589,2025-11-28,102,  marta Sanchez  ,ROSARIO,Silla Gamer,Muebles,$ 250.0,4.0,Efectivo
1590,10/07/2025,106,Lucia Fernandez,TUCUMAN,Laptop Pro,Electronica,$ 1200.5,4.0,Debito
1591,2025-07-17,104,Ana Lopez,Mendoza,Monitor 24',Electronica,$ 350.0,4.0,Transferencia
1592,2025-12-23,101,JUAN PEREZ,CORDOBA,Mouse Optico,Accesorios,$ 25.0,2.0,Tarjeta Credito
1593,2025-09-05,104,Ana Lopez,Mendoza,Cable HDMI,Cables,$ 15.75,2.0,Debito
1594,2025-01-15,103,Luis Garcia.,CABA,Cable HDMI,Cables,$ 15.75,2.0,Debito
1595,2025-07-30,104,Ana Lopez,Mendoza,Laptop Pro,Electronica,$ 1200.5,3.0,Tarjeta Credito
1596,2025-09-26,106,Lucia Fernandez,TUCUMAN,Silla Gamer,Muebles,$ 250.0,5.0,Transferencia
1597,2025-09-23,106,Lucia Fernandez,TUCUMAN,Monitor 24',Electronica,$ 350.0,1.0,Debito
1598,2025-05-08,106,Lucia Fernandez,TUCUMAN,Silla Gamer,Muebles,$ 250.0,4.0,Transferencia
1599,2025-01-28,105,PEDRO GOMEZ,CORDOBA,Cable HDMI,Cables,,5.0,Debito
1600,08/02/2025,104,Ana Lopez,Mendoza,Mouse Optico,Accesorios,$ 25.0,3.0,Efectivo
1601,2025-04-25,101,JUAN PEREZ,CORDOBA,Cable HDMI,Cables,$ 15.75,2.0,Tarjeta Credito
1602,2025-10-21,104,Ana Lopez,Mendoza,Teclado Mecanico,Accesorios,$ 80.0,4.0,Efectivo
1603,2025-12-01,101,JUAN PEREZ,CORDOBA,Teclado Mecanico,Accesorios,,1.0,Tarjeta Credito
1604,2025-11-13,101,JUAN PEREZ,CORDOBA,Cable HDMI,Cables,$ 15.75,5.0,Transferencia
1605,2025-08-22,106,Lucia Fernandez,TUCUMAN,Silla Gamer,Muebles,$ 250.0,1.0,Transferencia
1606,2025-10-14,104,Ana Lopez,Mendoza,Monitor 24',Electronica,$ 350.0,3.0,Debito
1607,2025-12-04,101,JUAN PEREZ,CORDOBA,Laptop Pro,Electronica,$ 1200.5,3.0,Efectivo
1608,2025-01-24,106,Lucia Fernandez,TUCUMAN,Laptop Pro,Electronica,$ 1200.5,4.0,Tarjeta Credito
1609,2025-04-11,103,Luis Garcia.,CABA,Cable HDMI,Cables,$ 15.75,4.0,Transferencia
1610,23/06/2025,104,Ana Lopez,Mendoza,Mouse Optico,Accesorios,$ 25.0,5.0,Tarjeta Credito
1611,2025-12-04,104,Ana Lopez,Mendoza,Teclado Mecanico,Accesorios,$ 80.0,4.0,Tarjeta Credito
1612,2025-01-25,105,PEDRO GOMEZ,CORDOBA,Silla Gamer,Muebles,$ 250.0,5.0,Debito
1613,2025-12-21,105,PEDRO GOMEZ,CORDOBA,Mouse Optico,Accesorios,$ 25.0,2.0,Tarjeta Credito
1614,2025-11-04,104,Ana Lopez,Mendoza,Silla Gamer,Muebles,$ 250.0,4.0,Debito
1615,2025-05-08,105,PEDRO GOMEZ,CORDOBA,Silla Gamer,Muebles,$ 250.0,3.0,Debito
1616,2025-07-31,102,  marta Sanchez  ,ROSARIO,Mouse Optico,Accesorios,$ 25.0,5.0,Efectivo
1617,2025-06-10,106,Lucia Fernandez,TUCUMAN,Cable HDMI,Cables,$ 15.75,2.0,Transferencia
1618,2026-01-01,102,  marta Sanchez  ,ROSARIO,Cable HDMI,Cables,$ 15.75,2.0,Transferencia
1619,2025-12-22,105,PEDRO GOMEZ,CORDOBA,Cable HDMI,Cables,$ 15.75,3.0,Debito
1620,08/12/2025,105,PEDRO GOMEZ,CORDOBA,Cable HDMI,Cables,$ 15.75,5.0,Efectivo
1621,2025-09-25,104,Ana Lopez,Mendoza,Laptop Pro,Electronica,$ 1200.5,1.0,Tarjeta Credito
1622,2025-03-24,102,  marta Sanchez  ,ROSARIO,Monitor 24',Electronica,$ 350.0,2.0,Tarjeta Credito
1623,2025-04-15,106,Lucia Fernandez,TUCUMAN,Monitor 24',Electronica,$ 350.0,4.0,Tarjeta Credito
1624,2025-10-15,105,PEDRO GOMEZ,CORDOBA,Silla Gamer,Muebles,$ 250.0,5.0,Debito
1625,2025-12-23,102,  marta Sanchez  ,ROSARIO,Cable HDMI,Cables,$ 15.75,4.0,Debito
1626,2025-06-10,104,Ana Lopez,Mendoza,Silla Gamer,Muebles,$ 250.0,3.0,Transferencia
1627,2025-04-26,105,PEDRO GOMEZ,CORDOBA,Teclado Mecanico,Accesorios,$ 80.0,3.0,Transferencia
1628,2025-05-31,106,Lucia Fernandez,TUCUMAN,Mouse Optico,Accesorios,$ 25.0,1.0,Transferencia
1629,2025-09-21,102,  marta Sanchez  ,ROSARIO,Silla Gamer,Muebles,$ 250.0,3.0,Efectivo
1630,27/10/2025,102,  marta Sanchez  ,ROSARIO,Mouse Optico,Accesorios,$ 25.0,,Debito
1631,2025-01-21,106,Lucia Fernandez,TUCUMAN,Mouse Optico,Accesorios,$ 25.0,1.0,Efectivo
1632,2025-10-09,104,Ana Lopez,Mendoza,Cable HDMI,Cables,$ 15.75,3.0,Transferencia
1633,2025-02-04,102,  marta Sanchez  ,ROSARIO,Cable HDMI,Cables,$ 15.75,5.0,Debito
1634,2025-04-24,101,JUAN PEREZ,CORDOBA,Monitor 24',Electronica,$ 350.0,3.0,Efectivo
1635,2025-11-13,103,Luis Garcia.,CABA,Mouse Optico,Accesorios,$ 25.0,1.0,Tarjeta Credito
1636,2025-08-17,106,Lucia Fernandez,TUCUMAN,Monitor 24',Electronica,$ 350.0,5.0,Transferencia
1637,2025-06-14,101,JUAN PEREZ,CORDOBA,Silla Gamer,Muebles,$ 250.0,1.0,Debito
1638,2025-05-25,103,Luis Garcia.,CABA,Cable HDMI,Cables,,3.0,Debito
1639,2025-06-01,104,Ana Lopez,Mendoza,Laptop Pro,Electronica,$ 1200.5,5.0,Tarjeta Credito
1640,03/10/2025,101,JUAN PEREZ,CORDOBA,Mouse Optico,Accesorios,$ 25.0,2.0,Transferencia
1641,2025-02-23,106,Lucia Fernandez,TUCUMAN,Teclado Mecanico,Accesorios,$ 80.0,4.0,Tarjeta Credito
1642,2025-03-20,106,Lucia Fernandez,TUCUMAN,Silla Gamer,Muebles,,1.0,Tarjeta Credito
1643,2025-04-02,101,JUAN PEREZ,CORDOBA,Laptop Pro,Electronica,$ 1200.5,5.0,Transferencia
1644,2025-07-18,103,Luis Garcia.,CABA,Teclado Mecanico,Accesorios,$ 80.0,3.0,Tarjeta Credito
1645,2025-03-02,104,Ana Lopez,Mendoza,Silla Gamer,Muebles,$ 250.0,5.0,Tarjeta Credito
1646,2025-01-24,106,Lucia Fernandez,TUCUMAN,Cable HDMI,Cables,$ 15.75,5.0,Tarjeta Credito
1647,2025-06-04,103,Luis Garcia.,CABA,Silla Gamer,Muebles,$ 250.0,4.0,Debito
1648,2025-01-16,104,Ana Lopez,Mendoza,Silla Gamer,Muebles,$ 250.0,2.0,Debito
1649,2025-11-21,105,PEDRO GOMEZ,CORDOBA,Monitor 24',Electronica,$ 350.0,3.0,Tarjeta Credito
1650,14/03/2025,105,PEDRO GOMEZ,CORDOBA,Cable HDMI,Cables,$ 15.75,,Debito
1651,2025-02-13,105,PEDRO GOMEZ,CORDOBA,Cable HDMI,Cables,$ 15.75,3.0,Transferencia
1652,2025-09-20,104,Ana Lopez,Mendoza,Silla Gamer,Muebles,$ 250.0,5.0,Efectivo
1653,2025-04-03,102,  marta Sanchez  ,ROSARIO,Laptop Pro,Electronica,$ 1200.5,1.0,Debito
1654,2025-02-07,106,Lucia Fernandez,TUCUMAN,Cable HDMI,Cables,$ 15.75,1.0,Transferencia
1655,2025-09-07,106,Lucia Fernandez,TUCUMAN,Cable HDMI,Cables,$ 15.75,2.0,Tarjeta Credito
1656,2025-02-05,103,Luis Garcia.,CABA,Cable HDMI,Cables,$ 15.75,4.0,Efectivo
1657,2025-06-06,105,PEDRO GOMEZ,CORDOBA,Silla Gamer,Muebles,$ 250.0,5.0,Efectivo
1658,2025-03-28,103,Luis Garcia.,CABA,Teclado Mecanico,Accesorios,,2.0,Debito
1659,2025-03-10,103,Luis Garcia.,CABA,Monitor 24',Electronica,$ 350.0,4.0,Debito
1660,06/06/2025,104,Ana Lopez,Mendoza,Monitor 24',Electronica,$ 350.0,5.0,Tarjeta Credito
1661,2025-10-03,103,Luis Garcia.,CABA,Mouse Optico,Accesorios,$ 25.0,1.0,Tarjeta Credito
1662,2025-11-20,101,JUAN PEREZ,CORDOBA,Cable HDMI,Cables,,4.0,Transferencia
1663,2025-05-14,101,JUAN PEREZ,CORDOBA,Cable HDMI,Cables,$ 15.75,4.0,Transferencia
1664,2025-04-25,103,Luis Garcia.,CABA,Teclado Mecanico,Accesorios,$ 80.0,3.0,Transferencia
1665,2025-09-19,104,Ana Lopez,Mendoza,Cable HDMI,Cables,$ 15.75,1.0,Transferencia
1666,2025-03-26,105,PEDRO GOMEZ,CORDOBA,Silla Gamer,Muebles,$ 250.0,2.0,Transferencia
1667,2025-12-04,105,PEDRO GOMEZ,CORDOBA,Cable HDMI,Cables,$ 15.75,4.0,Efectivo
1668,2025-09-07,101,JUAN PEREZ,CORDOBA,Mouse Optico,Accesorios,$ 25.0,2.0,Tarjeta Credito
1669,2025-09-23,106,Lucia Fernandez,TUCUMAN,Mouse Optico,Accesorios,$ 25.0,4.0,Debito
1670,29/11/2025,101,JUAN PEREZ,CORDOBA,Laptop Pro,Electronica,$ 1200.5,5.0,Efectivo
1671,2025-10-24,106,Lucia Fernandez,TUCUMAN,Monitor 24',Electronica,$ 350.0,4.0,Efectivo
1672,2025-02-09,105,PEDRO GOMEZ,CORDOBA,Silla Gamer,Muebles,$ 250.0,2.0,Debito
1673,2025-09-07,103,Luis Garcia.,CABA,Monitor 24',Electronica,$ 350.0,1.0,Transferencia
1674,2025-04-28,104,Ana Lopez,Mendoza,Mouse Optico,Accesorios,$ 25.0,2.0,Transferencia
1675,2025-07-05,102,  marta Sanchez  ,ROSARIO,Mouse Optico,Accesorios,$ 25.0,2.0,Debito
1676,2025-02-28,103,Luis Garcia.,CABA,Silla Gamer,Muebles,$ 250.0,2.0,Transferencia
1677,2025-01-12,106,Lucia Fernandez,TUCUMAN,Teclado Mecanico,Accesorios,$ 80.0,5.0,Transferencia
1678,2025-09-20,102,  marta Sanchez  ,ROSARIO,Silla Gamer,Muebles,,1.0,Transferencia
1679,2025-09-22,103,Luis Garcia.,CABA,Mouse Optico,Accesorios,$ 25.0,5.0,Tarjeta Credito
1680,05/12/2025,106,Lucia Fernandez,TUCUMAN,Silla Gamer,Muebles,$ 250.0,2.0,Debito
1681,2025-09-04,105,PEDRO GOMEZ,CORDOBA,Teclado Mecanico,Accesorios,$ 80.0,5.0,Transferencia
1682,2025-11-16,105,PEDRO GOMEZ,CORDOBA,Mouse Optico,Accesorios,$ 25.0,3.0,Debito
1683,2025-02-05,105,PEDRO GOMEZ,CORDOBA,Cable HDMI,Cables,$ 15.75,1.0,Tarjeta Credito
1684,2025-09-16,102,  marta Sanchez  ,ROSARIO,Cable HDMI,Cables,$ 15.75,5.0,Tarjeta Credito
1685,2025-11-11,102,  marta Sanchez  ,ROSARIO,Teclado Mecanico,Accesorios,$ 80.0,5.0,Tarjeta Credito
1686,2025-12-04,101,JUAN PEREZ,CORDOBA,Teclado Mecanico,Accesorios,$ 80.0,1.0,Debito
1687,2025-07-09,105,PEDRO GOMEZ,CORDOBA,Teclado Mecanico,Accesorios,$ 80.0,4.0,Transferencia
1688,2025-06-29,104,Ana Lopez,Mendoza,Teclado Mecanico,Accesorios,$ 80.0,5.0,Tarjeta Credito
1689,2025-05-11,104,Ana Lopez,Mendoza,Mouse Optico,Accesorios,$ 25.0,1.0,Efectivo
1690,29/07/2025,105,PEDRO GOMEZ,CORDOBA,Cable HDMI,Cables,$ 15.75,,Tarjeta Credito
1691,2025-03-02,105,PEDRO GOMEZ,CORDOBA,Cable HDMI,Cables,$ 15.75,2.0,Efectivo
1692,2025-02-24,104,Ana Lopez,Mendoza,Monitor 24',Electronica,$ 350.0,3.0,Efectivo
1693,2025-10-17,105,PEDRO GOMEZ,CORDOBA,Teclado Mecanico,Accesorios,$ 80.0,4.0,Transferencia
1694,2025-10-13,104,Ana Lopez,Mendoza,Cable HDMI,Cables,$ 15.75,5.0,Debito
1695,2025-10-23,103,Luis Garcia.,CABA,Monitor 24',Electronica,$ 350.0,2.0,Tarjeta Credito
1696,2025-08-17,106,Lucia Fernandez,TUCUMAN,Mouse Optico,Accesorios,$ 25.0,1.0,Transferencia
1697,2025-06-23,105,PEDRO GOMEZ,CORDOBA,Teclado Mecanico,Accesorios,$ 80.0,1.0,Transferencia
1698,2025-01-03,104,Ana Lopez,Mendoza,Silla Gamer,Muebles,$ 250.0,4.0,Debito
1699,2025-05-15,101,JUAN PEREZ,CORDOBA,Laptop Pro,Electronica,$ 1200.5,1.0,Debito
1700,02/12/2025,104,Ana Lopez,Mendoza,Cable HDMI,Cables,$ 15.75,5.0,Tarjeta Credito
1701,2025-09-11,102,  marta Sanchez  ,ROSARIO,Silla Gamer,Muebles,$ 250.0,5.0,Efectivo
1702,2025-11-03,102,  marta Sanchez  ,ROSARIO,Laptop Pro,Electronica,$ 1200.5,5.0,Transferencia
1703,2025-07-04,106,Lucia Fernandez,TUCUMAN,Laptop Pro,Electronica,$ 1200.5,,Transferencia
1704,2025-07-24,101,JUAN PEREZ,CORDOBA,Monitor 24',Electronica,$ 350.0,5.0,Transferencia
1705,2025-12-27,105,PEDRO GOMEZ,CORDOBA,Laptop Pro,Electronica,$ 1200.5,3.0,Efectivo
1706,2025-04-26,103,Luis Garcia.,CABA,Monitor 24',Electronica,$ 350.0,4.0,Tarjeta Credito
1707,2025-07-28,103,Luis Garcia.,CABA,Mouse Optico,Accesorios,$ 25.0,5.0,Efectivo
1708,2025-09-20,103,Luis Garcia.,CABA,Laptop Pro,Electronica,$ 1200.5,5.0,Efectivo
1709,2025-07-13,106,Lucia Fernandez,TUCUMAN,Teclado Mecanico,Accesorios,$ 80.0,3.0,Debito
1710,28/10/2025,106,Lucia Fernandez,TUCUMAN,Teclado Mecanico,Accesorios,$ 80.0,3.0,Tarjeta Credito
1711,2025-04-23,104,Ana Lopez,Mendoza,Silla Gamer,Muebles,$ 250.0,3.0,Debito
1712,2025-10-02,103,Luis Garcia.,CABA,Cable HDMI,Cables,,2.0,Efectivo
1713,2025-12-11,101,JUAN PEREZ,CORDOBA,Teclado Mecanico,Accesorios,$ 80.0,5.0,Transferencia
1714,2025-07-01,104,Ana Lopez,Mendoza,Monitor 24',Electronica,$ 350.0,2.0,Transferencia
1715,2025-04-13,104,Ana Lopez,Mendoza,Silla Gamer,Muebles,$ 250.0,3.0,Transferencia
1716,2025-05-08,102,  marta Sanchez  ,ROSARIO,Mouse Optico,Accesorios,$ 25.0,1.0,Tarjeta Credito
1717,2025-12-06,101,JUAN PEREZ,CORDOBA,Silla Gamer,Muebles,$ 250.0,,Tarjeta Credito
1718,2025-11-14,104,Ana Lopez,Mendoza,Monitor 24',Electronica,$ 350.0,5.0,Efectivo
1719,2025-09-19,104,Ana Lopez,Mendoza,Mouse Optico,Accesorios,$ 25.0,5.0,Transferencia
1720,05/08/2025,101,JUAN PEREZ,CORDOBA,Cable HDMI,Cables,$ 15.75,5.0,Efectivo
1721,2025-03-31,104,Ana Lopez,Mendoza,Silla Gamer,Muebles,$ 250.0,5.0,Debito
1722,2025-01-05,103,Luis Garcia.,CABA,Silla Gamer,Muebles,,5.0,Tarjeta Credito
1723,2025-11-10,103,Luis Garcia.,CABA,Monitor 24',Electronica,$ 350.0,3.0,Transferencia
1724,2025-11-10,103,Luis Garcia.,CABA,Teclado Mecanico,Accesorios,$ 80.0,4.0,Transferencia
1725,2025-07-10,104,Ana Lopez,Mendoza,Silla Gamer,Muebles,$ 250.0,4.0,Transferencia
1726,2025-10-22,105,PEDRO GOMEZ,CORDOBA,Mouse Optico,Accesorios,$ 25.0,3.0,Transferencia
1727,2025-07-15,105,PEDRO GOMEZ,CORDOBA,Teclado Mecanico,Accesorios,$ 80.0,2.0,Debito
1728,2025-08-04,101,JUAN PEREZ,CORDOBA,Mouse Optico,Accesorios,$ 25.0,5.0,Efectivo
1729,2025-05-09,104,Ana Lopez,Mendoza,Monitor 24',Electronica,$ 350.0,4.0,Tarjeta Credito
1730,31/01/2025,106,Lucia Fernandez,TUCUMAN,Mouse Optico,Accesorios,$ 25.0,1.0,Debito
1731,2025-05-14,106,Lucia Fernandez,TUCUMAN,Monitor 24',Electronica,$ 350.0,3.0,Efectivo
1732,2025-03-04,101,JUAN PEREZ,CORDOBA,Teclado Mecanico,Accesorios,$ 80.0,5.0,Transferencia
1733,2025-11-29,105,PEDRO GOMEZ,CORDOBA,Cable HDMI,Cables,$ 15.75,3.0,Efectivo
1734,2025-09-19,103,Luis Garcia.,CABA,Silla Gamer,Muebles,$ 250.0,1.0,Debito
1735,2025-08-26,105,PEDRO GOMEZ,CORDOBA,Monitor 24',Electronica,$ 350.0,2.0,Efectivo
1736,2025-11-10,104,Ana Lopez,Mendoza,Silla Gamer,Muebles,$ 250.0,1.0,Tarjeta Credito
1737,2025-04-27,102,  marta Sanchez  ,ROSARIO,Monitor 24',Electronica,$ 350.0,3.0,Debito
1738,2025-07-05,103,Luis Garcia.,CABA,Teclado Mecanico,Accesorios,$ 80.0,4.0,Debito
1739,2025-01-12,102,  marta Sanchez  ,ROSARIO,Mouse Optico,Accesorios,$ 25.0,3.0,Tarjeta Credito
1740,23/07/2025,102,  marta Sanchez  ,ROSARIO,Mouse Optico,Accesorios,$ 25.0,4.0,Tarjeta Credito
1741,2025-09-26,101,JUAN PEREZ,CORDOBA,Teclado Mecanico,Accesorios,$ 80.0,3.0,Transferencia
1742,2025-07-19,101,JUAN PEREZ,CORDOBA,Silla Gamer,Muebles,$ 250.0,3.0,Debito
1743,2025-03-09,106,Lucia Fernandez,TUCUMAN,Mouse Optico,Accesorios,$ 25.0,1.0,Efectivo
1744,2025-08-28,103,Luis Garcia.,CABA,Teclado Mecanico,Accesorios,$ 80.0,3.0,Debito
1745,2025-10-04,102,  marta Sanchez  ,ROSARIO,Silla Gamer,Muebles,$ 250.0,5.0,Debito
1746,2025-11-24,105,PEDRO GOMEZ,CORDOBA,Silla Gamer,Muebles,$ 250.0,4.0,Transferencia
1747,2025-06-07,101,JUAN PEREZ,CORDOBA,Teclado Mecanico,Accesorios,$ 80.0,3.0,Tarjeta Credito
1748,2025-03-11,101,JUAN PEREZ,CORDOBA,Cable HDMI,Cables,$ 15.75,1.0,Debito
1749,2025-01-05,104,Ana Lopez,Mendoza,Monitor 24',Electronica,$ 350.0,5.0,Transferencia
1750,11/07/2025,101,JUAN PEREZ,CORDOBA,Cable HDMI,Cables,$ 15.75,4.0,Debito
1751,2025-11-27,102,  marta Sanchez  ,ROSARIO,Mouse Optico,Accesorios,$ 25.0,3.0,Tarjeta Credito
1752,2025-05-03,104,Ana Lopez,Mendoza,Silla Gamer,Muebles,$ 250.0,5.0,Efectivo
1753,2025-09-30,103,Luis Garcia.,CABA,Silla Gamer,Muebles,$ 250.0,1.0,Transferencia
1754,2025-02-26,102,  marta Sanchez  ,ROSARIO,Monitor 24',Electronica,$ 350.0,3.0,Debito
1755,2025-01-10,102,  marta Sanchez  ,ROSARIO,Monitor 24',Electronica,$ 350.0,1.0,Transferencia
1756,2025-05-18,101,JUAN PEREZ,CORDOBA,Monitor 24',Electronica,$ 350.0,1.0,Transferencia
1757,2025-01-08,101,JUAN PEREZ,CORDOBA,Mouse Optico,Accesorios,$ 25.0,3.0,Debito
1758,2025-12-23,103,Luis Garcia.,CABA,Teclado Mecanico,Accesorios,$ 80.0,2.0,Tarjeta Credito
1759,2025-02-06,103,Luis Garcia.,CABA,Teclado Mecanico,Accesorios,$ 80.0,3.0,Debito
1760,01/01/2026,101,JUAN PEREZ,CORDOBA,Laptop Pro,Electronica,$ 1200.5,4.0,Transferencia
1761,2025-04-12,106,Lucia Fernandez,TUCUMAN,Laptop Pro,Electronica,$ 1200.5,5.0,Transferencia
1762,2025-12-15,104,Ana Lopez,Mendoza,Teclado Mecanico,Accesorios,$ 80.0,2.0,Tarjeta Credito
1763,2025-09-24,106,Lucia Fernandez,TUCUMAN,Cable HDMI,Cables,$ 15.75,3.0,Transferencia
1764,2025-12-08,103,Luis Garcia.,CABA,Laptop Pro,Electronica,$ 1200.5,4.0,Efectivo
1765,2025-05-22,101,JUAN PEREZ,CORDOBA,Mouse Optico,Accesorios,$ 25.0,2.0,Tarjeta Credito
1766,2025-12-20,101,JUAN PEREZ,CORDOBA,Cable HDMI,Cables,$ 15.75,3.0,Tarjeta Credito
1767,2025-09-13,102,  marta Sanchez  ,ROSARIO,Mouse Optico,Accesorios,$ 25.0,1.0,Tarjeta Credito
1768,2025-03-20,103,Luis Garcia.,CABA,Silla Gamer,Muebles,$ 250.0,2.0,Debito
1769,2025-10-13,102,  marta Sanchez  ,ROSARIO,Monitor 24',Electronica,$ 350.0,4.0,Transferencia
1770,13/07/2025,101,JUAN PEREZ,CORDOBA,Silla Gamer,Muebles,$ 250.0,1.0,Debito
1771,2025-10-14,106,Lucia Fernandez,TUCUMAN,Teclado Mecanico,Accesorios,$ 80.0,2.0,Transferencia
1772,2025-06-15,105,PEDRO GOMEZ,CORDOBA,Monitor 24',Electronica,$ 350.0,5.0,Transferencia
1773,2025-03-21,101,JUAN PEREZ,CORDOBA,Cable HDMI,Cables,$ 15.75,5.0,Efectivo
1774,2025-11-23,104,Ana Lopez,Mendoza,Laptop Pro,Electronica,$ 1200.5,1.0,Efectivo
1775,2025-06-14,105,PEDRO GOMEZ,CORDOBA,Mouse Optico,Accesorios,$ 25.0,5.0,Debito
1776,2025-12-16,102,  marta Sanchez  ,ROSARIO,Cable HDMI,Cables,$ 15.75,5.0,Efectivo
1777,2025-11-25,103,Luis Garcia.,CABA,Teclado Mecanico,Accesorios,$ 80.0,1.0,Tarjeta Credito
1778,2025-01-17,102,  marta Sanchez  ,ROSARIO,Mouse Optico,Accesorios,$ 25.0,1.0,Tarjeta Credito
1779,2025-07-18,105,PEDRO GOMEZ,CORDOBA,Silla Gamer,Muebles,$ 250.0,5.0,Efectivo
1780,24/04/2025,101,JUAN PEREZ,CORDOBA,Monitor 24',Electronica,$ 350.0,2.0,Debito
1781,2025-11-24,101,JUAN PEREZ,CORDOBA,Teclado Mecanico,Accesorios,$ 80.0,4.0,Efectivo
1782,2025-11-12,106,Lucia Fernandez,TUCUMAN,Laptop Pro,Electronica,$ 1200.5,1.0,Efectivo
1783,2025-09-23,101,JUAN PEREZ,CORDOBA,Mouse Optico,Accesorios,$ 25.0,5.0,Debito
1784,2025-09-27,102,  marta Sanchez  ,ROSARIO,Mouse Optico,Accesorios,$ 25.0,2.0,Debito
1785,2025-11-23,106,Lucia Fernandez,TUCUMAN,Laptop Pro,Electronica,$ 1200.5,4.0,Tarjeta Credito
1786,2025-10-09,102,  marta Sanchez  ,ROSARIO,Mouse Optico,Accesorios,$ 25.0,2.0,Debito
1787,2025-10-09,103,Luis Garcia.,CABA,Monitor 24',Electronica,$ 350.0,3.0,Debito
1788,2025-06-15,106,Lucia Fernandez,TUCUMAN,Teclado Mecanico,Accesorios,$ 80.0,2.0,Debito
1789,2025-05-11,105,PEDRO GOMEZ,CORDOBA,Silla Gamer,Muebles,$ 250.0,4.0,Tarjeta Credito
1790,26/05/2025,106,Lucia Fernandez,TUCUMAN,Laptop Pro,Electronica,$ 1200.5,3.0,Tarjeta Credito
1791,2025-04-20,103,Luis Garcia.,CABA,Mouse Optico,Accesorios,$ 25.0,3.0,Transferencia
1792,2025-08-24,101,JUAN PEREZ,CORDOBA,Laptop Pro,Electronica,$ 1200.5,3.0,Transferencia
1793,2025-06-03,102,  marta Sanchez  ,ROSARIO,Monitor 24',Electronica,$ 350.0,2.0,Tarjeta Credito
1794,2025-09-05,106,Lucia Fernandez,TUCUMAN,Monitor 24',Electronica,$ 350.0,5.0,Tarjeta Credito
1795,2025-06-03,105,PEDRO GOMEZ,CORDOBA,Silla Gamer,Muebles,,4.0,Tarjeta Credito
1796,2025-06-28,101,JUAN PEREZ,CORDOBA,Monitor 24',Electronica,$ 350.0,1.0,Transferencia
1797,2025-11-05,106,Lucia Fernandez,TUCUMAN,Silla Gamer,Muebles,$ 250.0,4.0,Tarjeta Credito
1798,2025-01-22,103,Luis Garcia.,CABA,Cable HDMI,Cables,$ 15.75,3.0,Transferencia
1799,2025-12-11,102,  marta Sanchez  ,ROSARIO,Laptop Pro,Electronica,$ 1200.5,4.0,Tarjeta Credito
1800,29/05/2025,102,  marta Sanchez  ,ROSARIO,Teclado Mecanico,Accesorios,$ 80.0,3.0,Tarjeta Credito
1801,2025-01-26,104,Ana Lopez,Mendoza,Cable HDMI,Cables,$ 15.75,4.0,Debito
1802,2025-03-11,106,Lucia Fernandez,TUCUMAN,Mouse Optico,Accesorios,$ 25.0,4.0,Transferencia
1803,2025-09-26,105,PEDRO GOMEZ,CORDOBA,Cable HDMI,Cables,$ 15.75,4.0,Efectivo
1804,2025-02-15,106,Lucia Fernandez,TUCUMAN,Cable HDMI,Cables,$ 15.75,3.0,Efectivo
1805,2025-06-26,102,  marta Sanchez  ,ROSARIO,Monitor 24',Electronica,$ 350.0,3.0,Transferencia
1806,2025-08-15,103,Luis Garcia.,CABA,Cable HDMI,Cables,$ 15.75,2.0,Transferencia
1807,2025-03-21,106,Lucia Fernandez,TUCUMAN,Monitor 24',Electronica,$ 350.0,1.0,Tarjeta Credito
1808,2025-03-17,102,  marta Sanchez  ,ROSARIO,Cable HDMI,Cables,$ 15.75,1.0,Efectivo
1809,2025-06-06,106,Lucia Fernandez,TUCUMAN,Laptop Pro,Electronica,$ 1200.5,2.0,Transferencia
1810,25/09/2025,102,  marta Sanchez  ,ROSARIO,Cable HDMI,Cables,$ 15.75,5.0,Transferencia
1811,2025-12-09,106,Lucia Fernandez,TUCUMAN,Silla Gamer,Muebles,,5.0,Tarjeta Credito
1812,2025-01-31,103,Luis Garcia.,CABA,Mouse Optico,Accesorios,$ 25.0,5.0,Efectivo
1813,2025-12-02,101,JUAN PEREZ,CORDOBA,Teclado Mecanico,Accesorios,$ 80.0,3.0,Efectivo
1814,2025-05-30,101,JUAN PEREZ,CORDOBA,Laptop Pro,Electronica,$ 1200.5,2.0,Debito
1815,2025-02-20,105,PEDRO GOMEZ,CORDOBA,Silla Gamer,Muebles,$ 250.0,5.0,Tarjeta Credito
1816,2025-09-14,102,  marta Sanchez  ,ROSARIO,Mouse Optico,Accesorios,$ 25.0,1.0,Tarjeta Credito
1817,2025-06-06,102,  marta Sanchez  ,ROSARIO,Cable HDMI,Cables,$ 15.75,2.0,Tarjeta Credito
1818,2025-06-30,103,Luis Garcia.,CABA,Silla Gamer,Muebles,$ 250.0,5.0,Efectivo
1819,2025-05-12,101,JUAN PEREZ,CORDOBA,Silla Gamer,Muebles,$ 250.0,1.0,Efectivo
1820,24/06/2025,102,  marta Sanchez  ,ROSARIO,Mouse Optico,Accesorios,$ 25.0,1.0,Debito
1821,2025-11-10,105,PEDRO GOMEZ,CORDOBA,Silla Gamer,Muebles,$ 250.0,4.0,Transferencia
1822,2025-08-07,105,PEDRO GOMEZ,CORDOBA,Mouse Optico,Accesorios,$ 25.0,3.0,Debito
1823,2025-04-16,105,PEDRO GOMEZ,CORDOBA,Mouse Optico,Accesorios,$ 25.0,2.0,Transferencia
1824,2025-12-28,103,Luis Garcia.,CABA,Silla Gamer,Muebles,$ 250.0,4.0,Transferencia
1825,2025-03-22,106,Lucia Fernandez,TUCUMAN,Cable HDMI,Cables,$ 15.75,1.0,Transferencia
1826,2025-01-16,103,Luis Garcia.,CABA,Mouse Optico,Accesorios,$ 25.0,4.0,Debito
1827,2025-11-23,103,Luis Garcia.,CABA,Teclado Mecanico,Accesorios,$ 80.0,2.0,Tarjeta Credito
1828,2025-01-14,102,  marta Sanchez  ,ROSARIO,Mouse Optico,Accesorios,$ 25.0,3.0,Transferencia
1829,2025-04-29,105,PEDRO GOMEZ,CORDOBA,Mouse Optico,Accesorios,$ 25.0,4.0,Transferencia
1830,29/08/2025,105,PEDRO GOMEZ,CORDOBA,Cable HDMI,Cables,$ 15.75,4.0,Debito
1831,2025-03-25,104,Ana Lopez,Mendoza,Mouse Optico,Accesorios,$ 25.0,1.0,Efectivo
1832,2025-12-10,104,Ana Lopez,Mendoza,Mouse Optico,Accesorios,$ 25.0,1.0,Transferencia
1833,2025-09-08,104,Ana Lopez,Mendoza,Cable HDMI,Cables,$ 15.75,2.0,Debito
1834,2025-11-08,104,Ana Lopez,Mendoza,Laptop Pro,Electronica,$ 1200.5,3.0,Debito
1835,2025-10-20,105,PEDRO GOMEZ,CORDOBA,Silla Gamer,Muebles,$ 250.0,1.0,Tarjeta Credito
1836,2025-01-22,104,Ana Lopez,Mendoza,Teclado Mecanico,Accesorios,$ 80.0,5.0,Debito
1837,2025-10-13,106,Lucia Fernandez,TUCUMAN,Laptop Pro,Electronica,$ 1200.5,1.0,Transferencia
1838,2025-07-23,103,Luis Garcia.,CABA,Teclado Mecanico,Accesorios,$ 80.0,3.0,Debito
1839,2025-05-31,102,  marta Sanchez  ,ROSARIO,Teclado Mecanico,Accesorios,$ 80.0,5.0,Transferencia
1840,20/08/2025,104,Ana Lopez,Mendoza,Silla Gamer,Muebles,$ 250.0,2.0,Transferencia
1841,2025-06-15,104,Ana Lopez,Mendoza,Teclado Mecanico,Accesorios,$ 80.0,5.0,Transferencia
1842,2025-05-09,104,Ana Lopez,Mendoza,Laptop Pro,Electronica,$ 1200.5,2.0,Tarjeta Credito
1843,2025-12-28,101,JUAN PEREZ,CORDOBA,Laptop Pro,Electronica,$ 1200.5,5.0,Debito
1844,2025-11-10,106,Lucia Fernandez,TUCUMAN,Cable HDMI,Cables,$ 15.75,4.0,Tarjeta Credito
1845,2025-10-17,102,  marta Sanchez  ,ROSARIO,Monitor 24',Electronica,$ 350.0,2.0,Transferencia
1846,2025-01-27,102,  marta Sanchez  ,ROSARIO,Silla Gamer,Muebles,$ 250.0,4.0,Efectivo
1847,2025-03-02,106,Lucia Fernandez,TUCUMAN,Mouse Optico,Accesorios,$ 25.0,1.0,Efectivo
1848,2025-09-12,101,JUAN PEREZ,CORDOBA,Teclado Mecanico,Accesorios,$ 80.0,1.0,Debito
1849,2025-10-29,102,  marta Sanchez  ,ROSARIO,Mouse Optico,Accesorios,$ 25.0,4.0,Tarjeta Credito
1850,04/01/2025,105,PEDRO GOMEZ,CORDOBA,Cable HDMI,Cables,$ 15.75,5.0,Transferencia
1851,2025-03-17,101,JUAN PEREZ,CORDOBA,Mouse Optico,Accesorios,$ 25.0,2.0,Tarjeta Credito
1852,2025-11-05,106,Lucia Fernandez,TUCUMAN,Cable HDMI,Cables,$ 15.75,1.0,Tarjeta Credito
1853,2025-03-24,104,Ana Lopez,Mendoza,Mouse Optico,Accesorios,$ 25.0,5.0,Transferencia
1854,2025-10-24,104,Ana Lopez,Mendoza,Silla Gamer,Muebles,$ 250.0,3.0,Efectivo
1855,2025-02-04,103,Luis Garcia.,CABA,Teclado Mecanico,Accesorios,$ 80.0,1.0,Efectivo
1856,2025-03-04,104,Ana Lopez,Mendoza,Mouse Optico,Accesorios,$ 25.0,5.0,Debito
1857,2025-12-23,105,PEDRO GOMEZ,CORDOBA,Mouse Optico,Accesorios,$ 25.0,5.0,Tarjeta Credito
1858,2025-12-19,104,Ana Lopez,Mendoza,Silla Gamer,Muebles,$ 250.0,3.0,Debito
1859,2025-05-13,105,PEDRO GOMEZ,CORDOBA,Monitor 24',Electronica,$ 350.0,3.0,Transferencia
1860,12/09/2025,105,PEDRO GOMEZ,CORDOBA,Cable HDMI,Cables,$ 15.75,4.0,Transferencia
1861,2025-12-29,105,PEDRO GOMEZ,CORDOBA,Mouse Optico,Accesorios,$ 25.0,1.0,Tarjeta Credito
1862,2025-03-02,104,Ana Lopez,Mendoza,Silla Gamer,Muebles,$ 250.0,5.0,Debito
1863,2025-06-20,104,Ana Lopez,Mendoza,Laptop Pro,Electronica,$ 1200.5,2.0,Tarjeta Credito
1864,2025-12-20,106,Lucia Fernandez,TUCUMAN,Mouse Optico,Accesorios,$ 25.0,3.0,Efectivo
1865,2025-06-15,105,PEDRO GOMEZ,CORDOBA,Cable HDMI,Cables,$ 15.75,3.0,Efectivo
1866,2025-10-19,104,Ana Lopez,Mendoza,Silla Gamer,Muebles,$ 250.0,2.0,Transferencia
1867,2025-12-11,103,Luis Garcia.,CABA,Monitor 24',Electronica,$ 350.0,1.0,Transferencia
1868,2025-11-18,104,Ana Lopez,Mendoza,Mouse Optico,Accesorios,$ 25.0,3.0,Debito
1869,2025-01-29,104,Ana Lopez,Mendoza,Silla Gamer,Muebles,$ 250.0,3.0,Tarjeta Credito
1870,17/12/2025,102,  marta Sanchez  ,ROSARIO,Cable HDMI,Cables,$ 15.75,3.0,Tarjeta Credito
1871,2025-01-16,102,  marta Sanchez  ,ROSARIO,Monitor 24',Electronica,$ 350.0,5.0,Transferencia
1872,2025-07-19,105,PEDRO GOMEZ,CORDOBA,Cable HDMI,Cables,$ 15.75,3.0,Efectivo
1873,2025-05-20,106,Lucia Fernandez,TUCUMAN,Laptop Pro,Electronica,$ 1200.5,2.0,Efectivo
1874,2025-04-21,104,Ana Lopez,Mendoza,Monitor 24',Electronica,$ 350.0,3.0,Tarjeta Credito
1875,2025-08-16,102,  marta Sanchez  ,ROSARIO,Laptop Pro,Electronica,$ 1200.5,5.0,Transferencia
1876,2025-09-05,102,  marta Sanchez  ,ROSARIO,Monitor 24',Electronica,$ 350.0,3.0,Transferencia
1877,2025-12-13,101,JUAN PEREZ,CORDOBA,Cable HDMI,Cables,$ 15.75,1.0,Debito
1878,2025-09-25,104,Ana Lopez,Mendoza,Silla Gamer,Muebles,$ 250.0,1.0,Tarjeta Credito
1879,2025-01-24,103,Luis Garcia.,CABA,Teclado Mecanico,Accesorios,$ 80.0,3.0,Tarjeta Credito
1880,24/11/2025,105,PEDRO GOMEZ,CORDOBA,Monitor 24',Electronica,$ 350.0,2.0,Efectivo
1881,2025-06-13,103,Luis Garcia.,CABA,Cable HDMI,Cables,$ 15.75,3.0,Transferencia
1882,2025-02-28,102,  marta Sanchez  ,ROSARIO,Monitor 24',Electronica,,5.0,Tarjeta Credito
1883,2025-06-29,102,  marta Sanchez  ,ROSARIO,Cable HDMI,Cables,$ 15.75,3.0,Transferencia
1884,2025-06-09,102,  marta Sanchez  ,ROSARIO,Laptop Pro,Electronica,$ 1200.5,4.0,Tarjeta Credito
1885,2025-08-30,102,  marta Sanchez  ,ROSARIO,Laptop Pro,Electronica,$ 1200.5,4.0,Tarjeta Credito
1886,2025-07-20,101,JUAN PEREZ,CORDOBA,Teclado Mecanico,Accesorios,$ 80.0,5.0,Debito
1887,2025-06-09,105,PEDRO GOMEZ,CORDOBA,Monitor 24',Electronica,$ 350.0,5.0,Tarjeta Credito
1888,2025-03-09,104,Ana Lopez,Mendoza,Cable HDMI,Cables,$ 15.75,4.0,Tarjeta Credito
1889,2025-12-17,104,Ana Lopez,Mendoza,Monitor 24',Electronica,$ 350.0,4.0,Transferencia
1890,12/11/2025,102,  marta Sanchez  ,ROSARIO,Mouse Optico,Accesorios,$ 25.0,2.0,Efectivo
1891,2025-09-07,103,Luis Garcia.,CABA,Teclado Mecanico,Accesorios,,3.0,Debito
1892,2025-05-25,104,Ana Lopez,Mendoza,Mouse Optico,Accesorios,$ 25.0,2.0,Tarjeta Credito
1893,2025-02-24,104,Ana Lopez,Mendoza,Silla Gamer,Muebles,$ 250.0,3.0,Debito
1894,2025-07-31,104,Ana Lopez,Mendoza,Cable HDMI,Cables,$ 15.75,2.0,Debito
1895,2025-06-24,104,Ana Lopez,Mendoza,Laptop Pro,Electronica,$ 1200.5,4.0,Debito
1896,2025-10-06,105,PEDRO GOMEZ,CORDOBA,Monitor 24',Electronica,$ 350.0,1.0,Debito
1897,2025-11-02,101,JUAN PEREZ,CORDOBA,Cable HDMI,Cables,$ 15.75,4.0,Transferencia
1898,2025-02-05,103,Luis Garcia.,CABA,Teclado Mecanico,Accesorios,$ 80.0,5.0,Debito
1899,2025-11-27,103,Luis Garcia.,CABA,Teclado Mecanico,Accesorios,$ 80.0,2.0,Tarjeta Credito
1900,18/03/2025,102,  marta Sanchez  ,ROSARIO,Silla Gamer,Muebles,$ 250.0,5.0,Debito
1901,2025-12-15,102,  marta Sanchez  ,ROSARIO,Mouse Optico,Accesorios,$ 25.0,3.0,Debito
1902,2025-02-15,106,Lucia Fernandez,TUCUMAN,Monitor 24',Electronica,$ 350.0,5.0,Debito
1903,2025-02-01,102,  marta Sanchez  ,ROSARIO,Monitor 24',Electronica,$ 350.0,1.0,Tarjeta Credito
1904,2025-07-03,106,Lucia Fernandez,TUCUMAN,Cable HDMI,Cables,$ 15.75,1.0,Transferencia
1905,2025-10-30,104,Ana Lopez,Mendoza,Silla Gamer,Muebles,$ 250.0,4.0,Debito
1906,2025-10-07,104,Ana Lopez,Mendoza,Teclado Mecanico,Accesorios,$ 80.0,2.0,Transferencia
1907,2025-07-04,105,PEDRO GOMEZ,CORDOBA,Teclado Mecanico,Accesorios,$ 80.0,2.0,Transferencia
1908,2025-11-28,101,JUAN PEREZ,CORDOBA,Laptop Pro,Electronica,,4.0,Debito
1909,2025-03-12,102,  marta Sanchez  ,ROSARIO,Laptop Pro,Electronica,$ 1200.5,4.0,Debito
1910,21/08/2025,105,PEDRO GOMEZ,CORDOBA,Mouse Optico,Accesorios,$ 25.0,4.0,Debito
1911,2025-04-06,103,Luis Garcia.,CABA,Mouse Optico,Accesorios,$ 25.0,,Debito
1912,2025-12-31,106,Lucia Fernandez,TUCUMAN,Mouse Optico,Accesorios,$ 25.0,5.0,Efectivo
1913,2025-10-18,101,JUAN PEREZ,CORDOBA,Laptop Pro,Electronica,$ 1200.5,5.0,Debito
1914,2025-03-14,106,Lucia Fernandez,TUCUMAN,Laptop Pro,Electronica,$ 1200.5,3.0,Debito
1915,2025-09-25,105,PEDRO GOMEZ,CORDOBA,Laptop Pro,Electronica,$ 1200.5,4.0,Tarjeta Credito
1916,2025-10-04,106,Lucia Fernandez,TUCUMAN,Silla Gamer,Muebles,$ 250.0,1.0,Efectivo
1917,2025-08-29,105,PEDRO GOMEZ,CORDOBA,Laptop Pro,Electronica,$ 1200.5,5.0,Efectivo
1918,2025-05-31,104,Ana Lopez,Mendoza,Monitor 24',Electronica,$ 350.0,5.0,Efectivo
1919,2025-05-14,106,Lucia Fernandez,TUCUMAN,Cable HDMI,Cables,$ 15.75,2.0,Tarjeta Credito
1920,16/11/2025,106,Lucia Fernandez,TUCUMAN,Monitor 24',Electronica,,2.0,Tarjeta Credito
1921,2025-03-09,103,Luis Garcia.,CABA,Monitor 24',Electronica,$ 350.0,3.0,Tarjeta Credito
1922,2025-11-06,106,Lucia Fernandez,TUCUMAN,Laptop Pro,Electronica,$ 1200.5,2.0,Debito
1923,2025-05-14,103,Luis Garcia.,CABA,Mouse Optico,Accesorios,$ 25.0,2.0,Tarjeta Credito
1924,2025-03-16,103,Luis Garcia.,CABA,Laptop Pro,Electronica,$ 1200.5,4.0,Debito
1925,2025-12-05,104,Ana Lopez,Mendoza,Mouse Optico,Accesorios,$ 25.0,2.0,Efectivo
1926,2025-05-16,101,JUAN PEREZ,CORDOBA,Silla Gamer,Muebles,$ 250.0,2.0,Debito
1927,2025-06-04,104,Ana Lopez,Mendoza,Teclado Mecanico,Accesorios,$ 80.0,5.0,Transferencia
1928,2025-12-28,104,Ana Lopez,Mendoza,Silla Gamer,Muebles,$ 250.0,5.0,Debito
1929,2025-08-18,101,JUAN PEREZ,CORDOBA,Monitor 24',Electronica,$ 350.0,5.0,Tarjeta Credito
1930,23/11/2025,101,JUAN PEREZ,CORDOBA,Cable HDMI,Cables,$ 15.75,5.0,Efectivo
1931,2025-05-17,103,Luis Garcia.,CABA,Monitor 24',Electronica,$ 350.0,5.0,Debito
1932,2025-05-04,104,Ana Lopez,Mendoza,Silla Gamer,Muebles,$ 250.0,2.0,Efectivo
1933,2025-04-03,106,Lucia Fernandez,TUCUMAN,Silla Gamer,Muebles,$ 250.0,,Tarjeta Credito
1934,2025-07-30,101,JUAN PEREZ,CORDOBA,Laptop Pro,Electronica,$ 1200.5,4.0,Efectivo
1935,2025-05-26,102,  marta Sanchez  ,ROSARIO,Silla Gamer,Muebles,$ 250.0,5.0,Tarjeta Credito
1936,2025-12-03,101,JUAN PEREZ,CORDOBA,Cable HDMI,Cables,$ 15.75,5.0,Tarjeta Credito
1937,2025-02-14,106,Lucia Fernandez,TUCUMAN,Laptop Pro,Electronica,$ 1200.5,5.0,Transferencia
1938,2025-04-05,101,JUAN PEREZ,CORDOBA,Silla Gamer,Muebles,$ 250.0,1.0,Debito
1939,2025-12-21,103,Luis Garcia.,CABA,Teclado Mecanico,Accesorios,$ 80.0,3.0,Efectivo
1940,22/05/2025,102,  marta Sanchez  ,ROSARIO,Laptop Pro,Electronica,$ 1200.5,3.0,Tarjeta Credito
1941,2025-04-02,103,Luis Garcia.,CABA,Monitor 24',Electronica,$ 350.0,2.0,Debito
1942,2025-09-09,102,  marta Sanchez  ,ROSARIO,Silla Gamer,Muebles,$ 250.0,4.0,Transferencia
1943,2025-02-24,105,PEDRO GOMEZ,CORDOBA,Silla Gamer,Muebles,$ 250.0,1.0,Tarjeta Credito
1944,2025-10-20,101,JUAN PEREZ,CORDOBA,Laptop Pro,Electronica,$ 1200.5,1.0,Debito
1945,2025-11-24,102,  marta Sanchez  ,ROSARIO,Silla Gamer,Muebles,,4.0,Efectivo
1946,2025-06-18,102,  marta Sanchez  ,ROSARIO,Silla Gamer,Muebles,$ 250.0,5.0,Debito
1947,2025-07-26,104,Ana Lopez,Mendoza,Teclado Mecanico,Accesorios,$ 80.0,1.0,Transferencia
1948,2025-12-19,101,JUAN PEREZ,CORDOBA,Teclado Mecanico,Accesorios,$ 80.0,5.0,Efectivo
1949,2025-06-05,103,Luis Garcia.,CABA,Silla Gamer,Muebles,$ 250.0,1.0,Efectivo
1950,11/02/2025,105,PEDRO GOMEZ,CORDOBA,Monitor 24',Electronica,$ 350.0,3.0,Transferencia
1951,2025-01-21,102,  marta Sanchez  ,ROSARIO,Cable HDMI,Cables,$ 15.75,3.0,Debito
1952,2025-12-19,101,JUAN PEREZ,CORDOBA,Silla Gamer,Muebles,$ 250.0,4.0,Transferencia
1953,2025-04-09,102,  marta Sanchez  ,ROSARIO,Laptop Pro,Electronica,,2.0,Debito
1954,2025-10-04,104,Ana Lopez,Mendoza,Laptop Pro,Electronica,$ 1200.5,4.0,Tarjeta Credito
1955,2025-01-29,101,JUAN PEREZ,CORDOBA,Monitor 24',Electronica,$ 350.0,4.0,Tarjeta Credito
1956,2025-12-08,102,  marta Sanchez  ,ROSARIO,Silla Gamer,Muebles,$ 250.0,5.0,Transferencia
1957,2025-04-30,106,Lucia Fernandez,TUCUMAN,Cable HDMI,Cables,$ 15.75,2.0,Debito
1958,2025-08-30,106,Lucia Fernandez,TUCUMAN,Laptop Pro,Electronica,$ 1200.5,2.0,Transferencia
1959,2025-11-20,101,JUAN PEREZ,CORDOBA,Mouse Optico,Accesorios,,1.0,Debito
1960,30/10/2025,105,PEDRO GOMEZ,CORDOBA,Mouse Optico,Accesorios,$ 25.0,1.0,Debito
1961,2025-04-23,105,PEDRO GOMEZ,CORDOBA,Cable HDMI,Cables,$ 15.75,3.0,Debito
1962,2025-12-17,103,Luis Garcia.,CABA,Laptop Pro,Electronica,$ 1200.5,2.0,Tarjeta Credito
1963,2025-06-21,105,PEDRO GOMEZ,CORDOBA,Mouse Optico,Accesorios,$ 25.0,4.0,Transferencia
1964,2025-10-11,106,Lucia Fernandez,TUCUMAN,Monitor 24',Electronica,$ 350.0,5.0,Tarjeta Credito
1965,2025-11-20,102,  marta Sanchez  ,ROSARIO,Laptop Pro,Electronica,$ 1200.5,1.0,Debito
1966,2025-01-04,101,JUAN PEREZ,CORDOBA,Laptop Pro,Electronica,$ 1200.5,5.0,Efectivo
1967,2025-09-01,104,Ana Lopez,Mendoza,Silla Gamer,Muebles,$ 250.0,3.0,Debito
1968,2025-03-31,104,Ana Lopez,Mendoza,Mouse Optico,Accesorios,$ 25.0,2.0,Debito
1969,2025-11-18,105,PEDRO GOMEZ,CORDOBA,Laptop Pro,Electronica,$ 1200.5,4.0,Tarjeta Credito
1970,09/04/2025,105,PEDRO GOMEZ,CORDOBA,Mouse Optico,Accesorios,$ 25.0,1.0,Efectivo
1971,2025-04-23,105,PEDRO GOMEZ,CORDOBA,Cable HDMI,Cables,$ 15.75,2.0,Efectivo
1972,2025-02-27,101,JUAN PEREZ,CORDOBA,Mouse Optico,Accesorios,$ 25.0,4.0,Debito
1973,2025-12-10,102,  marta Sanchez  ,ROSARIO,Mouse Optico,Accesorios,$ 25.0,3.0,Efectivo
1974,2025-05-09,102,  marta Sanchez  ,ROSARIO,Teclado Mecanico,Accesorios,$ 80.0,4.0,Tarjeta Credito
1975,2025-01-27,101,JUAN PEREZ,CORDOBA,Silla Gamer,Muebles,$ 250.0,1.0,Debito
1976,2025-02-06,105,PEDRO GOMEZ,CORDOBA,Laptop Pro,Electronica,$ 1200.5,5.0,Efectivo
1977,2025-12-13,104,Ana Lopez,Mendoza,Mouse Optico,Accesorios,$ 25.0,1.0,Efectivo
1978,2025-05-02,102,  marta Sanchez  ,ROSARIO,Laptop Pro,Electronica,$ 1200.5,4.0,Transferencia
1979,2025-10-27,101,JUAN PEREZ,CORDOBA,Teclado Mecanico,Accesorios,$ 80.0,2.0,Transferencia
1980,02/04/2025,105,PEDRO GOMEZ,CORDOBA,Teclado Mecanico,Accesorios,$ 80.0,2.0,Efectivo
1981,2025-06-21,103,Luis Garcia.,CABA,Mouse Optico,Accesorios,$ 25.0,1.0,Efectivo
1982,2025-08-27,102,  marta Sanchez  ,ROSARIO,Laptop Pro,Electronica,$ 1200.5,3.0,Transferencia
1983,2025-03-22,103,Luis Garcia.,CABA,Cable HDMI,Cables,$ 15.75,5.0,Transferencia
1984,2025-04-28,105,PEDRO GOMEZ,CORDOBA,Cable HDMI,Cables,$ 15.75,4.0,Transferencia
1985,2025-08-25,105,PEDRO GOMEZ,CORDOBA,Teclado Mecanico,Accesorios,$ 80.0,2.0,Transferencia
1986,2025-10-24,103,Luis Garcia.,CABA,Teclado Mecanico,Accesorios,$ 80.0,2.0,Tarjeta Credito
1987,2025-01-21,104,Ana Lopez,Mendoza,Laptop Pro,Electronica,$ 1200.5,5.0,Tarjeta Credito
1988,2025-07-21,104,Ana Lopez,Mendoza,Cable HDMI,Cables,$ 15.75,1.0,Debito
1989,2025-02-12,104,Ana Lopez,Mendoza,Mouse Optico,Accesorios,$ 25.0,,Debito
1990,03/07/2025,102,  marta Sanchez  ,ROSARIO,Mouse Optico,Accesorios,$ 25.0,1.0,Tarjeta Credito
1991,2025-06-06,104,Ana Lopez,Mendoza,Silla Gamer,Muebles,$ 250.0,5.0,Tarjeta Credito
1992,2025-03-12,104,Ana Lopez,Mendoza,Teclado Mecanico,Accesorios,$ 80.0,3.0,Debito
1993,2025-01-01,106,Lucia Fernandez,TUCUMAN,Silla Gamer,Muebles,$ 250.0,3.0,Tarjeta Credito
1994,2025-05-19,103,Luis Garcia.,CABA,Teclado Mecanico,Accesorios,$ 80.0,5.0,Transferencia
1995,2025-11-14,106,Lucia Fernandez,TUCUMAN,Laptop Pro,Electronica,$ 1200.5,1.0,Efectivo
1996,2025-07-16,101,JUAN PEREZ,CORDOBA,Laptop Pro,Electronica,$ 1200.5,3.0,Efectivo
1997,2025-10-14,102,  marta Sanchez  ,ROSARIO,Silla Gamer,Muebles,$ 250.0,2.0,Transferencia
1998,2025-10-04,103,Luis Garcia.,CABA,Mouse Optico,Accesorios,$ 25.0,5.0,Transferencia
1999,2025-06-14,106,Lucia Fernandez,TUCUMAN,Mouse Optico,Accesorios,$ 25.0,4.0,Efectivo
2000,10/07/2025,101,JUAN PEREZ,CORDOBA,Laptop Pro,Electronica,$ 1200.5,5.0,Tarjeta Credito
2001,2025-09-30,104,Ana Lopez,Mendoza,Silla Gamer,Muebles,$ 250.0,3.0,Debito
2002,2025-12-11,105,PEDRO GOMEZ,CORDOBA,Monitor 24',Electronica,$ 350.0,1.0,Transferencia
2003,2025-02-11,104,Ana Lopez,Mendoza,Laptop Pro,Electronica,$ 1200.5,1.0,Tarjeta Credito
2004,2025-02-27,102,  marta Sanchez  ,ROSARIO,Monitor 24',Electronica,$ 350.0,2.0,Tarjeta Credito
2005,2025-12-16,103,Luis Garcia.,CABA,Teclado Mecanico,Accesorios,$ 80.0,3.0,Debito
2006,2025-11-27,104,Ana Lopez,Mendoza,Silla Gamer,Muebles,,1.0,Transferencia
2007,2025-06-21,105,PEDRO GOMEZ,CORDOBA,Silla Gamer,Muebles,$ 250.0,3.0,Debito
2008,2025-12-23,105,PEDRO GOMEZ,CORDOBA,Silla Gamer,Muebles,$ 250.0,4.0,Efectivo
2009,2025-06-06,105,PEDRO GOMEZ,CORDOBA,Mouse Optico,Accesorios,$ 25.0,4.0,Efectivo
2010,17/03/2025,103,Luis Garcia.,CABA,Laptop Pro,Electronica,$ 1200.5,2.0,Transferencia
2011,2025-05-27,106,Lucia Fernandez,TUCUMAN,Cable HDMI,Cables,$ 15.75,2.0,Transferencia
2012,2025-01-22,102,  marta Sanchez  ,ROSARIO,Laptop Pro,Electronica,$ 1200.5,4.0,Efectivo
2013,2025-04-16,103,Luis Garcia.,CABA,Mouse Optico,Accesorios,$ 25.0,3.0,Efectivo
2014,2025-08-18,102,  marta Sanchez  ,ROSARIO,Monitor 24',Electronica,$ 350.0,3.0,Tarjeta Credito
2015,2025-09-13,101,JUAN PEREZ,CORDOBA,Teclado Mecanico,Accesorios,$ 80.0,3.0,Transferencia
2016,2025-10-07,101,JUAN PEREZ,CORDOBA,Silla Gamer,Muebles,$ 250.0,3.0,Debito
2017,2025-12-08,103,Luis Garcia.,CABA,Cable HDMI,Cables,$ 15.75,4.0,Efectivo
2018,2025-09-03,106,Lucia Fernandez,TUCUMAN,Laptop Pro,Electronica,$ 1200.5,5.0,Tarjeta Credito
2019,2025-07-25,103,Luis Garcia.,CABA,Laptop Pro,Electronica,$ 1200.5,3.0,Tarjeta Credito
2020,08/11/2025,103,Luis Garcia.,CABA,Laptop Pro,Electronica,$ 1200.5,2.0,Efectivo
2021,2025-02-12,102,  marta Sanchez  ,ROSARIO,Laptop Pro,Electronica,$ 1200.5,1.0,Debito
2022,2025-06-12,102,  marta Sanchez  ,ROSARIO,Teclado Mecanico,Accesorios,$ 80.0,1.0,Efectivo
2023,2025-08-07,104,Ana Lopez,Mendoza,Mouse Optico,Accesorios,$ 25.0,3.0,Efectivo
2024,2025-08-17,103,Luis Garcia.,CABA,Monitor 24',Electronica,$ 350.0,4.0,Debito
2025,2025-03-25,104,Ana Lopez,Mendoza,Monitor 24',Electronica,$ 350.0,4.0,Debito
2026,2025-11-03,102,  marta Sanchez  ,ROSARIO,Cable HDMI,Cables,$ 15.75,4.0,Efectivo
2027,2025-07-12,101,JUAN PEREZ,CORDOBA,Cable HDMI,Cables,$ 15.75,3.0,Debito
2028,2025-08-25,102,  marta Sanchez  ,ROSARIO,Cable HDMI,Cables,$ 15.75,2.0,Transferencia
2029,2025-05-29,102,  marta Sanchez  ,ROSARIO,Teclado Mecanico,Accesorios,$ 80.0,3.0,Efectivo
2030,26/08/2025,104,Ana Lopez,Mendoza,Cable HDMI,Cables,$ 15.75,2.0,Efectivo
2031,2025-11-22,103,Luis Garcia.,CABA,Silla Gamer,Muebles,$ 250.0,3.0,Debito
2032,2025-12-19,102,  marta Sanchez  ,ROSARIO,Teclado Mecanico,Accesorios,$ 80.0,3.0,Debito
2033,2025-07-05,101,JUAN PEREZ,CORDOBA,Cable HDMI,Cables,$ 15.75,3.0,Debito
2034,2025-07-11,106,Lucia Fernandez,TUCUMAN,Laptop Pro,Electronica,$ 1200.5,3.0,Transferencia
2035,2025-03-16,105,PEDRO GOMEZ,CORDOBA,Laptop Pro,Electronica,$ 1200.5,2.0,Efectivo
2036,2025-05-20,102,  marta Sanchez  ,ROSARIO,Laptop Pro,Electronica,$ 1200.5,3.0,Tarjeta Credito
2037,2025-09-29,103,Luis Garcia.,CABA,Monitor 24',Electronica,$ 350.0,2.0,Transferencia
2038,2025-03-27,101,JUAN PEREZ,CORDOBA,Cable HDMI,Cables,$ 15.75,3.0,Efectivo
2039,2025-12-19,106,Lucia Fernandez,TUCUMAN,Silla Gamer,Muebles,$ 250.0,3.0,Transferencia
2040,23/09/2025,101,JUAN PEREZ,CORDOBA,Mouse Optico,Accesorios,$ 25.0,4.0,Efectivo
2041,2025-04-22,102,  marta Sanchez  ,ROSARIO,Laptop Pro,Electronica,$ 1200.5,2.0,Tarjeta Credito
2042,2025-02-09,104,Ana Lopez,Mendoza,Teclado Mecanico,Accesorios,$ 80.0,1.0,Debito
2043,2025-12-20,103,Luis Garcia.,CABA,Monitor 24',Electronica,$ 350.0,5.0,Efectivo
2044,2025-06-05,102,  marta Sanchez  ,ROSARIO,Silla Gamer,Muebles,,2.0,Transferencia
2045,2025-12-19,106,Lucia Fernandez,TUCUMAN,Mouse Optico,Accesorios,$ 25.0,2.0,Tarjeta Credito
2046,2025-02-27,104,Ana Lopez,Mendoza,Silla Gamer,Muebles,$ 250.0,4.0,Tarjeta Credito
2047,2025-01-17,102,  marta Sanchez  ,ROSARIO,Laptop Pro,Electronica,$ 1200.5,1.0,Debito
2048,2025-01-23,101,JUAN PEREZ,CORDOBA,Monitor 24',Electronica,$ 350.0,1.0,Tarjeta Credito
2049,2025-10-28,105,PEDRO GOMEZ,CORDOBA,Mouse Optico,Accesorios,$ 25.0,3.0,Tarjeta Credito
2050,23/05/2025,101,JUAN PEREZ,CORDOBA,Mouse Optico,Accesorios,$ 25.0,2.0,Transferencia
2051,2025-02-04,105,PEDRO GOMEZ,CORDOBA,Cable HDMI,Cables,$ 15.75,1.0,Transferencia
2052,2025-05-25,106,Lucia Fernandez,TUCUMAN,Mouse Optico,Accesorios,$ 25.0,1.0,Tarjeta Credito
2053,2025-12-29,102,  marta Sanchez  ,ROSARIO,Cable HDMI,Cables,$ 15.75,2.0,Debito
2054,2025-04-03,106,Lucia Fernandez,TUCUMAN,Laptop Pro,Electronica,$ 1200.5,4.0,Transferencia
2055,2025-07-28,105,PEDRO GOMEZ,CORDOBA,Mouse Optico,Accesorios,$ 25.0,1.0,Debito
2056,2025-03-11,101,JUAN PEREZ,CORDOBA,Cable HDMI,Cables,$ 15.75,3.0,Tarjeta Credito
2057,2025-09-10,101,JUAN PEREZ,CORDOBA,Monitor 24',Electronica,$ 350.0,5.0,Efectivo
2058,2025-04-26,106,Lucia Fernandez,TUCUMAN,Teclado Mecanico,Accesorios,$ 80.0,4.0,Transferencia
2059,2025-12-14,101,JUAN PEREZ,CORDOBA,Teclado Mecanico,Accesorios,$ 80.0,,Debito
2060,22/07/2025,106,Lucia Fernandez,TUCUMAN,Laptop Pro,Electronica,$ 1200.5,1.0,Tarjeta Credito
2061,2025-07-25,102,  marta Sanchez  ,ROSARIO,Teclado Mecanico,Accesorios,$ 80.0,2.0,Tarjeta Credito
2062,2025-06-23,103,Luis Garcia.,CABA,Mouse Optico,Accesorios,$ 25.0,4.0,Tarjeta Credito
2063,2025-09-13,102,  marta Sanchez  ,ROSARIO,Teclado Mecanico,Accesorios,$ 80.0,5.0,Efectivo
2064,2025-07-02,106,Lucia Fernandez,TUCUMAN,Teclado Mecanico,Accesorios,$ 80.0,4.0,Debito
2065,2025-03-17,105,PEDRO GOMEZ,CORDOBA,Monitor 24',Electronica,$ 350.0,3.0,Debito
2066,2025-11-18,104,Ana Lopez,Mendoza,Mouse Optico,Accesorios,$ 25.0,1.0,Tarjeta Credito
2067,2025-01-14,104,Ana Lopez,Mendoza,Silla Gamer,Muebles,$ 250.0,3.0,Transferencia
2068,2025-11-16,103,Luis Garcia.,CABA,Cable HDMI,Cables,$ 15.75,5.0,Debito
2069,2025-05-31,104,Ana Lopez,Mendoza,Mouse Optico,Accesorios,$ 25.0,3.0,Efectivo
2070,10/01/2025,105,PEDRO GOMEZ,CORDOBA,Cable HDMI,Cables,$ 15.75,4.0,Tarjeta Credito
2071,2025-06-11,104,Ana Lopez,Mendoza,Teclado Mecanico,Accesorios,$ 80.0,1.0,Tarjeta Credito
2072,2025-12-04,102,  marta Sanchez  ,ROSARIO,Cable HDMI,Cables,$ 15.75,2.0,Debito
2073,2025-06-09,104,Ana Lopez,Mendoza,Mouse Optico,Accesorios,$ 25.0,1.0,Debito
2074,2025-12-17,106,Lucia Fernandez,TUCUMAN,Cable HDMI,Cables,$ 15.75,5.0,Transferencia
2075,2025-07-20,105,PEDRO GOMEZ,CORDOBA,Laptop Pro,Electronica,$ 1200.5,4.0,Efectivo
2076,2025-02-01,103,Luis Garcia.,CABA,Monitor 24',Electronica,,3.0,Efectivo
2077,2025-01-14,106,Lucia Fernandez,TUCUMAN,Cable HDMI,Cables,$ 15.75,4.0,Tarjeta Credito
2078,2025-07-02,104,Ana Lopez,Mendoza,Monitor 24',Electronica,$ 350.0,2.0,Transferencia
2079,2025-06-09,102,  marta Sanchez  ,ROSARIO,Silla Gamer,Muebles,$ 250.0,1.0,Efectivo
2080,28/03/2025,101,JUAN PEREZ,CORDOBA,Monitor 24',Electronica,,4.0,Debito
2081,2025-08-04,105,PEDRO GOMEZ,CORDOBA,Cable HDMI,Cables,$ 15.75,5.0,Tarjeta Credito
2082,2025-10-20,103,Luis Garcia.,CABA,Teclado Mecanico,Accesorios,$ 80.0,4.0,Tarjeta Credito
2083,2025-04-16,106,Lucia Fernandez,TUCUMAN,Silla Gamer,Muebles,$ 250.0,3.0,Transferencia
2084,2025-07-06,105,PEDRO GOMEZ,CORDOBA,Monitor 24',Electronica,$ 350.0,1.0,Transferencia
2085,2025-01-25,103,Luis Garcia.,CABA,Monitor 24',Electronica,$ 350.0,2.0,Tarjeta Credito
2086,2025-02-18,106,Lucia Fernandez,TUCUMAN,Cable HDMI,Cables,$ 15.75,5.0,Debito
2087,2025-06-27,104,Ana Lopez,Mendoza,Mouse Optico,Accesorios,$ 25.0,3.0,Efectivo
2088,2025-10-04,104,Ana Lopez,Mendoza,Silla Gamer,Muebles,$ 250.0,3.0,Debito
2089,2025-04-03,106,Lucia Fernandez,TUCUMAN,Cable HDMI,Cables,$ 15.75,5.0,Transferencia
2090,20/04/2025,105,PEDRO GOMEZ,CORDOBA,Teclado Mecanico,Accesorios,$ 80.0,4.0,Efectivo
2091,2025-11-11,106,Lucia Fernandez,TUCUMAN,Cable HDMI,Cables,$ 15.75,5.0,Tarjeta Credito
2092,2025-07-06,105,PEDRO GOMEZ,CORDOBA,Mouse Optico,Accesorios,$ 25.0,3.0,Debito
2093,2025-02-02,104,Ana Lopez,Mendoza,Monitor 24',Electronica,$ 350.0,3.0,Efectivo
2094,2025-05-12,106,Lucia Fernandez,TUCUMAN,Mouse Optico,Accesorios,$ 25.0,2.0,Tarjeta Credito
2095,2025-01-15,102,  marta Sanchez  ,ROSARIO,Mouse Optico,Accesorios,$ 25.0,4.0,Debito
2096,2025-08-05,105,PEDRO GOMEZ,CORDOBA,Teclado Mecanico,Accesorios,$ 80.0,2.0,Efectivo
2097,2025-05-13,102,  marta Sanchez  ,ROSARIO,Laptop Pro,Electronica,$ 1200.5,5.0,Transferencia
2098,2025-09-06,106,Lucia Fernandez,TUCUMAN,Laptop Pro,Electronica,$ 1200.5,1.0,Efectivo
2099,2025-02-02,105,PEDRO GOMEZ,CORDOBA,Monitor 24',Electronica,$ 350.0,3.0,Tarjeta Credito
2100,13/03/2025,104,Ana Lopez,Mendoza,Silla Gamer,Muebles,$ 250.0,5.0,Tarjeta Credito
2101,2025-10-25,105,PEDRO GOMEZ,CORDOBA,Silla Gamer,Muebles,$ 250.0,3.0,Debito
2102,2025-11-04,101,JUAN PEREZ,CORDOBA,Mouse Optico,Accesorios,$ 25.0,3.0,Debito
2103,2025-05-01,106,Lucia Fernandez,TUCUMAN,Silla Gamer,Muebles,$ 250.0,1.0,Transferencia
2104,2025-08-14,102,  marta Sanchez  ,ROSARIO,Monitor 24',Electronica,$ 350.0,1.0,Debito
2105,2025-12-25,105,PEDRO GOMEZ,CORDOBA,Monitor 24',Electronica,$ 350.0,4.0,Debito
2106,2025-05-23,106,Lucia Fernandez,TUCUMAN,Mouse Optico,Accesorios,$ 25.0,3.0,Debito
2107,2025-06-07,106,Lucia Fernandez,TUCUMAN,Monitor 24',Electronica,,5.0,Tarjeta Credito
2108,2025-01-28,106,Lucia Fernandez,TUCUMAN,Silla Gamer,Muebles,$ 250.0,2.0,Efectivo
2109,2025-06-08,105,PEDRO GOMEZ,CORDOBA,Teclado Mecanico,Accesorios,$ 80.0,1.0,Transferencia
2110,05/01/2025,104,Ana Lopez,Mendoza,Teclado Mecanico,Accesorios,$ 80.0,3.0,Efectivo
2111,2025-06-02,101,JUAN PEREZ,CORDOBA,Mouse Optico,Accesorios,$ 25.0,4.0,Efectivo
2112,2025-01-18,106,Lucia Fernandez,TUCUMAN,Teclado Mecanico,Accesorios,$ 80.0,4.0,Debito
2113,2025-06-20,106,Lucia Fernandez,TUCUMAN,Teclado Mecanico,Accesorios,$ 80.0,1.0,Transferencia
2114,2025-09-17,106,Lucia Fernandez,TUCUMAN,Monitor 24',Electronica,$ 350.0,5.0,Efectivo
2115,2025-01-15,104,Ana Lopez,Mendoza,Silla Gamer,Muebles,$ 250.0,2.0,Debito
2116,2025-01-02,106,Lucia Fernandez,TUCUMAN,Mouse Optico,Accesorios,$ 25.0,3.0,Tarjeta Credito
2117,2025-05-08,101,JUAN PEREZ,CORDOBA,Mouse Optico,Accesorios,$ 25.0,2.0,Debito
2118,2025-09-02,103,Luis Garcia.,CABA,Teclado Mecanico,Accesorios,$ 80.0,2.0,Efectivo
2119,2025-02-13,103,Luis Garcia.,CABA,Mouse Optico,Accesorios,$ 25.0,4.0,Transferencia
2120,13/10/2025,101,JUAN PEREZ,CORDOBA,Laptop Pro,Electronica,$ 1200.5,1.0,Debito
2121,2025-12-26,102,  marta Sanchez  ,ROSARIO,Monitor 24',Electronica,$ 350.0,5.0,Debito
2122,2025-03-18,105,PEDRO GOMEZ,CORDOBA,Monitor 24',Electronica,$ 350.0,5.0,Tarjeta Credito
2123,2025-09-27,101,JUAN PEREZ,CORDOBA,Silla Gamer,Muebles,$ 250.0,4.0,Debito
2124,2026-01-01,101,JUAN PEREZ,CORDOBA,Mouse Optico,Accesorios,$ 25.0,3.0,Efectivo
2125,2025-07-15,106,Lucia Fernandez,TUCUMAN,Teclado Mecanico,Accesorios,$ 80.0,5.0,Transferencia
2126,2025-12-13,103,Luis Garcia.,CABA,Silla Gamer,Muebles,$ 250.0,2.0,Tarjeta Credito
2127,2025-05-01,103,Luis Garcia.,CABA,Monitor 24',Electronica,$ 350.0,3.0,Debito
2128,2025-08-29,101,JUAN PEREZ,CORDOBA,Laptop Pro,Electronica,$ 1200.5,4.0,Transferencia
2129,2025-12-29,106,Lucia Fernandez,TUCUMAN,Teclado Mecanico,Accesorios,$ 80.0,1.0,Tarjeta Credito
2130,27/01/2025,105,PEDRO GOMEZ,CORDOBA,Laptop Pro,Electronica,$ 1200.5,3.0,Tarjeta Credito
2131,2025-09-16,101,JUAN PEREZ,CORDOBA,Monitor 24',Electronica,$ 350.0,4.0,Efectivo
2132,2025-01-22,102,  marta Sanchez  ,ROSARIO,Cable HDMI,Cables,$ 15.75,5.0,Debito
2133,2025-03-09,103,Luis Garcia.,CABA,Teclado Mecanico,Accesorios,$ 80.0,4.0,Transferencia
2134,2025-06-10,103,Luis Garcia.,CABA,Laptop Pro,Electronica,,3.0,Efectivo
2135,2025-05-15,104,Ana Lopez,Mendoza,Monitor 24',Electronica,$ 350.0,3.0,Efectivo
2136,2025-06-11,104,Ana Lopez,Mendoza,Mouse Optico,Accesorios,$ 25.0,2.0,Debito
2137,2025-03-18,101,JUAN PEREZ,CORDOBA,Mouse Optico,Accesorios,$ 25.0,4.0,Efectivo
2138,2025-08-28,102,  marta Sanchez  ,ROSARIO,Silla Gamer,Muebles,$ 250.0,4.0,Tarjeta Credito
2139,2025-12-30,104,Ana Lopez,Mendoza,Monitor 24',Electronica,$ 350.0,1.0,Transferencia
2140,17/02/2025,101,JUAN PEREZ,CORDOBA,Monitor 24',Electronica,$ 350.0,2.0,Efectivo
2141,2025-10-27,105,PEDRO GOMEZ,CORDOBA,Silla Gamer,Muebles,$ 250.0,1.0,Transferencia
2142,2025-05-07,104,Ana Lopez,Mendoza,Laptop Pro,Electronica,$ 1200.5,3.0,Tarjeta Credito
2143,2025-12-15,103,Luis Garcia.,CABA,Silla Gamer,Muebles,$ 250.0,1.0,Efectivo
2144,2025-02-11,102,  marta Sanchez  ,ROSARIO,Laptop Pro,Electronica,$ 1200.5,4.0,Debito
2145,2025-11-01,106,Lucia Fernandez,TUCUMAN,Monitor 24',Electronica,$ 350.0,1.0,Debito
2146,2025-10-19,103,Luis Garcia.,CABA,Silla Gamer,Muebles,$ 250.0,3.0,Efectivo
2147,2025-02-06,101,JUAN PEREZ,CORDOBA,Silla Gamer,Muebles,$ 250.0,1.0,Debito
2148,2025-05-03,103,Luis Garcia.,CABA,Mouse Optico,Accesorios,$ 25.0,1.0,Tarjeta Credito
2149,2025-07-18,102,  marta Sanchez  ,ROSARIO,Mouse Optico,Accesorios,$ 25.0,2.0,Tarjeta Credito
2150,10/08/2025,103,Luis Garcia.,CABA,Teclado Mecanico,Accesorios,$ 80.0,5.0,Transferencia
2151,2025-02-19,103,Luis Garcia.,CABA,Silla Gamer,Muebles,$ 250.0,4.0,Debito
2152,2025-05-18,104,Ana Lopez,Mendoza,Teclado Mecanico,Accesorios,$ 80.0,4.0,Efectivo
2153,2025-08-11,105,PEDRO GOMEZ,CORDOBA,Mouse Optico,Accesorios,$ 25.0,5.0,Efectivo
2154,2025-04-25,104,Ana Lopez,Mendoza,Silla Gamer,Muebles,$ 250.0,4.0,Tarjeta Credito
2155,2025-08-12,103,Luis Garcia.,CABA,Teclado Mecanico,Accesorios,$ 80.0,3.0,Transferencia
2156,2025-06-03,102,  marta Sanchez  ,ROSARIO,Silla Gamer,Muebles,$ 250.0,3.0,Tarjeta Credito
2157,2025-01-24,105,PEDRO GOMEZ,CORDOBA,Laptop Pro,Electronica,$ 1200.5,4.0,Tarjeta Credito
2158,2025-10-19,104,Ana Lopez,Mendoza,Silla Gamer,Muebles,$ 250.0,5.0,Tarjeta Credito
2159,2025-02-28,105,PEDRO GOMEZ,CORDOBA,Laptop Pro,Electronica,$ 1200.5,2.0,Debito
2160,02/08/2025,101,JUAN PEREZ,CORDOBA,Laptop Pro,Electronica,$ 1200.5,5.0,Debito
2161,2025-11-16,106,Lucia Fernandez,TUCUMAN,Teclado Mecanico,Accesorios,$ 80.0,2.0,Transferencia
2162,2025-11-06,102,  marta Sanchez  ,ROSARIO,Laptop Pro,Electronica,$ 1200.5,4.0,Tarjeta Credito
2163,2025-03-01,101,JUAN PEREZ,CORDOBA,Teclado Mecanico,Accesorios,,4.0,Debito
2164,2025-11-05,106,Lucia Fernandez,TUCUMAN,Silla Gamer,Muebles,$ 250.0,5.0,Efectivo
2165,2025-12-20,106,Lucia Fernandez,TUCUMAN,Silla Gamer,Muebles,$ 250.0,1.0,Transferencia
2166,2025-04-08,102,  marta Sanchez  ,ROSARIO,Laptop Pro,Electronica,$ 1200.5,,Transferencia
2167,2025-09-04,101,JUAN PEREZ,CORDOBA,Mouse Optico,Accesorios,$ 25.0,4.0,Transferencia
2168,2025-08-26,101,JUAN PEREZ,CORDOBA,Monitor 24',Electronica,$ 350.0,1.0,Transferencia
2169,2025-12-26,102,  marta Sanchez  ,ROSARIO,Silla Gamer,Muebles,$ 250.0,1.0,Debito
2170,14/04/2025,105,PEDRO GOMEZ,CORDOBA,Mouse Optico,Accesorios,$ 25.0,4.0,Tarjeta Credito
2171,2025-02-22,103,Luis Garcia.,CABA,Laptop Pro,Electronica,$ 1200.5,4.0,Debito
2172,2025-11-02,106,Lucia Fernandez,TUCUMAN,Cable HDMI,Cables,$ 15.75,1.0,Debito
2173,2025-09-20,104,Ana Lopez,Mendoza,Teclado Mecanico,Accesorios,$ 80.0,4.0,Transferencia
2174,2025-09-28,106,Lucia Fernandez,TUCUMAN,Laptop Pro,Electronica,,5.0,Tarjeta Credito
2175,2025-08-02,103,Luis Garcia.,CABA,Silla Gamer,Muebles,$ 250.0,5.0,Efectivo
2176,2025-08-12,104,Ana Lopez,Mendoza,Silla Gamer,Muebles,,2.0,Debito
2177,2025-04-29,103,Luis Garcia.,CABA,Teclado Mecanico,Accesorios,$ 80.0,3.0,Debito
2178,2025-12-31,102,  marta Sanchez  ,ROSARIO,Monitor 24',Electronica,$ 350.0,3.0,Debito
2179,2025-04-17,102,  marta Sanchez  ,ROSARIO,Cable HDMI,Cables,$ 15.75,4.0,Transferencia
2180,22/03/2025,102,  marta Sanchez  ,ROSARIO,Mouse Optico,Accesorios,$ 25.0,4.0,Debito
2181,2025-04-18,103,Luis Garcia.,CABA,Mouse Optico,Accesorios,$ 25.0,3.0,Efectivo
2182,2025-03-23,103,Luis Garcia.,CABA,Silla Gamer,Muebles,$ 250.0,5.0,Tarjeta Credito
2183,2025-08-09,101,JUAN PEREZ,CORDOBA,Monitor 24',Electronica,$ 350.0,5.0,Transferencia
2184,2025-06-24,104,Ana Lopez,Mendoza,Monitor 24',Electronica,$ 350.0,5.0,Efectivo
2185,2025-09-21,102,  marta Sanchez  ,ROSARIO,Silla Gamer,Muebles,$ 250.0,1.0,Debito
2186,2025-02-24,104,Ana Lopez,Mendoza,Laptop Pro,Electronica,$ 1200.5,1.0,Tarjeta Credito
2187,2025-03-27,105,PEDRO GOMEZ,CORDOBA,Laptop Pro,Electronica,$ 1200.5,3.0,Transferencia
2188,2025-12-29,106,Lucia Fernandez,TUCUMAN,Monitor 24',Electronica,$ 350.0,1.0,Transferencia
2189,2025-06-21,106,Lucia Fernandez,TUCUMAN,Monitor 24',Electronica,$ 350.0,2.0,Debito
2190,06/05/2025,104,Ana Lopez,Mendoza,Laptop Pro,Electronica,$ 1200.5,3.0,Transferencia
2191,2025-07-10,101,JUAN PEREZ,CORDOBA,Monitor 24',Electronica,$ 350.0,2.0,Transferencia
2192,2025-04-27,105,PEDRO GOMEZ,CORDOBA,Teclado Mecanico,Accesorios,$ 80.0,4.0,Debito
2193,2025-07-05,105,PEDRO GOMEZ,CORDOBA,Silla Gamer,Muebles,$ 250.0,1.0,Tarjeta Credito
2194,2025-06-11,101,JUAN PEREZ,CORDOBA,Monitor 24',Electronica,$ 350.0,4.0,Tarjeta Credito
2195,2025-12-05,104,Ana Lopez,Mendoza,Laptop Pro,Electronica,$ 1200.5,5.0,Tarjeta Credito
2196,2025-12-05,106,Lucia Fernandez,TUCUMAN,Silla Gamer,Muebles,$ 250.0,4.0,Debito
2197,2025-10-11,106,Lucia Fernandez,TUCUMAN,Silla Gamer,Muebles,$ 250.0,3.0,Efectivo
2198,2025-09-28,101,JUAN PEREZ,CORDOBA,Monitor 24',Electronica,$ 350.0,4.0,Debito
2199,2025-10-06,106,Lucia Fernandez,TUCUMAN,Mouse Optico,Accesorios,$ 25.0,4.0,Efectivo
2200,12/04/2025,106,Lucia Fernandez,TUCUMAN,Teclado Mecanico,Accesorios,$ 80.0,5.0,Efectivo
2201,2025-03-06,104,Ana Lopez,Mendoza,Silla Gamer,Muebles,$ 250.0,2.0,Tarjeta Credito
2202,2025-06-09,105,PEDRO GOMEZ,CORDOBA,Cable HDMI,Cables,$ 15.75,2.0,Tarjeta Credito
2203,2025-10-31,101,JUAN PEREZ,CORDOBA,Cable HDMI,Cables,$ 15.75,3.0,Debito
2204,2025-01-31,105,PEDRO GOMEZ,CORDOBA,Laptop Pro,Electronica,$ 1200.5,5.0,Efectivo
2205,2025-11-30,101,JUAN PEREZ,CORDOBA,Laptop Pro,Electronica,$ 1200.5,5.0,Tarjeta Credito
2206,2025-05-01,104,Ana Lopez,Mendoza,Monitor 24',Electronica,$ 350.0,5.0,Transferencia
2207,2025-05-26,103,Luis Garcia.,CABA,Monitor 24',Electronica,$ 350.0,5.0,Transferencia
2208,2025-09-24,106,Lucia Fernandez,TUCUMAN,Teclado Mecanico,Accesorios,$ 80.0,5.0,Transferencia
2209,2025-02-20,103,Luis Garcia.,CABA,Teclado Mecanico,Accesorios,$ 80.0,4.0,Tarjeta Credito
2210,06/08/2025,101,JUAN PEREZ,CORDOBA,Laptop Pro,Electronica,$ 1200.5,4.0,Tarjeta Credito
2211,2025-09-27,103,Luis Garcia.,CABA,Silla Gamer,Muebles,$ 250.0,4.0,Efectivo
2212,2025-11-22,105,PEDRO GOMEZ,CORDOBA,Teclado Mecanico,Accesorios,$ 80.0,4.0,Debito
2213,2025-09-16,102,  marta Sanchez  ,ROSARIO,Mouse Optico,Accesorios,$ 25.0,2.0,Tarjeta Credito
2214,2025-08-22,106,Lucia Fernandez,TUCUMAN,Mouse Optico,Accesorios,$ 25.0,5.0,Efectivo
2215,2025-07-29,101,JUAN PEREZ,CORDOBA,Cable HDMI,Cables,$ 15.75,3.0,Tarjeta Credito
2216,2025-03-02,105,PEDRO GOMEZ,CORDOBA,Mouse Optico,Accesorios,$ 25.0,3.0,Efectivo
2217,2025-03-15,104,Ana Lopez,Mendoza,Laptop Pro,Electronica,$ 1200.5,1.0,Efectivo
2218,2025-04-04,103,Luis Garcia.,CABA,Mouse Optico,Accesorios,$ 25.0,1.0,Efectivo
2219,2025-08-02,101,JUAN PEREZ,CORDOBA,Laptop Pro,Electronica,$ 1200.5,4.0,Efectivo
2220,07/11/2025,104,Ana Lopez,Mendoza,Teclado Mecanico,Accesorios,$ 80.0,4.0,Debito
2221,2025-03-18,106,Lucia Fernandez,TUCUMAN,Teclado Mecanico,Accesorios,$ 80.0,5.0,Debito
2222,2025-07-22,104,Ana Lopez,Mendoza,Mouse Optico,Accesorios,$ 25.0,4.0,Efectivo
2223,2025-03-26,106,Lucia Fernandez,TUCUMAN,Laptop Pro,Electronica,$ 1200.5,3.0,Tarjeta Credito
2224,2025-02-13,106,Lucia Fernandez,TUCUMAN,Cable HDMI,Cables,$ 15.75,5.0,Tarjeta Credito
2225,2025-04-07,105,PEDRO GOMEZ,CORDOBA,Cable HDMI,Cables,$ 15.75,1.0,Tarjeta Credito
2226,2025-04-03,106,Lucia Fernandez,TUCUMAN,Cable HDMI,Cables,$ 15.75,2.0,Transferencia
2227,2025-08-16,106,Lucia Fernandez,TUCUMAN,Cable HDMI,Cables,$ 15.75,3.0,Debito
2228,2025-09-09,105,PEDRO GOMEZ,CORDOBA,Laptop Pro,Electronica,$ 1200.5,4.0,Transferencia
2229,2025-09-28,104,Ana Lopez,Mendoza,Laptop Pro,Electronica,$ 1200.5,1.0,Tarjeta Credito
2230,27/05/2025,105,PEDRO GOMEZ,CORDOBA,Mouse Optico,Accesorios,$ 25.0,1.0,Transferencia
2231,2025-12-14,103,Luis Garcia.,CABA,Teclado Mecanico,Accesorios,$ 80.0,3.0,Transferencia
2232,2025-01-30,101,JUAN PEREZ,CORDOBA,Silla Gamer,Muebles,$ 250.0,2.0,Debito
2233,2025-07-12,103,Luis Garcia.,CABA,Monitor 24',Electronica,$ 350.0,1.0,Transferencia
2234,2025-10-28,102,  marta Sanchez  ,ROSARIO,Cable HDMI,Cables,$ 15.75,5.0,Debito
2235,2025-02-01,101,JUAN PEREZ,CORDOBA,Monitor 24',Electronica,$ 350.0,1.0,Debito
2236,2025-11-21,101,JUAN PEREZ,CORDOBA,Teclado Mecanico,Accesorios,$ 80.0,3.0,Tarjeta Credito
2237,2025-11-30,102,  marta Sanchez  ,ROSARIO,Cable HDMI,Cables,$ 15.75,4.0,Debito
2238,2025-09-14,101,JUAN PEREZ,CORDOBA,Silla Gamer,Muebles,$ 250.0,3.0,Transferencia
2239,2025-08-05,102,  marta Sanchez  ,ROSARIO,Cable HDMI,Cables,$ 15.75,1.0,Tarjeta Credito
2240,29/05/2025,104,Ana Lopez,Mendoza,Cable HDMI,Cables,$ 15.75,1.0,Debito
2241,2025-05-09,103,Luis Garcia.,CABA,Cable HDMI,Cables,$ 15.75,3.0,Transferencia
2242,2025-05-25,105,PEDRO GOMEZ,CORDOBA,Cable HDMI,Cables,,5.0,Tarjeta Credito
2243,2025-07-22,103,Luis Garcia.,CABA,Laptop Pro,Electronica,$ 1200.5,5.0,Efectivo
2244,2025-11-09,104,Ana Lopez,Mendoza,Mouse Optico,Accesorios,$ 25.0,3.0,Efectivo
2245,2025-05-20,106,Lucia Fernandez,TUCUMAN,Teclado Mecanico,Accesorios,$ 80.0,3.0,Transferencia
2246,2025-06-18,104,Ana Lopez,Mendoza,Cable HDMI,Cables,,1.0,Debito
2247,2025-12-11,101,JUAN PEREZ,CORDOBA,Laptop Pro,Electronica,$ 1200.5,4.0,Debito
2248,2025-11-29,105,PEDRO GOMEZ,CORDOBA,Laptop Pro,Electronica,$ 1200.5,4.0,Tarjeta Credito
2249,2025-11-04,103,Luis Garcia.,CABA,Teclado Mecanico,Accesorios,$ 80.0,1.0,Tarjeta Credito
2250,09/04/2025,104,Ana Lopez,Mendoza,Monitor 24',Electronica,$ 350.0,1.0,Efectivo
2251,2025-07-03,106,Lucia Fernandez,TUCUMAN,Silla Gamer,Muebles,$ 250.0,3.0,Transferencia
2252,2025-07-05,102,  marta Sanchez  ,ROSARIO,Teclado Mecanico,Accesorios,,5.0,Transferencia
2253,2025-11-23,101,JUAN PEREZ,CORDOBA,Mouse Optico,Accesorios,$ 25.0,5.0,Debito
2254,2025-04-10,102,  marta Sanchez  ,ROSARIO,Cable HDMI,Cables,$ 15.75,5.0,Transferencia
2255,2025-03-07,101,JUAN PEREZ,CORDOBA,Cable HDMI,Cables,$ 15.75,5.0,Transferencia
2256,2025-05-21,105,PEDRO GOMEZ,CORDOBA,Silla Gamer,Muebles,$ 250.0,5.0,Efectivo
2257,2025-08-21,106,Lucia Fernandez,TUCUMAN,Cable HDMI,Cables,,1.0,Efectivo
2258,2025-05-21,104,Ana Lopez,Mendoza,Teclado Mecanico,Accesorios,$ 80.0,4.0,Efectivo
2259,2025-04-25,105,PEDRO GOMEZ,CORDOBA,Laptop Pro,Electronica,,5.0,Debito
2260,20/07/2025,103,Luis Garcia.,CABA,Laptop Pro,Electronica,$ 1200.5,5.0,Tarjeta Credito
2261,2025-12-20,106,Lucia Fernandez,TUCUMAN,Mouse Optico,Accesorios,$ 25.0,2.0,Transferencia
2262,2025-06-09,102,  marta Sanchez  ,ROSARIO,Monitor 24',Electronica,$ 350.0,1.0,Debito
2263,2025-10-31,104,Ana Lopez,Mendoza,Laptop Pro,Electronica,$ 1200.5,3.0,Transferencia
2264,2025-05-03,101,JUAN PEREZ,CORDOBA,Teclado Mecanico,Accesorios,$ 80.0,3.0,Transferencia
2265,2025-11-14,101,JUAN PEREZ,CORDOBA,Cable HDMI,Cables,$ 15.75,4.0,Tarjeta Credito
2266,2025-01-18,101,JUAN PEREZ,CORDOBA,Laptop Pro,Electronica,$ 1200.5,1.0,Transferencia
2267,2025-01-29,101,JUAN PEREZ,CORDOBA,Teclado Mecanico,Accesorios,$ 80.0,1.0,Tarjeta Credito
2268,2025-10-14,106,Lucia Fernandez,TUCUMAN,Laptop Pro,Electronica,$ 1200.5,4.0,Tarjeta Credito
2269,2025-04-30,105,PEDRO GOMEZ,CORDOBA,Teclado Mecanico,Accesorios,$ 80.0,5.0,Tarjeta Credito
2270,26/08/2025,104,Ana Lopez,Mendoza,Teclado Mecanico,Accesorios,$ 80.0,5.0,Tarjeta Credito
2271,2025-12-12,103,Luis Garcia.,CABA,Silla Gamer,Muebles,$ 250.0,3.0,Transferencia
2272,2025-01-07,101,JUAN PEREZ,CORDOBA,Laptop Pro,Electronica,$ 1200.5,2.0,Transferencia
2273,2025-05-12,106,Lucia Fernandez,TUCUMAN,Cable HDMI,Cables,$ 15.75,5.0,Debito
2274,2025-03-12,102,  marta Sanchez  ,ROSARIO,Mouse Optico,Accesorios,$ 25.0,3.0,Debito
2275,2025-07-03,105,PEDRO GOMEZ,CORDOBA,Silla Gamer,Muebles,$ 250.0,2.0,Transferencia
2276,2025-11-05,104,Ana Lopez,Mendoza,Monitor 24',Electronica,$ 350.0,1.0,Transferencia
2277,2025-09-17,101,JUAN PEREZ,CORDOBA,Mouse Optico,Accesorios,$ 25.0,1.0,Debito
2278,2025-04-13,103,Luis Garcia.,CABA,Mouse Optico,Accesorios,$ 25.0,1.0,Efectivo
2279,2025-09-01,102,  marta Sanchez  ,ROSARIO,Silla Gamer,Muebles,$ 250.0,5.0,Efectivo
2280,21/06/2025,105,PEDRO GOMEZ,CORDOBA,Cable HDMI,Cables,$ 15.75,2.0,Tarjeta Credito
2281,2025-09-11,104,Ana Lopez,Mendoza,Laptop Pro,Electronica,$ 1200.5,,Transferencia
2282,2025-08-27,106,Lucia Fernandez,TUCUMAN,Mouse Optico,Accesorios,$ 25.0,3.0,Debito
2283,2025-04-05,102,  marta Sanchez  ,ROSARIO,Teclado Mecanico,Accesorios,$ 80.0,,Tarjeta Credito
2284,2025-01-16,101,JUAN PEREZ,CORDOBA,Monitor 24',Electronica,$ 350.0,4.0,Transferencia
2285,2025-07-04,106,Lucia Fernandez,TUCUMAN,Cable HDMI,Cables,,2.0,Efectivo
2286,2025-05-15,102,  marta Sanchez  ,ROSARIO,Mouse Optico,Accesorios,$ 25.0,5.0,Transferencia
2287,2025-01-12,102,  marta Sanchez  ,ROSARIO,Mouse Optico,Accesorios,$ 25.0,1.0,Tarjeta Credito
2288,2025-07-14,106,Lucia Fernandez,TUCUMAN,Mouse Optico,Accesorios,$ 25.0,3.0,Transferencia
2289,2025-05-03,103,Luis Garcia.,CABA,Teclado Mecanico,Accesorios,$ 80.0,2.0,Debito
2290,02/03/2025,106,Lucia Fernandez,TUCUMAN,Laptop Pro,Electronica,$ 1200.5,2.0,Transferencia
2291,2025-12-22,105,PEDRO GOMEZ,CORDOBA,Teclado Mecanico,Accesorios,$ 80.0,2.0,Tarjeta Credito
2292,2025-04-07,105,PEDRO GOMEZ,CORDOBA,Cable HDMI,Cables,$ 15.75,2.0,Efectivo
2293,2025-11-19,102,  marta Sanchez  ,ROSARIO,Laptop Pro,Electronica,$ 1200.5,5.0,Debito
2294,2025-02-11,102,  marta Sanchez  ,ROSARIO,Silla Gamer,Muebles,$ 250.0,5.0,Tarjeta Credito
2295,2025-07-18,102,  marta Sanchez  ,ROSARIO,Cable HDMI,Cables,$ 15.75,5.0,Efectivo
2296,2025-08-26,104,Ana Lopez,Mendoza,Cable HDMI,Cables,$ 15.75,5.0,Debito
2297,2025-08-31,106,Lucia Fernandez,TUCUMAN,Teclado Mecanico,Accesorios,$ 80.0,5.0,Tarjeta Credito
2298,2025-04-14,102,  marta Sanchez  ,ROSARIO,Mouse Optico,Accesorios,$ 25.0,2.0,Efectivo
2299,2025-10-20,104,Ana Lopez,Mendoza,Teclado Mecanico,Accesorios,$ 80.0,3.0,Tarjeta Credito
2300,01/06/2025,102,  marta Sanchez  ,ROSARIO,Laptop Pro,Electronica,$ 1200.5,5.0,Tarjeta Credito
2301,2025-11-15,104,Ana Lopez,Mendoza,Cable HDMI,Cables,$ 15.75,4.0,Debito
2302,2025-06-12,103,Luis Garcia.,CABA,Teclado Mecanico,Accesorios,$ 80.0,4.0,Transferencia
2303,2025-02-08,103,Luis Garcia.,CABA,Silla Gamer,Muebles,$ 250.0,5.0,Tarjeta Credito
2304,2025-02-20,103,Luis Garcia.,CABA,Mouse Optico,Accesorios,$ 25.0,5.0,Transferencia
2305,2025-12-12,103,Luis Garcia.,CABA,Mouse Optico,Accesorios,$ 25.0,3.0,Transferencia
2306,2025-03-12,106,Lucia Fernandez,TUCUMAN,Cable HDMI,Cables,$ 15.75,5.0,Efectivo
2307,2025-05-25,101,JUAN PEREZ,CORDOBA,Monitor 24',Electronica,$ 350.0,4.0,Debito
2308,2025-01-07,105,PEDRO GOMEZ,CORDOBA,Silla Gamer,Muebles,$ 250.0,2.0,Debito
2309,2025-04-18,102,  marta Sanchez  ,ROSARIO,Mouse Optico,Accesorios,$ 25.0,5.0,Debito
2310,24/06/2025,106,Lucia Fernandez,TUCUMAN,Teclado Mecanico,Accesorios,$ 80.0,2.0,Debito
2311,2025-04-18,106,Lucia Fernandez,TUCUMAN,Teclado Mecanico,Accesorios,$ 80.0,1.0,Efectivo
2312,2025-03-07,102,  marta Sanchez  ,ROSARIO,Cable HDMI,Cables,$ 15.75,4.0,Efectivo
2313,2025-08-03,103,Luis Garcia.,CABA,Mouse Optico,Accesorios,$ 25.0,5.0,Efectivo
2314,2025-01-12,103,Luis Garcia.,CABA,Cable HDMI,Cables,$ 15.75,2.0,Transferencia
2315,2025-11-19,103,Luis Garcia.,CABA,Cable HDMI,Cables,$ 15.75,5.0,Debito
2316,2025-07-20,104,Ana Lopez,Mendoza,Mouse Optico,Accesorios,$ 25.0,4.0,Tarjeta Credito
2317,2025-08-20,103,Luis Garcia.,CABA,Cable HDMI,Cables,$ 15.75,2.0,Tarjeta Credito
2318,2025-04-01,106,Lucia Fernandez,TUCUMAN,Cable HDMI,Cables,,4.0,Tarjeta Credito
2319,2025-02-05,102,  marta Sanchez  ,ROSARIO,Mouse Optico,Accesorios,$ 25.0,2.0,Transferencia
2320,26/09/2025,103,Luis Garcia.,CABA,Silla Gamer,Muebles,$ 250.0,5.0,Tarjeta Credito
2321,2025-07-30,102,  marta Sanchez  ,ROSARIO,Monitor 24',Electronica,$ 350.0,2.0,Debito
2322,2025-02-05,104,Ana Lopez,Mendoza,Silla Gamer,Muebles,$ 250.0,2.0,Transferencia
2323,2025-08-10,102,  marta Sanchez  ,ROSARIO,Monitor 24',Electronica,$ 350.0,2.0,Efectivo
2324,2025-09-15,105,PEDRO GOMEZ,CORDOBA,Mouse Optico,Accesorios,$ 25.0,2.0,Tarjeta Credito
2325,2025-02-02,102,  marta Sanchez  ,ROSARIO,Teclado Mecanico,Accesorios,$ 80.0,2.0,Efectivo
2326,2025-08-24,105,PEDRO GOMEZ,CORDOBA,Teclado Mecanico,Accesorios,$ 80.0,1.0,Efectivo
2327,2025-06-27,106,Lucia Fernandez,TUCUMAN,Teclado Mecanico,Accesorios,$ 80.0,3.0,Debito
2328,2025-08-01,105,PEDRO GOMEZ,CORDOBA,Mouse Optico,Accesorios,$ 25.0,4.0,Debito
2329,2025-04-04,104,Ana Lopez,Mendoza,Silla Gamer,Muebles,$ 250.0,1.0,Transferencia
2330,18/11/2025,102,  marta Sanchez  ,ROSARIO,Monitor 24',Electronica,$ 350.0,1.0,Transferencia
2331,2025-10-11,104,Ana Lopez,Mendoza,Teclado Mecanico,Accesorios,$ 80.0,1.0,Efectivo
2332,2025-03-26,104,Ana Lopez,Mendoza,Teclado Mecanico,Accesorios,$ 80.0,4.0,Tarjeta Credito
2333,2025-12-22,101,JUAN PEREZ,CORDOBA,Silla Gamer,Muebles,$ 250.0,3.0,Debito
2334,2025-01-20,102,  marta Sanchez  ,ROSARIO,Teclado Mecanico,Accesorios,,2.0,Efectivo
2335,2025-08-26,106,Lucia Fernandez,TUCUMAN,Silla Gamer,Muebles,$ 250.0,5.0,Transferencia
2336,2025-03-13,106,Lucia Fernandez,TUCUMAN,Teclado Mecanico,Accesorios,$ 80.0,2.0,Transferencia
2337,2025-02-21,101,JUAN PEREZ,CORDOBA,Cable HDMI,Cables,$ 15.75,4.0,Transferencia
2338,2025-01-06,101,JUAN PEREZ,CORDOBA,Silla Gamer,Muebles,$ 250.0,3.0,Transferencia
2339,2025-01-18,102,  marta Sanchez  ,ROSARIO,Silla Gamer,Muebles,$ 250.0,4.0,Tarjeta Credito
2340,25/11/2025,106,Lucia Fernandez,TUCUMAN,Cable HDMI,Cables,$ 15.75,1.0,Debito
2341,2025-08-16,106,Lucia Fernandez,TUCUMAN,Monitor 24',Electronica,$ 350.0,,Debito
2342,2025-07-11,102,  marta Sanchez  ,ROSARIO,Mouse Optico,Accesorios,$ 25.0,1.0,Debito
2343,2025-06-22,101,JUAN PEREZ,CORDOBA,Laptop Pro,Electronica,$ 1200.5,1.0,Transferencia
2344,2025-03-27,101,JUAN PEREZ,CORDOBA,Silla Gamer,Muebles,$ 250.0,5.0,Tarjeta Credito
2345,2025-10-15,103,Luis Garcia.,CABA,Monitor 24',Electronica,$ 350.0,5.0,Debito
2346,2025-04-29,104,Ana Lopez,Mendoza,Laptop Pro,Electronica,$ 1200.5,2.0,Tarjeta Credito
2347,2025-06-11,104,Ana Lopez,Mendoza,Silla Gamer,Muebles,,2.0,Tarjeta Credito
2348,2025-11-29,106,Lucia Fernandez,TUCUMAN,Monitor 24',Electronica,$ 350.0,2.0,Debito
2349,2025-09-13,103,Luis Garcia.,CABA,Cable HDMI,Cables,$ 15.75,5.0,Transferencia
2350,04/11/2025,103,Luis Garcia.,CABA,Laptop Pro,Electronica,$ 1200.5,4.0,Transferencia
2351,2025-11-22,103,Luis Garcia.,CABA,Mouse Optico,Accesorios,$ 25.0,4.0,Tarjeta Credito
2352,2025-11-08,103,Luis Garcia.,CABA,Laptop Pro,Electronica,$ 1200.5,5.0,Transferencia
2353,2025-12-27,105,PEDRO GOMEZ,CORDOBA,Cable HDMI,Cables,$ 15.75,5.0,Tarjeta Credito
2354,2025-08-08,103,Luis Garcia.,CABA,Mouse Optico,Accesorios,$ 25.0,1.0,Transferencia
2355,2025-06-01,103,Luis Garcia.,CABA,Teclado Mecanico,Accesorios,$ 80.0,1.0,Transferencia
2356,2025-08-16,106,Lucia Fernandez,TUCUMAN,Cable HDMI,Cables,$ 15.75,3.0,Efectivo
2357,2025-09-24,106,Lucia Fernandez,TUCUMAN,Laptop Pro,Electronica,$ 1200.5,3.0,Tarjeta Credito
2358,2025-06-19,102,  marta Sanchez  ,ROSARIO,Silla Gamer,Muebles,$ 250.0,1.0,Transferencia
2359,2025-04-24,106,Lucia Fernandez,TUCUMAN,Silla Gamer,Muebles,$ 250.0,3.0,Transferencia
2360,04/01/2025,104,Ana Lopez,Mendoza,Silla Gamer,Muebles,$ 250.0,2.0,Tarjeta Credito
2361,2025-04-15,106,Lucia Fernandez,TUCUMAN,Mouse Optico,Accesorios,$ 25.0,5.0,Transferencia
2362,2025-02-10,102,  marta Sanchez  ,ROSARIO,Cable HDMI,Cables,$ 15.75,2.0,Transferencia
2363,2025-04-01,102,  marta Sanchez  ,ROSARIO,Teclado Mecanico,Accesorios,$ 80.0,5.0,Debito
2364,2025-05-20,106,Lucia Fernandez,TUCUMAN,Mouse Optico,Accesorios,$ 25.0,3.0,Debito
2365,2025-08-30,104,Ana Lopez,Mendoza,Mouse Optico,Accesorios,$ 25.0,4.0,Transferencia
2366,2025-07-15,104,Ana Lopez,Mendoza,Laptop Pro,Electronica,$ 1200.5,3.0,Transferencia
2367,2025-03-31,105,PEDRO GOMEZ,CORDOBA,Silla Gamer,Muebles,$ 250.0,4.0,Efectivo
2368,2025-11-07,104,Ana Lopez,Mendoza,Cable HDMI,Cables,$ 15.75,4.0,Transferencia
2369,2025-01-03,102,  marta Sanchez  ,ROSARIO,Mouse Optico,Accesorios,,3.0,Debito
2370,22/07/2025,104,Ana Lopez,Mendoza,Teclado Mecanico,Accesorios,$ 80.0,4.0,Efectivo
2371,2025-02-06,106,Lucia Fernandez,TUCUMAN,Cable HDMI,Cables,$ 15.75,1.0,Debito
2372,2025-04-10,105,PEDRO GOMEZ,CORDOBA,Mouse Optico,Accesorios,$ 25.0,3.0,Debito
2373,2025-07-08,106,Lucia Fernandez,TUCUMAN,Silla Gamer,Muebles,$ 250.0,4.0,Transferencia
2374,2025-01-18,102,  marta Sanchez  ,ROSARIO,Teclado Mecanico,Accesorios,$ 80.0,1.0,Transferencia
2375,2025-08-22,103,Luis Garcia.,CABA,Cable HDMI,Cables,$ 15.75,2.0,Transferencia
2376,2025-02-17,101,JUAN PEREZ,CORDOBA,Laptop Pro,Electronica,$ 1200.5,4.0,Tarjeta Credito
2377,2025-08-05,105,PEDRO GOMEZ,CORDOBA,Mouse Optico,Accesorios,$ 25.0,3.0,Debito
2378,2025-07-30,105,PEDRO GOMEZ,CORDOBA,Monitor 24',Electronica,$ 350.0,1.0,Tarjeta Credito
2379,2025-06-26,106,Lucia Fernandez,TUCUMAN,Cable HDMI,Cables,$ 15.75,2.0,Debito
2380,04/01/2025,106,Lucia Fernandez,TUCUMAN,Monitor 24',Electronica,$ 350.0,1.0,Tarjeta Credito
2381,2025-08-02,101,JUAN PEREZ,CORDOBA,Silla Gamer,Muebles,$ 250.0,4.0,Transferencia
2382,2025-04-06,102,  marta Sanchez  ,ROSARIO,Monitor 24',Electronica,$ 350.0,2.0,Tarjeta Credito
2383,2025-04-19,104,Ana Lopez,Mendoza,Cable HDMI,Cables,$ 15.75,2.0,Transferencia
2384,2025-08-14,103,Luis Garcia.,CABA,Teclado Mecanico,Accesorios,$ 80.0,2.0,Tarjeta Credito
2385,2025-07-13,103,Luis Garcia.,CABA,Laptop Pro,Electronica,$ 1200.5,1.0,Transferencia
2386,2025-12-11,104,Ana Lopez,Mendoza,Teclado Mecanico,Accesorios,$ 80.0,,Efectivo
2387,2025-10-26,101,JUAN PEREZ,CORDOBA,Silla Gamer,Muebles,$ 250.0,2.0,Tarjeta Credito
2388,2025-09-24,104,Ana Lopez,Mendoza,Cable HDMI,Cables,$ 15.75,4.0,Debito
2389,2025-08-08,103,Luis Garcia.,CABA,Cable HDMI,Cables,$ 15.75,3.0,Efectivo
2390,07/12/2025,102,  marta Sanchez  ,ROSARIO,Monitor 24',Electronica,$ 350.0,3.0,Efectivo
2391,2025-08-22,101,JUAN PEREZ,CORDOBA,Laptop Pro,Electronica,$ 1200.5,2.0,Tarjeta Credito
2392,2025-09-29,105,PEDRO GOMEZ,CORDOBA,Laptop Pro,Electronica,$ 1200.5,2.0,Efectivo
2393,2025-12-18,104,Ana Lopez,Mendoza,Cable HDMI,Cables,$ 15.75,4.0,Transferencia
2394,2025-06-14,101,JUAN PEREZ,CORDOBA,Silla Gamer,Muebles,,1.0,Efectivo
2395,2025-04-30,106,Lucia Fernandez,TUCUMAN,Teclado Mecanico,Accesorios,$ 80.0,5.0,Tarjeta Credito
2396,2025-09-01,103,Luis Garcia.,CABA,Teclado Mecanico,Accesorios,$ 80.0,1.0,Debito
2397,2025-04-10,103,Luis Garcia.,CABA,Cable HDMI,Cables,$ 15.75,5.0,Tarjeta Credito
2398,2025-02-14,102,  marta Sanchez  ,ROSARIO,Teclado Mecanico,Accesorios,$ 80.0,5.0,Debito
2399,2025-03-01,102,  marta Sanchez  ,ROSARIO,Teclado Mecanico,Accesorios,$ 80.0,2.0,Transferencia
2400,25/12/2025,102,  marta Sanchez  ,ROSARIO,Silla Gamer,Muebles,$ 250.0,1.0,Transferencia
2401,2025-05-24,103,Luis Garcia.,CABA,Teclado Mecanico,Accesorios,$ 80.0,4.0,Tarjeta Credito
2402,2025-10-01,106,Lucia Fernandez,TUCUMAN,Mouse Optico,Accesorios,$ 25.0,3.0,Transferencia
2403,2025-02-03,105,PEDRO GOMEZ,CORDOBA,Cable HDMI,Cables,$ 15.75,4.0,Debito
2404,2025-05-13,102,  marta Sanchez  ,ROSARIO,Mouse Optico,Accesorios,$ 25.0,1.0,Efectivo
2405,2025-04-07,106,Lucia Fernandez,TUCUMAN,Cable HDMI,Cables,$ 15.75,3.0,Transferencia
2406,2025-10-23,103,Luis Garcia.,CABA,Teclado Mecanico,Accesorios,$ 80.0,5.0,Transferencia
2407,2025-06-13,104,Ana Lopez,Mendoza,Teclado Mecanico,Accesorios,$ 80.0,2.0,Transferencia
2408,2025-01-05,101,JUAN PEREZ,CORDOBA,Teclado Mecanico,Accesorios,$ 80.0,2.0,Efectivo
2409,2025-12-15,102,  marta Sanchez  ,ROSARIO,Teclado Mecanico,Accesorios,$ 80.0,2.0,Tarjeta Credito
2410,08/06/2025,105,PEDRO GOMEZ,CORDOBA,Monitor 24',Electronica,$ 350.0,3.0,Debito
2411,2025-09-11,106,Lucia Fernandez,TUCUMAN,Mouse Optico,Accesorios,$ 25.0,1.0,Efectivo
2412,2025-04-18,102,  marta Sanchez  ,ROSARIO,Silla Gamer,Muebles,$ 250.0,2.0,Tarjeta Credito
2413,2025-07-20,102,  marta Sanchez  ,ROSARIO,Teclado Mecanico,Accesorios,$ 80.0,2.0,Tarjeta Credito
2414,2025-06-22,105,PEDRO GOMEZ,CORDOBA,Teclado Mecanico,Accesorios,$ 80.0,3.0,Debito
2415,2025-09-28,104,Ana Lopez,Mendoza,Laptop Pro,Electronica,$ 1200.5,2.0,Debito
2416,2025-06-15,101,JUAN PEREZ,CORDOBA,Mouse Optico,Accesorios,$ 25.0,1.0,Efectivo
2417,2025-03-25,104,Ana Lopez,Mendoza,Silla Gamer,Muebles,$ 250.0,4.0,Efectivo
2418,2025-04-22,102,  marta Sanchez  ,ROSARIO,Mouse Optico,Accesorios,$ 25.0,1.0,Efectivo
2419,2025-02-22,106,Lucia Fernandez,TUCUMAN,Cable HDMI,Cables,$ 15.75,2.0,Debito
2420,28/03/2025,104,Ana Lopez,Mendoza,Silla Gamer,Muebles,$ 250.0,4.0,Transferencia
2421,2025-09-21,101,JUAN PEREZ,CORDOBA,Laptop Pro,Electronica,$ 1200.5,2.0,Debito
2422,2025-03-02,102,  marta Sanchez  ,ROSARIO,Laptop Pro,Electronica,$ 1200.5,5.0,Transferencia
2423,2025-07-12,106,Lucia Fernandez,TUCUMAN,Silla Gamer,Muebles,$ 250.0,1.0,Debito
2424,2025-05-21,106,Lucia Fernandez,TUCUMAN,Teclado Mecanico,Accesorios,$ 80.0,1.0,Tarjeta Credito
2425,2025-03-04,101,JUAN PEREZ,CORDOBA,Laptop Pro,Electronica,$ 1200.5,5.0,Transferencia
2426,2025-10-21,101,JUAN PEREZ,CORDOBA,Cable HDMI,Cables,$ 15.75,1.0,Transferencia
2427,2025-11-27,104,Ana Lopez,Mendoza,Teclado Mecanico,Accesorios,$ 80.0,2.0,Tarjeta Credito
2428,2026-01-01,103,Luis Garcia.,CABA,Laptop Pro,Electronica,$ 1200.5,2.0,Debito
2429,2025-07-21,106,Lucia Fernandez,TUCUMAN,Laptop Pro,Electronica,$ 1200.5,5.0,Debito
2430,27/10/2025,101,JUAN PEREZ,CORDOBA,Cable HDMI,Cables,$ 15.75,1.0,Transferencia
2431,2025-04-03,106,Lucia Fernandez,TUCUMAN,Laptop Pro,Electronica,$ 1200.5,1.0,Debito
2432,2025-01-21,103,Luis Garcia.,CABA,Laptop Pro,Electronica,$ 1200.5,2.0,Tarjeta Credito
2433,2025-01-18,105,PEDRO GOMEZ,CORDOBA,Monitor 24',Electronica,$ 350.0,3.0,Efectivo
2434,2025-08-05,105,PEDRO GOMEZ,CORDOBA,Mouse Optico,Accesorios,$ 25.0,2.0,Efectivo
2435,2025-05-31,101,JUAN PEREZ,CORDOBA,Cable HDMI,Cables,$ 15.75,5.0,Debito
2436,2025-09-25,106,Lucia Fernandez,TUCUMAN,Monitor 24',Electronica,$ 350.0,5.0,Transferencia
2437,2025-12-06,106,Lucia Fernandez,TUCUMAN,Laptop Pro,Electronica,$ 1200.5,2.0,Transferencia
2438,2025-03-10,103,Luis Garcia.,CABA,Mouse Optico,Accesorios,$ 25.0,3.0,Efectivo
2439,2025-11-15,102,  marta Sanchez  ,ROSARIO,Silla Gamer,Muebles,$ 250.0,3.0,Debito
2440,24/07/2025,106,Lucia Fernandez,TUCUMAN,Mouse Optico,Accesorios,$ 25.0,4.0,Transferencia
2441,2025-02-06,105,PEDRO GOMEZ,CORDOBA,Mouse Optico,Accesorios,$ 25.0,2.0,Efectivo
2442,2025-11-28,105,PEDRO GOMEZ,CORDOBA,Silla Gamer,Muebles,$ 250.0,4.0,Transferencia
2443,2025-07-14,103,Luis Garcia.,CABA,Teclado Mecanico,Accesorios,,1.0,Efectivo
2444,2025-02-26,101,JUAN PEREZ,CORDOBA,Cable HDMI,Cables,$ 15.75,3.0,Tarjeta Credito
2445,2025-05-20,103,Luis Garcia.,CABA,Monitor 24',Electronica,$ 350.0,3.0,Tarjeta Credito
2446,2025-04-24,101,JUAN PEREZ,CORDOBA,Teclado Mecanico,Accesorios,$ 80.0,1.0,Transferencia
2447,2025-06-06,105,PEDRO GOMEZ,CORDOBA,Silla Gamer,Muebles,$ 250.0,1.0,Efectivo
2448,2025-05-25,106,Lucia Fernandez,TUCUMAN,Cable HDMI,Cables,$ 15.75,1.0,Transferencia
2449,2025-04-03,103,Luis Garcia.,CABA,Teclado Mecanico,Accesorios,$ 80.0,5.0,Debito
2450,07/03/2025,104,Ana Lopez,Mendoza,Cable HDMI,Cables,$ 15.75,2.0,Transferencia
2451,2025-10-18,102,  marta Sanchez  ,ROSARIO,Teclado Mecanico,Accesorios,$ 80.0,3.0,Transferencia
2452,2025-08-03,106,Lucia Fernandez,TUCUMAN,Cable HDMI,Cables,$ 15.75,3.0,Debito
2453,2025-05-22,105,PEDRO GOMEZ,CORDOBA,Monitor 24',Electronica,$ 350.0,2.0,Efectivo
2454,2025-06-06,106,Lucia Fernandez,TUCUMAN,Laptop Pro,Electronica,$ 1200.5,1.0,Tarjeta Credito
2455,2025-05-03,101,JUAN PEREZ,CORDOBA,Silla Gamer,Muebles,$ 250.0,1.0,Tarjeta Credito
2456,2025-10-11,106,Lucia Fernandez,TUCUMAN,Monitor 24',Electronica,$ 350.0,1.0,Debito
2457,2025-03-11,106,Lucia Fernandez,TUCUMAN,Cable HDMI,Cables,$ 15.75,5.0,Tarjeta Credito
2458,2025-11-12,104,Ana Lopez,Mendoza,Laptop Pro,Electronica,$ 1200.5,1.0,Debito
2459,2025-06-26,106,Lucia Fernandez,TUCUMAN,Cable HDMI,Cables,$ 15.75,5.0,Tarjeta Credito
2460,28/03/2025,105,PEDRO GOMEZ,CORDOBA,Teclado Mecanico,Accesorios,$ 80.0,5.0,Transferencia
2461,2025-07-07,102,  marta Sanchez  ,ROSARIO,Laptop Pro,Electronica,$ 1200.5,1.0,Debito
2462,2025-03-29,104,Ana Lopez,Mendoza,Teclado Mecanico,Accesorios,$ 80.0,2.0,Tarjeta Credito
2463,2025-09-05,103,Luis Garcia.,CABA,Monitor 24',Electronica,$ 350.0,5.0,Debito
2464,2025-11-26,102,  marta Sanchez  ,ROSARIO,Monitor 24',Electronica,$ 350.0,4.0,Debito
2465,2025-01-04,101,JUAN PEREZ,CORDOBA,Monitor 24',Electronica,$ 350.0,3.0,Tarjeta Credito
2466,2025-04-06,101,JUAN PEREZ,CORDOBA,Monitor 24',Electronica,$ 350.0,,Debito
2467,2025-02-13,104,Ana Lopez,Mendoza,Mouse Optico,Accesorios,$ 25.0,4.0,Tarjeta Credito
2468,2025-03-21,104,Ana Lopez,Mendoza,Laptop Pro,Electronica,$ 1200.5,4.0,Debito
2469,2025-07-06,103,Luis Garcia.,CABA,Monitor 24',Electronica,$ 350.0,3.0,Tarjeta Credito
2470,13/08/2025,104,Ana Lopez,Mendoza,Silla Gamer,Muebles,$ 250.0,4.0,Tarjeta Credito
2471,2025-04-12,103,Luis Garcia.,CABA,Silla Gamer,Muebles,$ 250.0,2.0,Debito
2472,2025-06-19,104,Ana Lopez,Mendoza,Silla Gamer,Muebles,$ 250.0,2.0,Debito
2473,2025-03-02,106,Lucia Fernandez,TUCUMAN,Monitor 24',Electronica,$ 350.0,2.0,Efectivo
2474,2025-07-19,104,Ana Lopez,Mendoza,Cable HDMI,Cables,$ 15.75,1.0,Transferencia
2475,2025-09-14,102,  marta Sanchez  ,ROSARIO,Monitor 24',Electronica,,1.0,Efectivo
2476,2025-01-05,104,Ana Lopez,Mendoza,Cable HDMI,Cables,$ 15.75,4.0,Tarjeta Credito
2477,2025-11-13,104,Ana Lopez,Mendoza,Mouse Optico,Accesorios,$ 25.0,2.0,Efectivo
2478,2025-12-25,101,JUAN PEREZ,CORDOBA,Monitor 24',Electronica,$ 350.0,2.0,Debito
2479,2025-12-25,106,Lucia Fernandez,TUCUMAN,Laptop Pro,Electronica,$ 1200.5,2.0,Transferencia
2480,09/03/2025,102,  marta Sanchez  ,ROSARIO,Laptop Pro,Electronica,$ 1200.5,2.0,Transferencia
2481,2025-11-12,104,Ana Lopez,Mendoza,Laptop Pro,Electronica,$ 1200.5,4.0,Debito
2482,2025-12-25,105,PEDRO GOMEZ,CORDOBA,Monitor 24',Electronica,$ 350.0,3.0,Debito
2483,2025-09-19,104,Ana Lopez,Mendoza,Laptop Pro,Electronica,$ 1200.5,1.0,Efectivo
2484,2025-06-29,103,Luis Garcia.,CABA,Monitor 24',Electronica,$ 350.0,1.0,Transferencia
2485,2025-01-27,101,JUAN PEREZ,CORDOBA,Laptop Pro,Electronica,$ 1200.5,3.0,Debito
2486,2025-02-21,103,Luis Garcia.,CABA,Cable HDMI,Cables,$ 15.75,4.0,Efectivo
2487,2025-02-27,103,Luis Garcia.,CABA,Monitor 24',Electronica,$ 350.0,,Transferencia
2488,2025-07-05,103,Luis Garcia.,CABA,Monitor 24',Electronica,$ 350.0,5.0,Efectivo
2489,2025-05-22,102,  marta Sanchez  ,ROSARIO,Silla Gamer,Muebles,$ 250.0,1.0,Transferencia
2490,05/11/2025,106,Lucia Fernandez,TUCUMAN,Silla Gamer,Muebles,$ 250.0,2.0,Transferencia
2491,2025-02-20,106,Lucia Fernandez,TUCUMAN,Teclado Mecanico,Accesorios,$ 80.0,3.0,Efectivo
2492,2025-04-14,106,Lucia Fernandez,TUCUMAN,Teclado Mecanico,Accesorios,$ 80.0,2.0,Transferencia
2493,2025-12-31,104,Ana Lopez,Mendoza,Cable HDMI,Cables,$ 15.75,5.0,Efectivo
2494,2025-11-19,103,Luis Garcia.,CABA,Teclado Mecanico,Accesorios,$ 80.0,1.0,Debito
2495,2025-09-15,104,Ana Lopez,Mendoza,Cable HDMI,Cables,$ 15.75,3.0,Transferencia
2496,2025-10-17,103,Luis Garcia.,CABA,Laptop Pro,Electronica,$ 1200.5,2.0,Debito
2497,2025-09-30,104,Ana Lopez,Mendoza,Silla Gamer,Muebles,$ 250.0,2.0,Debito
2498,2025-10-15,105,PEDRO GOMEZ,CORDOBA,Teclado Mecanico,Accesorios,$ 80.0,3.0,Transferencia
2499,2025-03-23,102,  marta Sanchez  ,ROSARIO,Laptop Pro,Electronica,$ 1200.5,1.0,Debito
2500,26/09/2025,105,PEDRO GOMEZ,CORDOBA,Silla Gamer,Muebles,$ 250.0,3.0,Efectivo
2501,2025-03-29,105,PEDRO GOMEZ,CORDOBA,Laptop Pro,Electronica,$ 1200.5,3.0,Tarjeta Credito
2502,2025-05-23,106,Lucia Fernandez,TUCUMAN,Mouse Optico,Accesorios,$ 25.0,1.0,Transferencia
2503,2025-03-01,102,  marta Sanchez  ,ROSARIO,Cable HDMI,Cables,,5.0,Efectivo
2504,2025-12-28,103,Luis Garcia.,CABA,Laptop Pro,Electronica,$ 1200.5,2.0,Debito
2505,2025-06-16,105,PEDRO GOMEZ,CORDOBA,Monitor 24',Electronica,$ 350.0,1.0,Efectivo
2506,2025-05-24,102,  marta Sanchez  ,ROSARIO,Silla Gamer,Muebles,$ 250.0,5.0,Tarjeta Credito
2507,2025-12-19,106,Lucia Fernandez,TUCUMAN,Silla Gamer,Muebles,$ 250.0,5.0,Transferencia
2508,2025-06-16,104,Ana Lopez,Mendoza,Mouse Optico,Accesorios,$ 25.0,4.0,Transferencia
2509,2025-08-11,104,Ana Lopez,Mendoza,Mouse Optico,Accesorios,$ 25.0,1.0,Debito
2510,05/04/2025,102,  marta Sanchez  ,ROSARIO,Teclado Mecanico,Accesorios,$ 80.0,5.0,Debito
2511,2025-11-28,106,Lucia Fernandez,TUCUMAN,Mouse Optico,Accesorios,$ 25.0,2.0,Debito
2512,2025-04-07,106,Lucia Fernandez,TUCUMAN,Cable HDMI,Cables,$ 15.75,2.0,Debito
2513,2025-02-21,106,Lucia Fernandez,TUCUMAN,Teclado Mecanico,Accesorios,$ 80.0,1.0,Tarjeta Credito
2514,2025-01-11,104,Ana Lopez,Mendoza,Teclado Mecanico,Accesorios,$ 80.0,,Tarjeta Credito
2515,2025-02-12,102,  marta Sanchez  ,ROSARIO,Mouse Optico,Accesorios,$ 25.0,5.0,Tarjeta Credito
2516,2025-10-05,101,JUAN PEREZ,CORDOBA,Laptop Pro,Electronica,$ 1200.5,1.0,Transferencia
2517,2025-10-16,102,  marta Sanchez  ,ROSARIO,Teclado Mecanico,Accesorios,$ 80.0,3.0,Efectivo
2518,2025-05-05,104,Ana Lopez,Mendoza,Mouse Optico,Accesorios,$ 25.0,5.0,Tarjeta Credito
2519,2025-02-22,101,JUAN PEREZ,CORDOBA,Laptop Pro,Electronica,$ 1200.5,4.0,Transferencia
2520,13/01/2025,101,JUAN PEREZ,CORDOBA,Mouse Optico,Accesorios,$ 25.0,3.0,Efectivo
2521,2025-07-16,102,  marta Sanchez  ,ROSARIO,Silla Gamer,Muebles,$ 250.0,1.0,Debito
2522,2025-04-25,102,  marta Sanchez  ,ROSARIO,Laptop Pro,Electronica,$ 1200.5,3.0,Tarjeta Credito
2523,2025-03-02,105,PEDRO GOMEZ,CORDOBA,Monitor 24',Electronica,$ 350.0,1.0,Tarjeta Credito
2524,2025-04-02,105,PEDRO GOMEZ,CORDOBA,Mouse Optico,Accesorios,$ 25.0,2.0,Debito
2525,2025-12-18,102,  marta Sanchez  ,ROSARIO,Silla Gamer,Muebles,$ 250.0,3.0,Tarjeta Credito
2526,2025-12-05,103,Luis Garcia.,CABA,Teclado Mecanico,Accesorios,$ 80.0,1.0,Tarjeta Credito
2527,2025-03-17,102,  marta Sanchez  ,ROSARIO,Silla Gamer,Muebles,$ 250.0,4.0,Tarjeta Credito
2528,2025-08-07,101,JUAN PEREZ,CORDOBA,Cable HDMI,Cables,$ 15.75,1.0,Efectivo
2529,2025-07-17,102,  marta Sanchez  ,ROSARIO,Mouse Optico,Accesorios,$ 25.0,4.0,Debito
2530,20/06/2025,105,PEDRO GOMEZ,CORDOBA,Silla Gamer,Muebles,$ 250.0,2.0,Debito
2531,2025-09-12,104,Ana Lopez,Mendoza,Cable HDMI,Cables,$ 15.75,5.0,Transferencia
2532,2025-10-25,104,Ana Lopez,Mendoza,Laptop Pro,Electronica,$ 1200.5,2.0,Tarjeta Credito
2533,2025-01-02,102,  marta Sanchez  ,ROSARIO,Monitor 24',Electronica,$ 350.0,3.0,Debito
2534,2025-01-31,102,  marta Sanchez  ,ROSARIO,Laptop Pro,Electronica,$ 1200.5,2.0,Efectivo
2535,2025-10-10,104,Ana Lopez,Mendoza,Mouse Optico,Accesorios,$ 25.0,2.0,Transferencia
2536,2025-03-12,102,  marta Sanchez  ,ROSARIO,Laptop Pro,Electronica,$ 1200.5,2.0,Debito
2537,2025-12-23,106,Lucia Fernandez,TUCUMAN,Laptop Pro,Electronica,$ 1200.5,1.0,Tarjeta Credito
2538,2025-03-22,104,Ana Lopez,Mendoza,Cable HDMI,Cables,,1.0,Transferencia
2539,2025-10-19,101,JUAN PEREZ,CORDOBA,Laptop Pro,Electronica,$ 1200.5,2.0,Debito
2540,28/09/2025,106,Lucia Fernandez,TUCUMAN,Mouse Optico,Accesorios,$ 25.0,4.0,Efectivo
2541,2025-12-22,104,Ana Lopez,Mendoza,Silla Gamer,Muebles,,1.0,Tarjeta Credito
2542,2025-09-15,105,PEDRO GOMEZ,CORDOBA,Mouse Optico,Accesorios,$ 25.0,4.0,Debito
2543,2025-05-13,105,PEDRO GOMEZ,CORDOBA,Silla Gamer,Muebles,$ 250.0,2.0,Debito
2544,2025-02-17,102,  marta Sanchez  ,ROSARIO,Monitor 24',Electronica,$ 350.0,2.0,Transferencia
2545,2025-01-29,104,Ana Lopez,Mendoza,Cable HDMI,Cables,$ 15.75,5.0,Tarjeta Credito
2546,2025-09-02,106,Lucia Fernandez,TUCUMAN,Teclado Mecanico,Accesorios,$ 80.0,4.0,Transferencia
2547,2025-11-28,101,JUAN PEREZ,CORDOBA,Monitor 24',Electronica,$ 350.0,1.0,Tarjeta Credito
2548,2025-06-21,103,Luis Garcia.,CABA,Cable HDMI,Cables,,5.0,Tarjeta Credito
2549,2025-11-02,101,JUAN PEREZ,CORDOBA,Mouse Optico,Accesorios,,2.0,Transferencia
2550,04/05/2025,106,Lucia Fernandez,TUCUMAN,Laptop Pro,Electronica,$ 1200.5,5.0,Tarjeta Credito
2551,2025-01-24,105,PEDRO GOMEZ,CORDOBA,Teclado Mecanico,Accesorios,,3.0,Tarjeta Credito
2552,2025-07-23,103,Luis Garcia.,CABA,Monitor 24',Electronica,$ 350.0,4.0,Efectivo
2553,2025-12-12,102,  marta Sanchez  ,ROSARIO,Silla Gamer,Muebles,$ 250.0,5.0,Tarjeta Credito
2554,2025-01-13,105,PEDRO GOMEZ,CORDOBA,Mouse Optico,Accesorios,$ 25.0,5.0,Tarjeta Credito
2555,2025-03-19,103,Luis Garcia.,CABA,Mouse Optico,Accesorios,$ 25.0,1.0,Transferencia
2556,2025-12-01,102,  marta Sanchez  ,ROSARIO,Silla Gamer,Muebles,$ 250.0,5.0,Efectivo
2557,2025-06-23,104,Ana Lopez,Mendoza,Mouse Optico,Accesorios,$ 25.0,4.0,Tarjeta Credito
2558,2025-07-18,106,Lucia Fernandez,TUCUMAN,Silla Gamer,Muebles,$ 250.0,5.0,Tarjeta Credito
2559,2025-11-18,102,  marta Sanchez  ,ROSARIO,Cable HDMI,Cables,$ 15.75,1.0,Transferencia
2560,14/02/2025,103,Luis Garcia.,CABA,Cable HDMI,Cables,$ 15.75,2.0,Efectivo
2561,2025-05-24,102,  marta Sanchez  ,ROSARIO,Laptop Pro,Electronica,$ 1200.5,1.0,Transferencia
2562,2025-05-13,106,Lucia Fernandez,TUCUMAN,Teclado Mecanico,Accesorios,$ 80.0,4.0,Transferencia
2563,2025-09-07,101,JUAN PEREZ,CORDOBA,Cable HDMI,Cables,,4.0,Debito
2564,2025-03-08,105,PEDRO GOMEZ,CORDOBA,Silla Gamer,Muebles,$ 250.0,5.0,Efectivo
2565,2025-12-16,103,Luis Garcia.,CABA,Laptop Pro,Electronica,$ 1200.5,1.0,Tarjeta Credito
2566,2025-12-25,106,Lucia Fernandez,TUCUMAN,Mouse Optico,Accesorios,$ 25.0,,Tarjeta Credito
2567,2025-03-23,103,Luis Garcia.,CABA,Teclado Mecanico,Accesorios,$ 80.0,2.0,Debito
2568,2025-02-17,104,Ana Lopez,Mendoza,Silla Gamer,Muebles,$ 250.0,5.0,Debito
2569,2025-04-03,101,JUAN PEREZ,CORDOBA,Laptop Pro,Electronica,$ 1200.5,4.0,Debito
2570,18/06/2025,102,  marta Sanchez  ,ROSARIO,Teclado Mecanico,Accesorios,$ 80.0,5.0,Debito
2571,2025-09-01,102,  marta Sanchez  ,ROSARIO,Silla Gamer,Muebles,$ 250.0,5.0,Transferencia
2572,2025-11-24,104,Ana Lopez,Mendoza,Mouse Optico,Accesorios,$ 25.0,5.0,Debito
2573,2025-08-09,101,JUAN PEREZ,CORDOBA,Monitor 24',Electronica,$ 350.0,2.0,Tarjeta Credito
2574,2025-05-19,106,Lucia Fernandez,TUCUMAN,Teclado Mecanico,Accesorios,$ 80.0,2.0,Tarjeta Credito
2575,2025-02-11,103,Luis Garcia.,CABA,Teclado Mecanico,Accesorios,$ 80.0,4.0,Transferencia
2576,2025-04-05,106,Lucia Fernandez,TUCUMAN,Monitor 24',Electronica,$ 350.0,4.0,Efectivo
2577,2025-04-12,103,Luis Garcia.,CABA,Mouse Optico,Accesorios,$ 25.0,4.0,Transferencia
2578,2025-07-01,106,Lucia Fernandez,TUCUMAN,Teclado Mecanico,Accesorios,$ 80.0,1.0,Transferencia
2579,2025-12-08,101,JUAN PEREZ,CORDOBA,Silla Gamer,Muebles,$ 250.0,3.0,Tarjeta Credito
2580,17/03/2025,102,  marta Sanchez  ,ROSARIO,Teclado Mecanico,Accesorios,$ 80.0,4.0,Efectivo
2581,2025-01-02,105,PEDRO GOMEZ,CORDOBA,Silla Gamer,Muebles,$ 250.0,2.0,Debito
2582,2025-02-19,106,Lucia Fernandez,TUCUMAN,Cable HDMI,Cables,,2.0,Debito
2583,2025-03-27,106,Lucia Fernandez,TUCUMAN,Cable HDMI,Cables,$ 15.75,2.0,Transferencia
2584,2025-01-08,106,Lucia Fernandez,TUCUMAN,Cable HDMI,Cables,$ 15.75,3.0,Efectivo
2585,2025-12-25,105,PEDRO GOMEZ,CORDOBA,Laptop Pro,Electronica,$ 1200.5,4.0,Debito
2586,2025-10-05,103,Luis Garcia.,CABA,Monitor 24',Electronica,$ 350.0,3.0,Tarjeta Credito
2587,2025-08-08,102,  marta Sanchez  ,ROSARIO,Teclado Mecanico,Accesorios,$ 80.0,2.0,Debito
2588,2025-12-04,104,Ana Lopez,Mendoza,Monitor 24',Electronica,$ 350.0,3.0,Tarjeta Credito
2589,2025-02-15,101,JUAN PEREZ,CORDOBA,Laptop Pro,Electronica,$ 1200.5,4.0,Tarjeta Credito
2590,16/11/2025,104,Ana Lopez,Mendoza,Silla Gamer,Muebles,$ 250.0,4.0,Tarjeta Credito
2591,2025-08-04,106,Lucia Fernandez,TUCUMAN,Monitor 24',Electronica,$ 350.0,5.0,Debito
2592,2025-08-29,101,JUAN PEREZ,CORDOBA,Mouse Optico,Accesorios,$ 25.0,4.0,Debito
2593,2025-07-22,106,Lucia Fernandez,TUCUMAN,Silla Gamer,Muebles,,2.0,Efectivo
2594,2025-05-16,103,Luis Garcia.,CABA,Silla Gamer,Muebles,$ 250.0,4.0,Transferencia
2595,2025-01-17,101,JUAN PEREZ,CORDOBA,Teclado Mecanico,Accesorios,,3.0,Efectivo
2596,2025-10-20,103,Luis Garcia.,CABA,Mouse Optico,Accesorios,$ 25.0,4.0,Transferencia
2597,2025-07-21,105,PEDRO GOMEZ,CORDOBA,Silla Gamer,Muebles,$ 250.0,5.0,Debito
2598,2025-07-19,102,  marta Sanchez  ,ROSARIO,Silla Gamer,Muebles,$ 250.0,3.0,Transferencia
2599,2025-02-20,104,Ana Lopez,Mendoza,Mouse Optico,Accesorios,$ 25.0,1.0,Debito
2600,11/10/2025,106,Lucia Fernandez,TUCUMAN,Monitor 24',Electronica,$ 350.0,1.0,Tarjeta Credito
2601,2025-01-06,101,JUAN PEREZ,CORDOBA,Teclado Mecanico,Accesorios,$ 80.0,1.0,Tarjeta Credito
2602,2025-01-13,105,PEDRO GOMEZ,CORDOBA,Teclado Mecanico,Accesorios,$ 80.0,4.0,Efectivo
2603,2025-12-01,102,  marta Sanchez  ,ROSARIO,Mouse Optico,Accesorios,$ 25.0,5.0,Transferencia
2604,2025-05-14,106,Lucia Fernandez,TUCUMAN,Teclado Mecanico,Accesorios,$ 80.0,2.0,Tarjeta Credito
2605,2025-02-22,106,Lucia Fernandez,TUCUMAN,Cable HDMI,Cables,$ 15.75,1.0,Tarjeta Credito
2606,2025-05-15,102,  marta Sanchez  ,ROSARIO,Monitor 24',Electronica,$ 350.0,4.0,Efectivo
2607,2025-02-21,102,  marta Sanchez  ,ROSARIO,Teclado Mecanico,Accesorios,$ 80.0,1.0,Debito
2608,2025-04-18,106,Lucia Fernandez,TUCUMAN,Laptop Pro,Electronica,$ 1200.5,3.0,Debito
2609,2025-06-02,102,  marta Sanchez  ,ROSARIO,Mouse Optico,Accesorios,,5.0,Tarjeta Credito
2610,27/06/2025,101,JUAN PEREZ,CORDOBA,Monitor 24',Electronica,$ 350.0,5.0,Tarjeta Credito
2611,2025-05-11,102,  marta Sanchez  ,ROSARIO,Cable HDMI,Cables,$ 15.75,1.0,Tarjeta Credito
2612,2025-03-20,105,PEDRO GOMEZ,CORDOBA,Cable HDMI,Cables,$ 15.75,2.0,Tarjeta Credito
2613,2025-04-23,103,Luis Garcia.,CABA,Mouse Optico,Accesorios,$ 25.0,2.0,Efectivo
2614,2025-04-13,103,Luis Garcia.,CABA,Teclado Mecanico,Accesorios,$ 80.0,5.0,Efectivo
2615,2025-09-11,104,Ana Lopez,Mendoza,Silla Gamer,Muebles,$ 250.0,2.0,Efectivo
2616,2025-12-18,102,  marta Sanchez  ,ROSARIO,Mouse Optico,Accesorios,$ 25.0,4.0,Tarjeta Credito
2617,2025-06-09,105,PEDRO GOMEZ,CORDOBA,Cable HDMI,Cables,$ 15.75,4.0,Debito
2618,2025-11-02,104,Ana Lopez,Mendoza,Teclado Mecanico,Accesorios,$ 80.0,5.0,Tarjeta Credito
2619,2025-08-08,105,PEDRO GOMEZ,CORDOBA,Teclado Mecanico,Accesorios,$ 80.0,1.0,Debito
2620,19/09/2025,102,  marta Sanchez  ,ROSARIO,Laptop Pro,Electronica,$ 1200.5,5.0,Efectivo
2621,2025-02-28,104,Ana Lopez,Mendoza,Laptop Pro,Electronica,$ 1200.5,2.0,Efectivo
2622,2025-04-21,102,  marta Sanchez  ,ROSARIO,Laptop Pro,Electronica,$ 1200.5,3.0,Tarjeta Credito
2623,2025-12-19,101,JUAN PEREZ,CORDOBA,Monitor 24',Electronica,,4.0,Efectivo
2624,2025-02-03,102,  marta Sanchez  ,ROSARIO,Cable HDMI,Cables,$ 15.75,5.0,Transferencia
2625,2025-05-23,101,JUAN PEREZ,CORDOBA,Cable HDMI,Cables,$ 15.75,1.0,Debito
2626,2025-06-12,106,Lucia Fernandez,TUCUMAN,Teclado Mecanico,Accesorios,$ 80.0,1.0,Debito
2627,2025-05-21,104,Ana Lopez,Mendoza,Laptop Pro,Electronica,$ 1200.5,2.0,Efectivo
2628,2025-05-02,105,PEDRO GOMEZ,CORDOBA,Teclado Mecanico,Accesorios,$ 80.0,5.0,Tarjeta Credito
2629,2025-03-09,104,Ana Lopez,Mendoza,Monitor 24',Electronica,$ 350.0,5.0,Tarjeta Credito
2630,09/01/2025,103,Luis Garcia.,CABA,Silla Gamer,Muebles,$ 250.0,4.0,Efectivo
2631,2025-06-27,103,Luis Garcia.,CABA,Monitor 24',Electronica,$ 350.0,3.0,Debito
2632,2025-07-21,105,PEDRO GOMEZ,CORDOBA,Laptop Pro,Electronica,$ 1200.5,4.0,Tarjeta Credito
2633,2025-02-22,103,Luis Garcia.,CABA,Cable HDMI,Cables,,1.0,Transferencia
2634,2025-12-19,101,JUAN PEREZ,CORDOBA,Monitor 24',Electronica,$ 350.0,1.0,Transferencia
2635,2025-10-03,106,Lucia Fernandez,TUCUMAN,Monitor 24',Electronica,$ 350.0,1.0,Efectivo
2636,2025-01-25,101,JUAN PEREZ,CORDOBA,Laptop Pro,Electronica,$ 1200.5,3.0,Debito
2637,2025-03-29,103,Luis Garcia.,CABA,Silla Gamer,Muebles,$ 250.0,1.0,Transferencia
2638,2025-10-27,103,Luis Garcia.,CABA,Mouse Optico,Accesorios,$ 25.0,4.0,Debito
2639,2025-09-25,106,Lucia Fernandez,TUCUMAN,Laptop Pro,Electronica,$ 1200.5,4.0,Efectivo
2640,05/09/2025,103,Luis Garcia.,CABA,Silla Gamer,Muebles,$ 250.0,3.0,Tarjeta Credito
2641,2025-05-05,103,Luis Garcia.,CABA,Cable HDMI,Cables,$ 15.75,2.0,Tarjeta Credito
2642,2025-01-31,101,JUAN PEREZ,CORDOBA,Teclado Mecanico,Accesorios,$ 80.0,4.0,Debito
2643,2025-02-23,102,  marta Sanchez  ,ROSARIO,Teclado Mecanico,Accesorios,$ 80.0,5.0,Efectivo
2644,2025-08-21,103,Luis Garcia.,CABA,Silla Gamer,Muebles,$ 250.0,1.0,Transferencia
2645,2025-07-17,102,  marta Sanchez  ,ROSARIO,Monitor 24',Electronica,$ 350.0,5.0,Transferencia
2646,2025-02-05,104,Ana Lopez,Mendoza,Mouse Optico,Accesorios,$ 25.0,3.0,Tarjeta Credito
2647,2025-02-24,102,  marta Sanchez  ,ROSARIO,Teclado Mecanico,Accesorios,$ 80.0,4.0,Transferencia
2648,2025-09-01,103,Luis Garcia.,CABA,Laptop Pro,Electronica,$ 1200.5,3.0,Tarjeta Credito
2649,2025-07-01,105,PEDRO GOMEZ,CORDOBA,Laptop Pro,Electronica,$ 1200.5,5.0,Debito
2650,28/01/2025,105,PEDRO GOMEZ,CORDOBA,Monitor 24',Electronica,$ 350.0,1.0,Debito
2651,2025-04-10,106,Lucia Fernandez,TUCUMAN,Teclado Mecanico,Accesorios,$ 80.0,5.0,Efectivo
2652,2025-09-10,105,PEDRO GOMEZ,CORDOBA,Cable HDMI,Cables,$ 15.75,1.0,Transferencia
2653,2025-02-28,101,JUAN PEREZ,CORDOBA,Mouse Optico,Accesorios,$ 25.0,3.0,Transferencia
2654,2025-02-21,101,JUAN PEREZ,CORDOBA,Cable HDMI,Cables,$ 15.75,4.0,Debito
2655,2025-04-23,104,Ana Lopez,Mendoza,Laptop Pro,Electronica,$ 1200.5,3.0,Debito
2656,2025-04-15,102,  marta Sanchez  ,ROSARIO,Mouse Optico,Accesorios,$ 25.0,5.0,Efectivo
2657,2025-02-18,106,Lucia Fernandez,TUCUMAN,Laptop Pro,Electronica,$ 1200.5,5.0,Debito
2658,2025-12-19,106,Lucia Fernandez,TUCUMAN,Monitor 24',Electronica,$ 350.0,1.0,Transferencia
2659,2025-08-22,102,  marta Sanchez  ,ROSARIO,Monitor 24',Electronica,$ 350.0,,Debito
2660,11/01/2025,104,Ana Lopez,Mendoza,Monitor 24',Electronica,$ 350.0,1.0,Transferencia
2661,2025-11-01,106,Lucia Fernandez,TUCUMAN,Laptop Pro,Electronica,$ 1200.5,1.0,Debito
2662,2025-02-26,102,  marta Sanchez  ,ROSARIO,Teclado Mecanico,Accesorios,,,Efectivo
2663,2025-09-15,102,  marta Sanchez  ,ROSARIO,Cable HDMI,Cables,$ 15.75,1.0,Tarjeta Credito
2664,2025-06-21,103,Luis Garcia.,CABA,Silla Gamer,Muebles,$ 250.0,5.0,Efectivo
2665,2025-05-10,106,Lucia Fernandez,TUCUMAN,Teclado Mecanico,Accesorios,$ 80.0,,Efectivo
2666,2025-06-20,103,Luis Garcia.,CABA,Silla Gamer,Muebles,$ 250.0,5.0,Debito
2667,2025-12-18,101,JUAN PEREZ,CORDOBA,Monitor 24',Electronica,$ 350.0,2.0,Debito
2668,2025-03-14,102,  marta Sanchez  ,ROSARIO,Silla Gamer,Muebles,$ 250.0,5.0,Debito
2669,2025-02-15,103,Luis Garcia.,CABA,Mouse Optico,Accesorios,$ 25.0,1.0,Efectivo
2670,06/10/2025,106,Lucia Fernandez,TUCUMAN,Silla Gamer,Muebles,$ 250.0,5.0,Transferencia
2671,2025-06-28,103,Luis Garcia.,CABA,Silla Gamer,Muebles,$ 250.0,4.0,Efectivo
2672,2025-01-22,103,Luis Garcia.,CABA,Mouse Optico,Accesorios,$ 25.0,5.0,Tarjeta Credito
2673,2025-10-18,104,Ana Lopez,Mendoza,Teclado Mecanico,Accesorios,$ 80.0,3.0,Tarjeta Credito
2674,2025-12-17,101,JUAN PEREZ,CORDOBA,Teclado Mecanico,Accesorios,$ 80.0,5.0,Efectivo
2675,2025-12-07,105,PEDRO GOMEZ,CORDOBA,Cable HDMI,Cables,$ 15.75,1.0,Efectivo
2676,2025-01-21,101,JUAN PEREZ,CORDOBA,Teclado Mecanico,Accesorios,$ 80.0,1.0,Tarjeta Credito
2677,2025-01-03,104,Ana Lopez,Mendoza,Monitor 24',Electronica,$ 350.0,1.0,Tarjeta Credito
2678,2025-06-29,103,Luis Garcia.,CABA,Mouse Optico,Accesorios,$ 25.0,5.0,Transferencia
2679,2025-05-19,101,JUAN PEREZ,CORDOBA,Silla Gamer,Muebles,$ 250.0,4.0,Tarjeta Credito
2680,17/01/2025,103,Luis Garcia.,CABA,Mouse Optico,Accesorios,$ 25.0,4.0,Debito
2681,2025-05-14,104,Ana Lopez,Mendoza,Laptop Pro,Electronica,$ 1200.5,2.0,Debito
2682,2025-10-24,106,Lucia Fernandez,TUCUMAN,Monitor 24',Electronica,$ 350.0,3.0,Transferencia
2683,2025-04-13,104,Ana Lopez,Mendoza,Cable HDMI,Cables,$ 15.75,5.0,Debito
2684,2025-07-12,105,PEDRO GOMEZ,CORDOBA,Mouse Optico,Accesorios,$ 25.0,1.0,Transferencia
2685,2025-12-22,105,PEDRO GOMEZ,CORDOBA,Teclado Mecanico,Accesorios,$ 80.0,3.0,Debito
2686,2025-08-27,103,Luis Garcia.,CABA,Teclado Mecanico,Accesorios,$ 80.0,1.0,Tarjeta Credito
2687,2025-03-13,104,Ana Lopez,Mendoza,Laptop Pro,Electronica,$ 1200.5,2.0,Efectivo
2688,2025-10-06,102,  marta Sanchez  ,ROSARIO,Cable HDMI,Cables,$ 15.75,1.0,Debito
2689,2025-12-10,102,  marta Sanchez  ,ROSARIO,Teclado Mecanico,Accesorios,,5.0,Debito
2690,29/01/2025,101,JUAN PEREZ,CORDOBA,Laptop Pro,Electronica,$ 1200.5,1.0,Efectivo
2691,2025-05-29,105,PEDRO GOMEZ,CORDOBA,Laptop Pro,Electronica,$ 1200.5,1.0,Tarjeta Credito
2692,2025-12-12,106,Lucia Fernandez,TUCUMAN,Cable HDMI,Cables,$ 15.75,2.0,Transferencia
2693,2025-09-11,105,PEDRO GOMEZ,CORDOBA,Silla Gamer,Muebles,$ 250.0,2.0,Efectivo
2694,2025-01-04,106,Lucia Fernandez,TUCUMAN,Monitor 24',Electronica,$ 350.0,2.0,Tarjeta Credito
2695,2025-03-20,101,JUAN PEREZ,CORDOBA,Laptop Pro,Electronica,$ 1200.5,1.0,Transferencia
2696,2025-08-31,102,  marta Sanchez  ,ROSARIO,Laptop Pro,Electronica,,4.0,Tarjeta Credito
2697,2025-07-27,101,JUAN PEREZ,CORDOBA,Monitor 24',Electronica,$ 350.0,2.0,Efectivo
2698,2025-08-13,105,PEDRO GOMEZ,CORDOBA,Silla Gamer,Muebles,$ 250.0,4.0,Transferencia
2699,2025-04-05,106,Lucia Fernandez,TUCUMAN,Laptop Pro,Electronica,$ 1200.5,2.0,Transferencia
2700,25/12/2025,105,PEDRO GOMEZ,CORDOBA,Silla Gamer,Muebles,$ 250.0,3.0,Efectivo
2701,2025-10-29,106,Lucia Fernandez,TUCUMAN,Laptop Pro,Electronica,$ 1200.5,4.0,Debito
2702,2025-08-26,106,Lucia Fernandez,TUCUMAN,Laptop Pro,Electronica,$ 1200.5,1.0,Efectivo
2703,2025-10-16,104,Ana Lopez,Mendoza,Laptop Pro,Electronica,$ 1200.5,1.0,Debito
2704,2025-03-13,101,JUAN PEREZ,CORDOBA,Monitor 24',Electronica,$ 350.0,3.0,Tarjeta Credito
2705,2025-09-14,102,  marta Sanchez  ,ROSARIO,Monitor 24',Electronica,$ 350.0,3.0,Debito
2706,2025-03-31,105,PEDRO GOMEZ,CORDOBA,Laptop Pro,Electronica,$ 1200.5,5.0,Efectivo
2707,2025-03-13,104,Ana Lopez,Mendoza,Silla Gamer,Muebles,$ 250.0,3.0,Debito
2708,2025-09-05,101,JUAN PEREZ,CORDOBA,Silla Gamer,Muebles,$ 250.0,2.0,Efectivo
2709,2025-06-15,102,  marta Sanchez  ,ROSARIO,Silla Gamer,Muebles,$ 250.0,5.0,Debito
2710,16/01/2025,101,JUAN PEREZ,CORDOBA,Laptop Pro,Electronica,$ 1200.5,1.0,Tarjeta Credito
2711,2025-09-01,104,Ana Lopez,Mendoza,Silla Gamer,Muebles,$ 250.0,2.0,Tarjeta Credito
2712,2025-07-16,102,  marta Sanchez  ,ROSARIO,Silla Gamer,Muebles,$ 250.0,1.0,Tarjeta Credito
2713,2025-02-28,105,PEDRO GOMEZ,CORDOBA,Monitor 24',Electronica,,4.0,Efectivo
2714,2025-01-16,105,PEDRO GOMEZ,CORDOBA,Silla Gamer,Muebles,$ 250.0,4.0,Debito
2715,2025-10-21,102,  marta Sanchez  ,ROSARIO,Silla Gamer,Muebles,$ 250.0,4.0,Debito
2716,2025-04-26,106,Lucia Fernandez,TUCUMAN,Monitor 24',Electronica,$ 350.0,5.0,Transferencia
2717,2025-01-13,101,JUAN PEREZ,CORDOBA,Cable HDMI,Cables,$ 15.75,2.0,Tarjeta Credito
2718,2025-07-04,102,  marta Sanchez  ,ROSARIO,Laptop Pro,Electronica,$ 1200.5,1.0,Efectivo
2719,2025-11-25,102,  marta Sanchez  ,ROSARIO,Silla Gamer,Muebles,$ 250.0,2.0,Debito
2720,02/07/2025,105,PEDRO GOMEZ,CORDOBA,Monitor 24',Electronica,$ 350.0,2.0,Tarjeta Credito
2721,2025-11-17,104,Ana Lopez,Mendoza,Teclado Mecanico,Accesorios,$ 80.0,1.0,Transferencia
2722,2025-02-21,105,PEDRO GOMEZ,CORDOBA,Monitor 24',Electronica,$ 350.0,5.0,Efectivo
2723,2025-05-29,101,JUAN PEREZ,CORDOBA,Mouse Optico,Accesorios,$ 25.0,3.0,Tarjeta Credito
2724,2025-02-08,102,  marta Sanchez  ,ROSARIO,Monitor 24',Electronica,$ 350.0,5.0,Efectivo
2725,2025-01-30,104,Ana Lopez,Mendoza,Cable HDMI,Cables,$ 15.75,5.0,Debito
2726,2025-01-16,103,Luis Garcia.,CABA,Silla Gamer,Muebles,,2.0,Efectivo
2727,2025-04-15,101,JUAN PEREZ,CORDOBA,Mouse Optico,Accesorios,$ 25.0,1.0,Transferencia
2728,2025-10-16,104,Ana Lopez,Mendoza,Laptop Pro,Electronica,$ 1200.5,1.0,Efectivo
2729,2025-11-03,101,JUAN PEREZ,CORDOBA,Teclado Mecanico,Accesorios,$ 80.0,5.0,Debito
2730,22/01/2025,102,  marta Sanchez  ,ROSARIO,Monitor 24',Electronica,$ 350.0,2.0,Efectivo
2731,2025-06-05,104,Ana Lopez,Mendoza,Teclado Mecanico,Accesorios,$ 80.0,2.0,Tarjeta Credito
2732,2025-04-11,101,JUAN PEREZ,CORDOBA,Laptop Pro,Electronica,$ 1200.5,1.0,Debito
2733,2025-07-13,101,JUAN PEREZ,CORDOBA,Teclado Mecanico,Accesorios,$ 80.0,4.0,Transferencia
2734,2025-03-02,101,JUAN PEREZ,CORDOBA,Teclado Mecanico,Accesorios,$ 80.0,3.0,Efectivo
2735,2025-08-12,102,  marta Sanchez  ,ROSARIO,Monitor 24',Electronica,$ 350.0,1.0,Tarjeta Credito
2736,2025-10-02,102,  marta Sanchez  ,ROSARIO,Teclado Mecanico,Accesorios,$ 80.0,1.0,Transferencia
2737,2025-01-30,101,JUAN PEREZ,CORDOBA,Laptop Pro,Electronica,$ 1200.5,1.0,Efectivo
2738,2025-12-02,103,Luis Garcia.,CABA,Cable HDMI,Cables,$ 15.75,2.0,Debito
2739,2025-03-04,104,Ana Lopez,Mendoza,Silla Gamer,Muebles,$ 250.0,5.0,Transferencia
2740,02/07/2025,104,Ana Lopez,Mendoza,Silla Gamer,Muebles,$ 250.0,4.0,Efectivo
2741,2025-05-30,103,Luis Garcia.,CABA,Cable HDMI,Cables,$ 15.75,3.0,Efectivo
2742,2025-09-15,106,Lucia Fernandez,TUCUMAN,Cable HDMI,Cables,$ 15.75,4.0,Debito
2743,2025-04-15,103,Luis Garcia.,CABA,Laptop Pro,Electronica,$ 1200.5,5.0,Transferencia
2744,2025-10-11,103,Luis Garcia.,CABA,Silla Gamer,Muebles,$ 250.0,2.0,Tarjeta Credito
2745,2025-08-14,102,  marta Sanchez  ,ROSARIO,Silla Gamer,Muebles,$ 250.0,1.0,Tarjeta Credito
2746,2025-05-19,104,Ana Lopez,Mendoza,Laptop Pro,Electronica,$ 1200.5,1.0,Tarjeta Credito
2747,2025-07-16,103,Luis Garcia.,CABA,Cable HDMI,Cables,$ 15.75,4.0,Debito
2748,2025-04-16,101,JUAN PEREZ,CORDOBA,Mouse Optico,Accesorios,$ 25.0,5.0,Tarjeta Credito
2749,2025-01-17,106,Lucia Fernandez,TUCUMAN,Monitor 24',Electronica,$ 350.0,1.0,Efectivo
2750,21/04/2025,103,Luis Garcia.,CABA,Cable HDMI,Cables,$ 15.75,5.0,Debito
2751,2025-01-30,104,Ana Lopez,Mendoza,Silla Gamer,Muebles,$ 250.0,3.0,Debito
2752,2025-10-18,104,Ana Lopez,Mendoza,Cable HDMI,Cables,$ 15.75,4.0,Debito
2753,2025-03-09,106,Lucia Fernandez,TUCUMAN,Mouse Optico,Accesorios,$ 25.0,3.0,Tarjeta Credito
2754,2025-06-01,102,  marta Sanchez  ,ROSARIO,Cable HDMI,Cables,$ 15.75,5.0,Efectivo
2755,2025-12-04,103,Luis Garcia.,CABA,Monitor 24',Electronica,$ 350.0,5.0,Tarjeta Credito
2756,2025-10-19,101,JUAN PEREZ,CORDOBA,Monitor 24',Electronica,$ 350.0,2.0,Debito
2757,2025-08-14,104,Ana Lopez,Mendoza,Laptop Pro,Electronica,,3.0,Debito
2758,2025-04-22,106,Lucia Fernandez,TUCUMAN,Cable HDMI,Cables,$ 15.75,1.0,Efectivo
2759,2025-06-10,105,PEDRO GOMEZ,CORDOBA,Cable HDMI,Cables,$ 15.75,3.0,Efectivo
2760,07/03/2025,103,Luis Garcia.,CABA,Teclado Mecanico,Accesorios,$ 80.0,5.0,Tarjeta Credito
2761,2025-12-02,102,  marta Sanchez  ,ROSARIO,Laptop Pro,Electronica,,4.0,Efectivo
2762,2025-04-27,101,JUAN PEREZ,CORDOBA,Cable HDMI,Cables,$ 15.75,3.0,Efectivo
2763,2025-06-30,101,JUAN PEREZ,CORDOBA,Silla Gamer,Muebles,$ 250.0,2.0,Efectivo
2764,2025-09-17,101,JUAN PEREZ,CORDOBA,Laptop Pro,Electronica,$ 1200.5,2.0,Transferencia
2765,2025-07-10,103,Luis Garcia.,CABA,Cable HDMI,Cables,$ 15.75,1.0,Debito
2766,2025-01-13,103,Luis Garcia.,CABA,Mouse Optico,Accesorios,$ 25.0,3.0,Debito
2767,2025-08-29,106,Lucia Fernandez,TUCUMAN,Monitor 24',Electronica,$ 350.0,1.0,Transferencia
2768,2025-05-29,103,Luis Garcia.,CABA,Laptop Pro,Electronica,$ 1200.5,1.0,Tarjeta Credito
2769,2025-06-10,105,PEDRO GOMEZ,CORDOBA,Mouse Optico,Accesorios,$ 25.0,5.0,Efectivo
2770,26/10/2025,102,  marta Sanchez  ,ROSARIO,Teclado Mecanico,Accesorios,,4.0,Tarjeta Credito
2771,2025-10-17,101,JUAN PEREZ,CORDOBA,Mouse Optico,Accesorios,$ 25.0,5.0,Debito
2772,2025-03-04,105,PEDRO GOMEZ,CORDOBA,Silla Gamer,Muebles,$ 250.0,1.0,Debito
2773,2025-09-24,106,Lucia Fernandez,TUCUMAN,Cable HDMI,Cables,$ 15.75,5.0,Efectivo
2774,2025-05-05,102,  marta Sanchez  ,ROSARIO,Monitor 24',Electronica,$ 350.0,2.0,Debito
2775,2025-03-01,103,Luis Garcia.,CABA,Silla Gamer,Muebles,$ 250.0,4.0,Efectivo
2776,2025-10-14,101,JUAN PEREZ,CORDOBA,Monitor 24',Electronica,$ 350.0,4.0,Transferencia
2777,2025-04-28,104,Ana Lopez,Mendoza,Teclado Mecanico,Accesorios,$ 80.0,2.0,Transferencia
2778,2025-10-27,104,Ana Lopez,Mendoza,Silla Gamer,Muebles,$ 250.0,3.0,Efectivo
2779,2025-02-11,103,Luis Garcia.,CABA,Laptop Pro,Electronica,$ 1200.5,2.0,Debito
2780,03/04/2025,106,Lucia Fernandez,TUCUMAN,Mouse Optico,Accesorios,$ 25.0,,Tarjeta Credito
2781,2025-10-11,104,Ana Lopez,Mendoza,Monitor 24',Electronica,$ 350.0,1.0,Transferencia
2782,2025-01-13,101,JUAN PEREZ,CORDOBA,Teclado Mecanico,Accesorios,$ 80.0,2.0,Debito
2783,2025-03-07,104,Ana Lopez,Mendoza,Monitor 24',Electronica,$ 350.0,3.0,Tarjeta Credito
2784,2025-10-30,103,Luis Garcia.,CABA,Monitor 24',Electronica,$ 350.0,1.0,Tarjeta Credito
2785,2025-08-18,106,Lucia Fernandez,TUCUMAN,Monitor 24',Electronica,$ 350.0,4.0,Efectivo
2786,2025-03-10,104,Ana Lopez,Mendoza,Silla Gamer,Muebles,$ 250.0,5.0,Tarjeta Credito
2787,2025-10-31,102,  marta Sanchez  ,ROSARIO,Laptop Pro,Electronica,$ 1200.5,4.0,Debito
2788,2025-04-01,103,Luis Garcia.,CABA,Teclado Mecanico,Accesorios,$ 80.0,1.0,Transferencia
2789,2025-06-24,103,Luis Garcia.,CABA,Teclado Mecanico,Accesorios,,5.0,Debito
2790,16/07/2025,103,Luis Garcia.,CABA,Monitor 24',Electronica,$ 350.0,2.0,Tarjeta Credito
2791,2025-04-18,106,Lucia Fernandez,TUCUMAN,Silla Gamer,Muebles,$ 250.0,5.0,Efectivo
2792,2025-05-26,101,JUAN PEREZ,CORDOBA,Monitor 24',Electronica,$ 350.0,4.0,Debito
2793,2025-05-28,102,  marta Sanchez  ,ROSARIO,Mouse Optico,Accesorios,$ 25.0,5.0,Tarjeta Credito
2794,2025-05-23,102,  marta Sanchez  ,ROSARIO,Silla Gamer,Muebles,$ 250.0,5.0,Transferencia
2795,2025-01-21,101,JUAN PEREZ,CORDOBA,Cable HDMI,Cables,$ 15.75,2.0,Tarjeta Credito
2796,2025-07-09,104,Ana Lopez,Mendoza,Laptop Pro,Electronica,$ 1200.5,5.0,Debito
2797,2025-09-24,106,Lucia Fernandez,TUCUMAN,Teclado Mecanico,Accesorios,$ 80.0,1.0,Tarjeta Credito
2798,2025-09-10,104,Ana Lopez,Mendoza,Teclado Mecanico,Accesorios,$ 80.0,3.0,Tarjeta Credito
2799,2025-04-24,103,Luis Garcia.,CABA,Laptop Pro,Electronica,$ 1200.5,5.0,Efectivo
2800,19/11/2025,103,Luis Garcia.,CABA,Teclado Mecanico,Accesorios,$ 80.0,1.0,Efectivo
2801,2025-02-21,101,JUAN PEREZ,CORDOBA,Teclado Mecanico,Accesorios,$ 80.0,3.0,Transferencia
2802,2025-11-17,105,PEDRO GOMEZ,CORDOBA,Silla Gamer,Muebles,,1.0,Transferencia
2803,2025-07-12,102,  marta Sanchez  ,ROSARIO,Cable HDMI,Cables,$ 15.75,2.0,Efectivo
2804,2025-09-06,104,Ana Lopez,Mendoza,Mouse Optico,Accesorios,$ 25.0,3.0,Transferencia
2805,2025-02-15,102,  marta Sanchez  ,ROSARIO,Silla Gamer,Muebles,$ 250.0,2.0,Tarjeta Credito
2806,2025-09-09,104,Ana Lopez,Mendoza,Laptop Pro,Electronica,$ 1200.5,2.0,Tarjeta Credito
2807,2025-05-15,104,Ana Lopez,Mendoza,Silla Gamer,Muebles,$ 250.0,2.0,Efectivo
2808,2025-12-03,104,Ana Lopez,Mendoza,Cable HDMI,Cables,$ 15.75,2.0,Efectivo
2809,2025-09-08,106,Lucia Fernandez,TUCUMAN,Teclado Mecanico,Accesorios,$ 80.0,3.0,Debito
2810,23/04/2025,103,Luis Garcia.,CABA,Laptop Pro,Electronica,$ 1200.5,3.0,Debito
2811,2025-05-07,104,Ana Lopez,Mendoza,Monitor 24',Electronica,$ 350.0,4.0,Efectivo
2812,2025-06-27,106,Lucia Fernandez,TUCUMAN,Laptop Pro,Electronica,$ 1200.5,4.0,Debito
2813,2025-12-18,105,PEDRO GOMEZ,CORDOBA,Teclado Mecanico,Accesorios,$ 80.0,5.0,Transferencia
2814,2025-10-15,104,Ana Lopez,Mendoza,Laptop Pro,Electronica,$ 1200.5,3.0,Debito
2815,2025-08-06,104,Ana Lopez,Mendoza,Teclado Mecanico,Accesorios,$ 80.0,3.0,Debito
2816,2025-06-23,106,Lucia Fernandez,TUCUMAN,Mouse Optico,Accesorios,$ 25.0,4.0,Debito
2817,2025-03-27,102,  marta Sanchez  ,ROSARIO,Cable HDMI,Cables,$ 15.75,1.0,Efectivo
2818,2025-10-04,102,  marta Sanchez  ,ROSARIO,Cable HDMI,Cables,,4.0,Tarjeta Credito
2819,2025-06-30,106,Lucia Fernandez,TUCUMAN,Monitor 24',Electronica,$ 350.0,1.0,Transferencia
2820,12/04/2025,103,Luis Garcia.,CABA,Cable HDMI,Cables,$ 15.75,4.0,Transferencia
2821,2025-07-11,103,Luis Garcia.,CABA,Mouse Optico,Accesorios,$ 25.0,2.0,Tarjeta Credito
2822,2025-09-27,101,JUAN PEREZ,CORDOBA,Laptop Pro,Electronica,$ 1200.5,4.0,Tarjeta Credito
2823,2025-06-04,102,  marta Sanchez  ,ROSARIO,Monitor 24',Electronica,,2.0,Tarjeta Credito
2824,2025-03-05,103,Luis Garcia.,CABA,Silla Gamer,Muebles,$ 250.0,4.0,Transferencia
2825,2025-02-13,106,Lucia Fernandez,TUCUMAN,Monitor 24',Electronica,$ 350.0,4.0,Tarjeta Credito
2826,2025-10-05,101,JUAN PEREZ,CORDOBA,Silla Gamer,Muebles,$ 250.0,5.0,Debito
2827,2025-06-09,102,  marta Sanchez  ,ROSARIO,Cable HDMI,Cables,$ 15.75,1.0,Efectivo
2828,2025-04-14,103,Luis Garcia.,CABA,Teclado Mecanico,Accesorios,$ 80.0,5.0,Debito
2829,2025-08-08,104,Ana Lopez,Mendoza,Monitor 24',Electronica,$ 350.0,5.0,Efectivo
2830,26/12/2025,104,Ana Lopez,Mendoza,Monitor 24',Electronica,$ 350.0,1.0,Debito
2831,2025-07-10,106,Lucia Fernandez,TUCUMAN,Teclado Mecanico,Accesorios,$ 80.0,4.0,Transferencia
2832,2025-07-23,105,PEDRO GOMEZ,CORDOBA,Laptop Pro,Electronica,$ 1200.5,4.0,Tarjeta Credito
2833,2025-06-20,106,Lucia Fernandez,TUCUMAN,Monitor 24',Electronica,$ 350.0,1.0,Tarjeta Credito
2834,2025-04-17,105,PEDRO GOMEZ,CORDOBA,Mouse Optico,Accesorios,$ 25.0,2.0,Tarjeta Credito
2835,2025-11-12,102,  marta Sanchez  ,ROSARIO,Teclado Mecanico,Accesorios,$ 80.0,5.0,Transferencia
2836,2025-05-10,101,JUAN PEREZ,CORDOBA,Teclado Mecanico,Accesorios,$ 80.0,2.0,Tarjeta Credito
2837,2025-10-17,103,Luis Garcia.,CABA,Silla Gamer,Muebles,$ 250.0,3.0,Transferencia
2838,2025-10-07,105,PEDRO GOMEZ,CORDOBA,Teclado Mecanico,Accesorios,$ 80.0,2.0,Efectivo
2839,2025-09-05,104,Ana Lopez,Mendoza,Silla Gamer,Muebles,$ 250.0,1.0,Tarjeta Credito
2840,09/02/2025,104,Ana Lopez,Mendoza,Silla Gamer,Muebles,$ 250.0,2.0,Tarjeta Credito
2841,2025-08-13,102,  marta Sanchez  ,ROSARIO,Mouse Optico,Accesorios,$ 25.0,4.0,Debito
2842,2025-09-26,102,  marta Sanchez  ,ROSARIO,Silla Gamer,Muebles,$ 250.0,5.0,Debito
2843,2025-06-01,104,Ana Lopez,Mendoza,Laptop Pro,Electronica,$ 1200.5,3.0,Efectivo
2844,2025-10-16,105,PEDRO GOMEZ,CORDOBA,Monitor 24',Electronica,$ 350.0,5.0,Transferencia
2845,2025-07-10,105,PEDRO GOMEZ,CORDOBA,Silla Gamer,Muebles,$ 250.0,4.0,Transferencia
2846,2025-03-11,103,Luis Garcia.,CABA,Silla Gamer,Muebles,$ 250.0,4.0,Tarjeta Credito
2847,2025-04-02,103,Luis Garcia.,CABA,Teclado Mecanico,Accesorios,$ 80.0,1.0,Efectivo
2848,2025-04-13,106,Lucia Fernandez,TUCUMAN,Mouse Optico,Accesorios,$ 25.0,3.0,Tarjeta Credito
2849,2025-08-28,101,JUAN PEREZ,CORDOBA,Cable HDMI,Cables,$ 15.75,5.0,Transferencia
2850,08/01/2025,103,Luis Garcia.,CABA,Silla Gamer,Muebles,$ 250.0,4.0,Efectivo
2851,2025-07-26,103,Luis Garcia.,CABA,Cable HDMI,Cables,$ 15.75,2.0,Tarjeta Credito
2852,2025-02-22,105,PEDRO GOMEZ,CORDOBA,Mouse Optico,Accesorios,$ 25.0,3.0,Tarjeta Credito
2853,2025-10-28,102,  marta Sanchez  ,ROSARIO,Cable HDMI,Cables,$ 15.75,5.0,Efectivo
2854,2025-12-09,106,Lucia Fernandez,TUCUMAN,Cable HDMI,Cables,$ 15.75,1.0,Transferencia
2855,2025-11-11,102,  marta Sanchez  ,ROSARIO,Laptop Pro,Electronica,$ 1200.5,1.0,Efectivo
2856,2025-03-12,101,JUAN PEREZ,CORDOBA,Laptop Pro,Electronica,$ 1200.5,4.0,Efectivo
2857,2025-03-02,103,Luis Garcia.,CABA,Cable HDMI,Cables,$ 15.75,4.0,Debito
2858,2025-09-25,103,Luis Garcia.,CABA,Monitor 24',Electronica,$ 350.0,5.0,Transferencia
2859,2025-05-23,102,  marta Sanchez  ,ROSARIO,Silla Gamer,Muebles,$ 250.0,5.0,Debito
2860,09/05/2025,104,Ana Lopez,Mendoza,Silla Gamer,Muebles,$ 250.0,4.0,Efectivo
2861,2025-07-07,102,  marta Sanchez  ,ROSARIO,Laptop Pro,Electronica,$ 1200.5,3.0,Debito
2862,2025-10-14,102,  marta Sanchez  ,ROSARIO,Cable HDMI,Cables,$ 15.75,2.0,Debito
2863,2025-01-06,103,Luis Garcia.,CABA,Mouse Optico,Accesorios,$ 25.0,2.0,Tarjeta Credito
2864,2025-06-18,105,PEDRO GOMEZ,CORDOBA,Monitor 24',Electronica,$ 350.0,3.0,Tarjeta Credito
2865,2025-01-18,105,PEDRO GOMEZ,CORDOBA,Monitor 24',Electronica,$ 350.0,4.0,Tarjeta Credito
2866,2025-05-10,106,Lucia Fernandez,TUCUMAN,Silla Gamer,Muebles,$ 250.0,5.0,Tarjeta Credito
2867,2025-11-08,106,Lucia Fernandez,TUCUMAN,Teclado Mecanico,Accesorios,$ 80.0,4.0,Tarjeta Credito
2868,2025-01-15,101,JUAN PEREZ,CORDOBA,Monitor 24',Electronica,$ 350.0,2.0,Transferencia
2869,2025-03-03,101,JUAN PEREZ,CORDOBA,Teclado Mecanico,Accesorios,$ 80.0,1.0,Efectivo
2870,23/05/2025,101,JUAN PEREZ,CORDOBA,Cable HDMI,Cables,$ 15.75,5.0,Tarjeta Credito
2871,2025-06-12,103,Luis Garcia.,CABA,Silla Gamer,Muebles,$ 250.0,5.0,Efectivo
2872,2025-12-07,105,PEDRO GOMEZ,CORDOBA,Laptop Pro,Electronica,$ 1200.5,1.0,Tarjeta Credito
2873,2025-03-17,102,  marta Sanchez  ,ROSARIO,Cable HDMI,Cables,$ 15.75,4.0,Tarjeta Credito
2874,2025-04-12,103,Luis Garcia.,CABA,Cable HDMI,Cables,$ 15.75,1.0,Efectivo
2875,2025-06-29,103,Luis Garcia.,CABA,Cable HDMI,Cables,$ 15.75,1.0,Debito
2876,2025-02-16,101,JUAN PEREZ,CORDOBA,Laptop Pro,Electronica,$ 1200.5,3.0,Tarjeta Credito
2877,2025-04-22,102,  marta Sanchez  ,ROSARIO,Laptop Pro,Electronica,$ 1200.5,2.0,Efectivo
2878,2025-04-08,106,Lucia Fernandez,TUCUMAN,Silla Gamer,Muebles,$ 250.0,3.0,Tarjeta Credito
2879,2025-05-27,104,Ana Lopez,Mendoza,Silla Gamer,Muebles,$ 250.0,3.0,Debito
2880,20/05/2025,102,  marta Sanchez  ,ROSARIO,Mouse Optico,Accesorios,$ 25.0,3.0,Efectivo
2881,2025-05-16,106,Lucia Fernandez,TUCUMAN,Teclado Mecanico,Accesorios,$ 80.0,3.0,Efectivo
2882,2025-08-19,106,Lucia Fernandez,TUCUMAN,Cable HDMI,Cables,$ 15.75,2.0,Tarjeta Credito
2883,2025-03-21,105,PEDRO GOMEZ,CORDOBA,Teclado Mecanico,Accesorios,$ 80.0,4.0,Efectivo
2884,2025-05-28,106,Lucia Fernandez,TUCUMAN,Silla Gamer,Muebles,$ 250.0,5.0,Efectivo
2885,2025-04-18,101,JUAN PEREZ,CORDOBA,Cable HDMI,Cables,$ 15.75,1.0,Tarjeta Credito
2886,2025-11-20,105,PEDRO GOMEZ,CORDOBA,Silla Gamer,Muebles,$ 250.0,5.0,Efectivo
2887,2025-07-13,103,Luis Garcia.,CABA,Cable HDMI,Cables,$ 15.75,3.0,Tarjeta Credito
2888,2025-01-05,106,Lucia Fernandez,TUCUMAN,Monitor 24',Electronica,$ 350.0,3.0,Tarjeta Credito
2889,2025-06-06,102,  marta Sanchez  ,ROSARIO,Monitor 24',Electronica,$ 350.0,1.0,Debito
2890,31/10/2025,105,PEDRO GOMEZ,CORDOBA,Teclado Mecanico,Accesorios,$ 80.0,4.0,Debito
2891,2025-07-11,102,  marta Sanchez  ,ROSARIO,Monitor 24',Electronica,$ 350.0,4.0,Efectivo
2892,2025-09-17,101,JUAN PEREZ,CORDOBA,Mouse Optico,Accesorios,$ 25.0,3.0,Debito
2893,2025-03-25,105,PEDRO GOMEZ,CORDOBA,Laptop Pro,Electronica,$ 1200.5,5.0,Transferencia
2894,2025-03-08,105,PEDRO GOMEZ,CORDOBA,Mouse Optico,Accesorios,$ 25.0,1.0,Tarjeta Credito
2895,2025-06-27,103,Luis Garcia.,CABA,Mouse Optico,Accesorios,$ 25.0,1.0,Transferencia
2896,2025-06-04,102,  marta Sanchez  ,ROSARIO,Mouse Optico,Accesorios,$ 25.0,2.0,Debito
2897,2025-05-06,101,JUAN PEREZ,CORDOBA,Silla Gamer,Muebles,$ 250.0,3.0,Tarjeta Credito
2898,2025-06-26,104,Ana Lopez,Mendoza,Mouse Optico,Accesorios,$ 25.0,4.0,Transferencia
2899,2025-07-12,104,Ana Lopez,Mendoza,Silla Gamer,Muebles,$ 250.0,1.0,Debito
2900,10/03/2025,102,  marta Sanchez  ,ROSARIO,Monitor 24',Electronica,$ 350.0,3.0,Debito
2901,2025-10-01,105,PEDRO GOMEZ,CORDOBA,Teclado Mecanico,Accesorios,$ 80.0,5.0,Tarjeta Credito
2902,2025-04-02,102,  marta Sanchez  ,ROSARIO,Cable HDMI,Cables,$ 15.75,3.0,Tarjeta Credito
2903,2025-07-23,105,PEDRO GOMEZ,CORDOBA,Cable HDMI,Cables,$ 15.75,2.0,Debito
2904,2025-04-19,102,  marta Sanchez  ,ROSARIO,Laptop Pro,Electronica,$ 1200.5,4.0,Transferencia
2905,2025-05-26,104,Ana Lopez,Mendoza,Mouse Optico,Accesorios,$ 25.0,4.0,Tarjeta Credito
2906,2025-04-02,103,Luis Garcia.,CABA,Teclado Mecanico,Accesorios,$ 80.0,1.0,Debito
2907,2025-12-18,101,JUAN PEREZ,CORDOBA,Monitor 24',Electronica,$ 350.0,4.0,Tarjeta Credito
2908,2025-03-07,102,  marta Sanchez  ,ROSARIO,Monitor 24',Electronica,$ 350.0,4.0,Tarjeta Credito
2909,2025-12-10,104,Ana Lopez,Mendoza,Silla Gamer,Muebles,$ 250.0,3.0,Debito
2910,21/11/2025,103,Luis Garcia.,CABA,Silla Gamer,Muebles,$ 250.0,4.0,Efectivo
2911,2025-06-21,104,Ana Lopez,Mendoza,Silla Gamer,Muebles,$ 250.0,1.0,Transferencia
2912,2025-07-16,104,Ana Lopez,Mendoza,Cable HDMI,Cables,$ 15.75,1.0,Efectivo
2913,2025-05-13,106,Lucia Fernandez,TUCUMAN,Cable HDMI,Cables,$ 15.75,4.0,Debito
2914,2025-05-25,101,JUAN PEREZ,CORDOBA,Teclado Mecanico,Accesorios,,4.0,Efectivo
2915,2025-12-18,101,JUAN PEREZ,CORDOBA,Cable HDMI,Cables,$ 15.75,3.0,Tarjeta Credito
2916,2025-04-02,105,PEDRO GOMEZ,CORDOBA,Monitor 24',Electronica,$ 350.0,4.0,Efectivo
2917,2025-01-19,103,Luis Garcia.,CABA,Silla Gamer,Muebles,$ 250.0,1.0,Debito
2918,2025-02-13,102,  marta Sanchez  ,ROSARIO,Mouse Optico,Accesorios,$ 25.0,2.0,Debito
2919,2025-06-26,104,Ana Lopez,Mendoza,Monitor 24',Electronica,$ 350.0,2.0,Debito
2920,17/06/2025,101,JUAN PEREZ,CORDOBA,Laptop Pro,Electronica,$ 1200.5,1.0,Debito
2921,2025-02-10,105,PEDRO GOMEZ,CORDOBA,Silla Gamer,Muebles,$ 250.0,3.0,Debito
2922,2025-04-05,104,Ana Lopez,Mendoza,Laptop Pro,Electronica,$ 1200.5,1.0,Debito
2923,2025-10-20,101,JUAN PEREZ,CORDOBA,Mouse Optico,Accesorios,$ 25.0,5.0,Transferencia
2924,2025-07-11,106,Lucia Fernandez,TUCUMAN,Laptop Pro,Electronica,$ 1200.5,4.0,Efectivo
2925,2025-04-06,106,Lucia Fernandez,TUCUMAN,Silla Gamer,Muebles,$ 250.0,5.0,Debito
2926,2025-05-26,102,  marta Sanchez  ,ROSARIO,Silla Gamer,Muebles,$ 250.0,1.0,Debito
2927,2025-05-21,106,Lucia Fernandez,TUCUMAN,Mouse Optico,Accesorios,$ 25.0,3.0,Tarjeta Credito
2928,2025-01-10,102,  marta Sanchez  ,ROSARIO,Mouse Optico,Accesorios,$ 25.0,5.0,Efectivo
2929,2025-11-08,106,Lucia Fernandez,TUCUMAN,Silla Gamer,Muebles,$ 250.0,5.0,Efectivo
2930,01/09/2025,105,PEDRO GOMEZ,CORDOBA,Teclado Mecanico,Accesorios,$ 80.0,,Efectivo
2931,2025-08-16,103,Luis Garcia.,CABA,Monitor 24',Electronica,$ 350.0,4.0,Transferencia
2932,2025-03-29,105,PEDRO GOMEZ,CORDOBA,Silla Gamer,Muebles,$ 250.0,1.0,Tarjeta Credito
2933,2025-10-15,106,Lucia Fernandez,TUCUMAN,Teclado Mecanico,Accesorios,$ 80.0,5.0,Efectivo
2934,2025-06-11,103,Luis Garcia.,CABA,Monitor 24',Electronica,$ 350.0,2.0,Transferencia
2935,2025-10-17,105,PEDRO GOMEZ,CORDOBA,Monitor 24',Electronica,$ 350.0,1.0,Efectivo
2936,2025-09-09,105,PEDRO GOMEZ,CORDOBA,Silla Gamer,Muebles,$ 250.0,5.0,Transferencia
2937,2025-03-05,104,Ana Lopez,Mendoza,Cable HDMI,Cables,$ 15.75,1.0,Efectivo
2938,2025-07-25,102,  marta Sanchez  ,ROSARIO,Mouse Optico,Accesorios,$ 25.0,2.0,Debito
2939,2025-06-13,105,PEDRO GOMEZ,CORDOBA,Monitor 24',Electronica,$ 350.0,3.0,Debito
2940,11/09/2025,102,  marta Sanchez  ,ROSARIO,Teclado Mecanico,Accesorios,$ 80.0,4.0,Transferencia
2941,2025-05-28,102,  marta Sanchez  ,ROSARIO,Teclado Mecanico,Accesorios,,4.0,Transferencia
2942,2025-07-16,106,Lucia Fernandez,TUCUMAN,Laptop Pro,Electronica,$ 1200.5,4.0,Debito
2943,2025-01-15,102,  marta Sanchez  ,ROSARIO,Silla Gamer,Muebles,$ 250.0,5.0,Tarjeta Credito
2944,2025-07-29,105,PEDRO GOMEZ,CORDOBA,Cable HDMI,Cables,$ 15.75,2.0,Transferencia
2945,2025-08-30,105,PEDRO GOMEZ,CORDOBA,Silla Gamer,Muebles,$ 250.0,1.0,Debito
2946,2025-04-09,105,PEDRO GOMEZ,CORDOBA,Cable HDMI,Cables,$ 15.75,3.0,Transferencia
2947,2025-12-31,102,  marta Sanchez  ,ROSARIO,Teclado Mecanico,Accesorios,$ 80.0,3.0,Tarjeta Credito
2948,2025-10-23,101,JUAN PEREZ,CORDOBA,Mouse Optico,Accesorios,$ 25.0,5.0,Debito
2949,2025-08-25,102,  marta Sanchez  ,ROSARIO,Mouse Optico,Accesorios,$ 25.0,5.0,Efectivo
2950,25/08/2025,102,  marta Sanchez  ,ROSARIO,Mouse Optico,Accesorios,$ 25.0,1.0,Debito
2951,2025-07-17,105,PEDRO GOMEZ,CORDOBA,Teclado Mecanico,Accesorios,$ 80.0,3.0,Tarjeta Credito
2952,2025-11-28,106,Lucia Fernandez,TUCUMAN,Cable HDMI,Cables,$ 15.75,4.0,Debito
2953,2025-05-30,106,Lucia Fernandez,TUCUMAN,Laptop Pro,Electronica,$ 1200.5,1.0,Efectivo
2954,2025-09-19,104,Ana Lopez,Mendoza,Silla Gamer,Muebles,$ 250.0,1.0,Tarjeta Credito
2955,2025-10-24,102,  marta Sanchez  ,ROSARIO,Monitor 24',Electronica,$ 350.0,2.0,Efectivo
2956,2025-06-23,104,Ana Lopez,Mendoza,Silla Gamer,Muebles,$ 250.0,4.0,Transferencia
2957,2025-06-18,103,Luis Garcia.,CABA,Laptop Pro,Electronica,$ 1200.5,4.0,Transferencia
2958,2025-06-01,103,Luis Garcia.,CABA,Monitor 24',Electronica,$ 350.0,4.0,Efectivo
2959,2025-11-01,105,PEDRO GOMEZ,CORDOBA,Monitor 24',Electronica,,5.0,Efectivo
2960,09/07/2025,101,JUAN PEREZ,CORDOBA,Mouse Optico,Accesorios,$ 25.0,3.0,Transferencia
2961,2025-06-06,105,PEDRO GOMEZ,CORDOBA,Silla Gamer,Muebles,$ 250.0,3.0,Transferencia
2962,2025-03-07,106,Lucia Fernandez,TUCUMAN,Silla Gamer,Muebles,$ 250.0,4.0,Efectivo
2963,2025-01-15,106,Lucia Fernandez,TUCUMAN,Mouse Optico,Accesorios,$ 25.0,2.0,Tarjeta Credito
2964,2025-09-18,103,Luis Garcia.,CABA,Monitor 24',Electronica,$ 350.0,4.0,Debito
2965,2025-06-26,105,PEDRO GOMEZ,CORDOBA,Mouse Optico,Accesorios,$ 25.0,5.0,Efectivo
2966,2025-07-13,105,PEDRO GOMEZ,CORDOBA,Monitor 24',Electronica,$ 350.0,2.0,Debito
2967,2025-07-14,102,  marta Sanchez  ,ROSARIO,Teclado Mecanico,Accesorios,,3.0,Transferencia
2968,2025-04-25,103,Luis Garcia.,CABA,Mouse Optico,Accesorios,$ 25.0,1.0,Transferencia
2969,2025-08-24,103,Luis Garcia.,CABA,Teclado Mecanico,Accesorios,$ 80.0,1.0,Transferencia
2970,06/07/2025,106,Lucia Fernandez,TUCUMAN,Mouse Optico,Accesorios,$ 25.0,1.0,Efectivo
2971,2025-05-19,105,PEDRO GOMEZ,CORDOBA,Laptop Pro,Electronica,$ 1200.5,5.0,Tarjeta Credito
2972,2025-10-18,101,JUAN PEREZ,CORDOBA,Teclado Mecanico,Accesorios,$ 80.0,2.0,Transferencia
2973,2025-08-22,102,  marta Sanchez  ,ROSARIO,Silla Gamer,Muebles,$ 250.0,3.0,Efectivo
2974,2025-04-08,101,JUAN PEREZ,CORDOBA,Silla Gamer,Muebles,$ 250.0,2.0,Efectivo
2975,2025-04-27,101,JUAN PEREZ,CORDOBA,Mouse Optico,Accesorios,$ 25.0,4.0,Debito
2976,2025-01-27,101,JUAN PEREZ,CORDOBA,Cable HDMI,Cables,$ 15.75,2.0,Debito
2977,2025-02-12,101,JUAN PEREZ,CORDOBA,Teclado Mecanico,Accesorios,$ 80.0,5.0,Transferencia
2978,2025-06-03,105,PEDRO GOMEZ,CORDOBA,Teclado Mecanico,Accesorios,$ 80.0,1.0,Debito
2979,2025-10-29,106,Lucia Fernandez,TUCUMAN,Mouse Optico,Accesorios,$ 25.0,4.0,Tarjeta Credito
2980,04/11/2025,103,Luis Garcia.,CABA,Teclado Mecanico,Accesorios,$ 80.0,3.0,Debito
2981,2025-11-27,105,PEDRO GOMEZ,CORDOBA,Monitor 24',Electronica,$ 350.0,2.0,Efectivo
2982,2025-10-15,103,Luis Garcia.,CABA,Silla Gamer,Muebles,$ 250.0,1.0,Transferencia
2983,2025-06-13,104,Ana Lopez,Mendoza,Laptop Pro,Electronica,$ 1200.5,4.0,Transferencia
2984,2025-08-10,102,  marta Sanchez  ,ROSARIO,Laptop Pro,Electronica,$ 1200.5,4.0,Efectivo
2985,2025-10-03,106,Lucia Fernandez,TUCUMAN,Silla Gamer,Muebles,$ 250.0,1.0,Transferencia
2986,2025-09-14,102,  marta Sanchez  ,ROSARIO,Monitor 24',Electronica,$ 350.0,4.0,Tarjeta Credito
2987,2025-11-09,106,Lucia Fernandez,TUCUMAN,Monitor 24',Electronica,$ 350.0,3.0,Transferencia
2988,2025-03-29,102,  marta Sanchez  ,ROSARIO,Teclado Mecanico,Accesorios,$ 80.0,2.0,Efectivo
2989,2025-12-01,105,PEDRO GOMEZ,CORDOBA,Teclado Mecanico,Accesorios,$ 80.0,3.0,Transferencia
2990,05/06/2025,103,Luis Garcia.,CABA,Teclado Mecanico,Accesorios,$ 80.0,3.0,Efectivo
2991,2025-08-06,104,Ana Lopez,Mendoza,Monitor 24',Electronica,$ 350.0,1.0,Debito
2992,2025-07-01,101,JUAN PEREZ,CORDOBA,Teclado Mecanico,Accesorios,$ 80.0,4.0,Efectivo
2993,2025-04-14,101,JUAN PEREZ,CORDOBA,Silla Gamer,Muebles,$ 250.0,3.0,Efectivo
2994,2025-08-07,101,JUAN PEREZ,CORDOBA,Monitor 24',Electronica,$ 350.0,5.0,Transferencia
2995,2025-09-15,102,  marta Sanchez  ,ROSARIO,Cable HDMI,Cables,$ 15.75,1.0,Transferencia
2996,2025-09-03,102,  marta Sanchez  ,ROSARIO,Monitor 24',Electronica,$ 350.0,1.0,Debito
2997,2025-09-07,106,Lucia Fernandez,TUCUMAN,Silla Gamer,Muebles,$ 250.0,5.0,Debito
2998,2025-01-29,101,JUAN PEREZ,CORDOBA,Laptop Pro,Electronica,$ 1200.5,3.0,Debito
2999,2025-08-30,103,Luis Garcia.,CABA,Laptop Pro,Electronica,$ 1200.5,3.0,Debito
3000,29/10/2025,102,  marta Sanchez  ,ROSARIO,Mouse Optico,Accesorios,$ 25.0,1.0,Debito
3001,2025-10-21,102,  marta Sanchez  ,ROSARIO,Monitor 24',Electronica,$ 350.0,5.0,Efectivo
3002,2025-03-13,106,Lucia Fernandez,TUCUMAN,Laptop Pro,Electronica,$ 1200.5,3.0,Efectivo
3003,2025-04-20,104,Ana Lopez,Mendoza,Silla Gamer,Muebles,$ 250.0,4.0,Efectivo
3004,2025-12-13,103,Luis Garcia.,CABA,Mouse Optico,Accesorios,$ 25.0,5.0,Tarjeta Credito
3005,2025-11-25,102,  marta Sanchez  ,ROSARIO,Laptop Pro,Electronica,$ 1200.5,4.0,Tarjeta Credito
3006,2025-09-20,105,PEDRO GOMEZ,CORDOBA,Laptop Pro,Electronica,$ 1200.5,1.0,Efectivo
3007,2025-05-25,105,PEDRO GOMEZ,CORDOBA,Teclado Mecanico,Accesorios,$ 80.0,1.0,Tarjeta Credito
3008,2025-09-30,105,PEDRO GOMEZ,CORDOBA,Laptop Pro,Electronica,$ 1200.5,1.0,Debito
3009,2025-04-08,105,PEDRO GOMEZ,CORDOBA,Silla Gamer,Muebles,$ 250.0,4.0,Efectivo
3010,19/03/2025,104,Ana Lopez,Mendoza,Teclado Mecanico,Accesorios,$ 80.0,5.0,Efectivo
3011,2025-12-21,104,Ana Lopez,Mendoza,Cable HDMI,Cables,$ 15.75,1.0,Debito
3012,2025-01-04,105,PEDRO GOMEZ,CORDOBA,Monitor 24',Electronica,$ 350.0,1.0,Transferencia
3013,2025-03-19,103,Luis Garcia.,CABA,Teclado Mecanico,Accesorios,$ 80.0,3.0,Debito
3014,2025-04-13,106,Lucia Fernandez,TUCUMAN,Silla Gamer,Muebles,$ 250.0,3.0,Transferencia
3015,2025-04-16,102,  marta Sanchez  ,ROSARIO,Mouse Optico,Accesorios,$ 25.0,5.0,Tarjeta Credito
3016,2025-06-28,102,  marta Sanchez  ,ROSARIO,Cable HDMI,Cables,$ 15.75,3.0,Transferencia
3017,2025-04-14,106,Lucia Fernandez,TUCUMAN,Mouse Optico,Accesorios,$ 25.0,3.0,Transferencia
3018,2025-01-14,102,  marta Sanchez  ,ROSARIO,Monitor 24',Electronica,$ 350.0,4.0,Tarjeta Credito
3019,2025-08-16,104,Ana Lopez,Mendoza,Laptop Pro,Electronica,$ 1200.5,2.0,Debito
3020,13/08/2025,101,JUAN PEREZ,CORDOBA,Teclado Mecanico,Accesorios,$ 80.0,4.0,Tarjeta Credito
3021,2025-09-17,101,JUAN PEREZ,CORDOBA,Mouse Optico,Accesorios,$ 25.0,1.0,Transferencia
3022,2025-09-08,102,  marta Sanchez  ,ROSARIO,Laptop Pro,Electronica,$ 1200.5,3.0,Debito
3023,2025-02-16,102,  marta Sanchez  ,ROSARIO,Mouse Optico,Accesorios,$ 25.0,3.0,Tarjeta Credito
3024,2025-01-04,104,Ana Lopez,Mendoza,Laptop Pro,Electronica,$ 1200.5,1.0,Efectivo
3025,2025-02-03,103,Luis Garcia.,CABA,Monitor 24',Electronica,$ 350.0,3.0,Transferencia
3026,2025-11-30,106,Lucia Fernandez,TUCUMAN,Laptop Pro,Electronica,$ 1200.5,4.0,Tarjeta Credito
3027,2025-11-28,103,Luis Garcia.,CABA,Silla Gamer,Muebles,$ 250.0,2.0,Transferencia
3028,2025-03-07,105,PEDRO GOMEZ,CORDOBA,Laptop Pro,Electronica,$ 1200.5,4.0,Tarjeta Credito
3029,2025-04-18,101,JUAN PEREZ,CORDOBA,Cable HDMI,Cables,$ 15.75,3.0,Debito
3030,30/03/2025,102,  marta Sanchez  ,ROSARIO,Teclado Mecanico,Accesorios,$ 80.0,2.0,Transferencia
3031,2025-03-25,103,Luis Garcia.,CABA,Laptop Pro,Electronica,,4.0,Efectivo
3032,2025-06-14,103,Luis Garcia.,CABA,Cable HDMI,Cables,,1.0,Debito
3033,2025-03-15,101,JUAN PEREZ,CORDOBA,Silla Gamer,Muebles,$ 250.0,4.0,Transferencia
3034,2025-01-08,102,  marta Sanchez  ,ROSARIO,Laptop Pro,Electronica,$ 1200.5,4.0,Tarjeta Credito
3035,2025-08-26,101,JUAN PEREZ,CORDOBA,Teclado Mecanico,Accesorios,$ 80.0,5.0,Debito
3036,2025-11-23,102,  marta Sanchez  ,ROSARIO,Cable HDMI,Cables,,3.0,Transferencia
3037,2025-10-04,103,Luis Garcia.,CABA,Silla Gamer,Muebles,$ 250.0,1.0,Debito
3038,2025-10-20,104,Ana Lopez,Mendoza,Silla Gamer,Muebles,$ 250.0,2.0,Transferencia
3039,2025-02-12,102,  marta Sanchez  ,ROSARIO,Silla Gamer,Muebles,$ 250.0,3.0,Tarjeta Credito
3040,09/05/2025,102,  marta Sanchez  ,ROSARIO,Mouse Optico,Accesorios,$ 25.0,3.0,Debito
3041,2025-09-24,106,Lucia Fernandez,TUCUMAN,Cable HDMI,Cables,$ 15.75,3.0,Transferencia
3042,2025-07-11,103,Luis Garcia.,CABA,Teclado Mecanico,Accesorios,$ 80.0,1.0,Debito
3043,2025-04-12,106,Lucia Fernandez,TUCUMAN,Laptop Pro,Electronica,$ 1200.5,,Tarjeta Credito
3044,2025-07-23,102,  marta Sanchez  ,ROSARIO,Mouse Optico,Accesorios,$ 25.0,4.0,Efectivo
3045,2025-10-23,102,  marta Sanchez  ,ROSARIO,Silla Gamer,Muebles,$ 250.0,4.0,Efectivo
3046,2025-03-02,105,PEDRO GOMEZ,CORDOBA,Teclado Mecanico,Accesorios,$ 80.0,5.0,Efectivo
3047,2025-05-11,103,Luis Garcia.,CABA,Mouse Optico,Accesorios,$ 25.0,5.0,Debito
3048,2025-12-09,106,Lucia Fernandez,TUCUMAN,Laptop Pro,Electronica,$ 1200.5,3.0,Tarjeta Credito
3049,2025-11-25,103,Luis Garcia.,CABA,Teclado Mecanico,Accesorios,,1.0,Transferencia
3050,03/03/2025,104,Ana Lopez,Mendoza,Laptop Pro,Electronica,$ 1200.5,3.0,Efectivo
3051,2025-10-11,104,Ana Lopez,Mendoza,Teclado Mecanico,Accesorios,$ 80.0,5.0,Transferencia
3052,2025-04-10,104,Ana Lopez,Mendoza,Cable HDMI,Cables,$ 15.75,1.0,Transferencia
3053,2025-07-01,106,Lucia Fernandez,TUCUMAN,Silla Gamer,Muebles,$ 250.0,5.0,Tarjeta Credito
3054,2025-10-04,105,PEDRO GOMEZ,CORDOBA,Monitor 24',Electronica,$ 350.0,5.0,Transferencia
3055,2025-02-21,103,Luis Garcia.,CABA,Mouse Optico,Accesorios,$ 25.0,5.0,Transferencia
3056,2025-10-04,106,Lucia Fernandez,TUCUMAN,Mouse Optico,Accesorios,$ 25.0,2.0,Efectivo
3057,2025-06-01,101,JUAN PEREZ,CORDOBA,Teclado Mecanico,Accesorios,$ 80.0,4.0,Debito
3058,2025-03-11,104,Ana Lopez,Mendoza,Monitor 24',Electronica,$ 350.0,1.0,Efectivo
3059,2025-12-09,106,Lucia Fernandez,TUCUMAN,Cable HDMI,Cables,$ 15.75,5.0,Tarjeta Credito
3060,13/03/2025,101,JUAN PEREZ,CORDOBA,Teclado Mecanico,Accesorios,$ 80.0,2.0,Debito
3061,2025-08-03,102,  marta Sanchez  ,ROSARIO,Silla Gamer,Muebles,$ 250.0,3.0,Tarjeta Credito
3062,2025-03-13,102,  marta Sanchez  ,ROSARIO,Monitor 24',Electronica,$ 350.0,5.0,Transferencia
3063,2025-03-14,102,  marta Sanchez  ,ROSARIO,Teclado Mecanico,Accesorios,$ 80.0,1.0,Tarjeta Credito
3064,2025-09-26,105,PEDRO GOMEZ,CORDOBA,Monitor 24',Electronica,$ 350.0,4.0,Transferencia
3065,2025-06-02,106,Lucia Fernandez,TUCUMAN,Teclado Mecanico,Accesorios,$ 80.0,5.0,Debito
3066,2025-06-24,102,  marta Sanchez  ,ROSARIO,Laptop Pro,Electronica,$ 1200.5,1.0,Debito
3067,2025-11-17,103,Luis Garcia.,CABA,Laptop Pro,Electronica,$ 1200.5,4.0,Efectivo
3068,2025-02-22,102,  marta Sanchez  ,ROSARIO,Cable HDMI,Cables,$ 15.75,5.0,Efectivo
3069,2025-09-11,102,  marta Sanchez  ,ROSARIO,Silla Gamer,Muebles,$ 250.0,4.0,Tarjeta Credito
3070,24/05/2025,106,Lucia Fernandez,TUCUMAN,Laptop Pro,Electronica,$ 1200.5,3.0,Efectivo
3071,2025-05-09,104,Ana Lopez,Mendoza,Silla Gamer,Muebles,$ 250.0,1.0,Debito
3072,2025-09-11,102,  marta Sanchez  ,ROSARIO,Cable HDMI,Cables,$ 15.75,3.0,Tarjeta Credito
3073,2025-10-15,106,Lucia Fernandez,TUCUMAN,Teclado Mecanico,Accesorios,$ 80.0,5.0,Debito
3074,2025-02-25,101,JUAN PEREZ,CORDOBA,Cable HDMI,Cables,$ 15.75,1.0,Tarjeta Credito
3075,2025-07-04,101,JUAN PEREZ,CORDOBA,Mouse Optico,Accesorios,$ 25.0,5.0,Debito
3076,2025-01-21,104,Ana Lopez,Mendoza,Silla Gamer,Muebles,$ 250.0,4.0,Tarjeta Credito
3077,2025-08-10,104,Ana Lopez,Mendoza,Silla Gamer,Muebles,$ 250.0,5.0,Transferencia
3078,2025-06-18,101,JUAN PEREZ,CORDOBA,Silla Gamer,Muebles,$ 250.0,1.0,Debito
3079,2025-12-16,103,Luis Garcia.,CABA,Monitor 24',Electronica,$ 350.0,2.0,Efectivo
3080,16/06/2025,104,Ana Lopez,Mendoza,Laptop Pro,Electronica,$ 1200.5,3.0,Transferencia
3081,2025-10-08,102,  marta Sanchez  ,ROSARIO,Cable HDMI,Cables,$ 15.75,3.0,Transferencia
3082,2025-06-20,104,Ana Lopez,Mendoza,Laptop Pro,Electronica,$ 1200.5,2.0,Efectivo
3083,2025-02-16,103,Luis Garcia.,CABA,Laptop Pro,Electronica,$ 1200.5,4.0,Transferencia
3084,2025-05-16,104,Ana Lopez,Mendoza,Mouse Optico,Accesorios,$ 25.0,3.0,Debito
3085,2025-03-28,103,Luis Garcia.,CABA,Mouse Optico,Accesorios,$ 25.0,5.0,Efectivo
3086,2025-11-25,105,PEDRO GOMEZ,CORDOBA,Silla Gamer,Muebles,$ 250.0,5.0,Transferencia
3087,2025-12-23,104,Ana Lopez,Mendoza,Cable HDMI,Cables,$ 15.75,5.0,Debito
3088,2025-06-24,103,Luis Garcia.,CABA,Mouse Optico,Accesorios,$ 25.0,4.0,Tarjeta Credito
3089,2025-11-11,106,Lucia Fernandez,TUCUMAN,Monitor 24',Electronica,$ 350.0,2.0,Debito
3090,08/10/2025,101,JUAN PEREZ,CORDOBA,Mouse Optico,Accesorios,$ 25.0,1.0,Debito
3091,2025-04-23,102,  marta Sanchez  ,ROSARIO,Silla Gamer,Muebles,$ 250.0,2.0,Transferencia
3092,2025-05-05,101,JUAN PEREZ,CORDOBA,Monitor 24',Electronica,$ 350.0,4.0,Debito
3093,2025-10-10,104,Ana Lopez,Mendoza,Cable HDMI,Cables,$ 15.75,2.0,Debito
3094,2025-07-18,106,Lucia Fernandez,TUCUMAN,Cable HDMI,Cables,$ 15.75,3.0,Efectivo
3095,2025-07-06,104,Ana Lopez,Mendoza,Monitor 24',Electronica,$ 350.0,3.0,Efectivo
3096,2025-03-10,101,JUAN PEREZ,CORDOBA,Silla Gamer,Muebles,$ 250.0,2.0,Transferencia
3097,2025-12-29,101,JUAN PEREZ,CORDOBA,Cable HDMI,Cables,$ 15.75,5.0,Transferencia
3098,2025-12-26,106,Lucia Fernandez,TUCUMAN,Monitor 24',Electronica,$ 350.0,2.0,Debito
3099,2025-01-28,103,Luis Garcia.,CABA,Cable HDMI,Cables,$ 15.75,5.0,Debito
3100,12/01/2025,101,JUAN PEREZ,CORDOBA,Mouse Optico,Accesorios,$ 25.0,1.0,Efectivo
3101,2025-03-17,104,Ana Lopez,Mendoza,Silla Gamer,Muebles,$ 250.0,3.0,Efectivo
3102,2026-01-01,106,Lucia Fernandez,TUCUMAN,Laptop Pro,Electronica,$ 1200.5,2.0,Debito
3103,2025-08-20,102,  marta Sanchez  ,ROSARIO,Silla Gamer,Muebles,$ 250.0,3.0,Efectivo
3104,2025-09-18,102,  marta Sanchez  ,ROSARIO,Cable HDMI,Cables,$ 15.75,5.0,Efectivo
3105,2025-01-28,101,JUAN PEREZ,CORDOBA,Cable HDMI,Cables,$ 15.75,1.0,Tarjeta Credito
3106,2025-09-29,105,PEDRO GOMEZ,CORDOBA,Laptop Pro,Electronica,$ 1200.5,2.0,Transferencia
3107,2025-04-03,105,PEDRO GOMEZ,CORDOBA,Mouse Optico,Accesorios,,1.0,Efectivo
3108,2025-07-26,101,JUAN PEREZ,CORDOBA,Laptop Pro,Electronica,$ 1200.5,4.0,Debito
3109,2025-08-31,104,Ana Lopez,Mendoza,Silla Gamer,Muebles,$ 250.0,1.0,Efectivo
3110,29/12/2025,103,Luis Garcia.,CABA,Mouse Optico,Accesorios,$ 25.0,1.0,Transferencia
3111,2025-04-13,103,Luis Garcia.,CABA,Teclado Mecanico,Accesorios,$ 80.0,1.0,Efectivo
3112,2025-09-26,104,Ana Lopez,Mendoza,Laptop Pro,Electronica,$ 1200.5,1.0,Tarjeta Credito
3113,2025-02-18,106,Lucia Fernandez,TUCUMAN,Monitor 24',Electronica,$ 350.0,5.0,Tarjeta Credito
3114,2025-07-16,101,JUAN PEREZ,CORDOBA,Monitor 24',Electronica,$ 350.0,5.0,Efectivo
3115,2025-04-07,101,JUAN PEREZ,CORDOBA,Mouse Optico,Accesorios,$ 25.0,5.0,Transferencia
3116,2025-12-16,103,Luis Garcia.,CABA,Laptop Pro,Electronica,$ 1200.5,5.0,Transferencia
3117,2025-04-01,104,Ana Lopez,Mendoza,Silla Gamer,Muebles,$ 250.0,4.0,Tarjeta Credito
3118,2025-10-03,105,PEDRO GOMEZ,CORDOBA,Laptop Pro,Electronica,$ 1200.5,1.0,Efectivo
3119,2025-06-28,103,Luis Garcia.,CABA,Laptop Pro,Electronica,$ 1200.5,2.0,Tarjeta Credito
3120,05/11/2025,104,Ana Lopez,Mendoza,Mouse Optico,Accesorios,$ 25.0,3.0,Debito
3121,2025-07-19,106,Lucia Fernandez,TUCUMAN,Cable HDMI,Cables,$ 15.75,5.0,Tarjeta Credito
3122,2025-07-07,103,Luis Garcia.,CABA,Mouse Optico,Accesorios,$ 25.0,4.0,Transferencia
3123,2025-07-03,104,Ana Lopez,Mendoza,Laptop Pro,Electronica,$ 1200.5,4.0,Tarjeta Credito
3124,2025-12-06,105,PEDRO GOMEZ,CORDOBA,Laptop Pro,Electronica,$ 1200.5,5.0,Debito
3125,2025-04-13,105,PEDRO GOMEZ,CORDOBA,Silla Gamer,Muebles,$ 250.0,2.0,Efectivo
3126,2025-07-26,106,Lucia Fernandez,TUCUMAN,Teclado Mecanico,Accesorios,$ 80.0,1.0,Debito
3127,2025-10-15,101,JUAN PEREZ,CORDOBA,Monitor 24',Electronica,$ 350.0,4.0,Efectivo
3128,2025-01-29,106,Lucia Fernandez,TUCUMAN,Silla Gamer,Muebles,$ 250.0,1.0,Efectivo
3129,2025-10-20,105,PEDRO GOMEZ,CORDOBA,Silla Gamer,Muebles,$ 250.0,1.0,Tarjeta Credito
3130,17/07/2025,101,JUAN PEREZ,CORDOBA,Monitor 24',Electronica,$ 350.0,1.0,Debito
3131,2025-09-26,106,Lucia Fernandez,TUCUMAN,Cable HDMI,Cables,$ 15.75,1.0,Transferencia
3132,2025-04-06,101,JUAN PEREZ,CORDOBA,Teclado Mecanico,Accesorios,$ 80.0,1.0,Transferencia
3133,2025-10-20,104,Ana Lopez,Mendoza,Mouse Optico,Accesorios,$ 25.0,,Debito
3134,2025-03-01,102,  marta Sanchez  ,ROSARIO,Silla Gamer,Muebles,$ 250.0,,Transferencia
3135,2025-04-01,106,Lucia Fernandez,TUCUMAN,Monitor 24',Electronica,$ 350.0,3.0,Debito
3136,2025-03-14,101,JUAN PEREZ,CORDOBA,Mouse Optico,Accesorios,$ 25.0,3.0,Debito
3137,2025-12-30,106,Lucia Fernandez,TUCUMAN,Cable HDMI,Cables,$ 15.75,2.0,Efectivo
3138,2025-01-06,104,Ana Lopez,Mendoza,Silla Gamer,Muebles,$ 250.0,3.0,Transferencia
3139,2025-11-04,104,Ana Lopez,Mendoza,Monitor 24',Electronica,,1.0,Debito
3140,20/12/2025,102,  marta Sanchez  ,ROSARIO,Silla Gamer,Muebles,$ 250.0,1.0,Transferencia
3141,2025-04-04,104,Ana Lopez,Mendoza,Laptop Pro,Electronica,$ 1200.5,3.0,Debito
3142,2025-05-27,103,Luis Garcia.,CABA,Cable HDMI,Cables,$ 15.75,1.0,Tarjeta Credito
3143,2025-02-14,104,Ana Lopez,Mendoza,Mouse Optico,Accesorios,$ 25.0,2.0,Tarjeta Credito
3144,2025-02-25,104,Ana Lopez,Mendoza,Teclado Mecanico,Accesorios,$ 80.0,4.0,Transferencia
3145,2025-02-04,101,JUAN PEREZ,CORDOBA,Silla Gamer,Muebles,$ 250.0,4.0,Transferencia
3146,2025-01-22,104,Ana Lopez,Mendoza,Cable HDMI,Cables,$ 15.75,2.0,Transferencia
3147,2025-01-23,106,Lucia Fernandez,TUCUMAN,Monitor 24',Electronica,$ 350.0,3.0,Efectivo
3148,2025-08-25,102,  marta Sanchez  ,ROSARIO,Monitor 24',Electronica,$ 350.0,4.0,Debito
3149,2025-09-16,102,  marta Sanchez  ,ROSARIO,Monitor 24',Electronica,$ 350.0,2.0,Efectivo
3150,13/08/2025,106,Lucia Fernandez,TUCUMAN,Silla Gamer,Muebles,,2.0,Efectivo
3151,2025-03-15,105,PEDRO GOMEZ,CORDOBA,Mouse Optico,Accesorios,$ 25.0,1.0,Tarjeta Credito
3152,2025-10-01,104,Ana Lopez,Mendoza,Cable HDMI,Cables,,3.0,Efectivo
3153,2025-02-23,101,JUAN PEREZ,CORDOBA,Mouse Optico,Accesorios,$ 25.0,,Tarjeta Credito
3154,2025-07-18,105,PEDRO GOMEZ,CORDOBA,Laptop Pro,Electronica,$ 1200.5,2.0,Tarjeta Credito
3155,2025-02-07,105,PEDRO GOMEZ,CORDOBA,Cable HDMI,Cables,,4.0,Debito
3156,2025-11-12,103,Luis Garcia.,CABA,Silla Gamer,Muebles,$ 250.0,2.0,Debito
3157,2025-06-26,105,PEDRO GOMEZ,CORDOBA,Monitor 24',Electronica,$ 350.0,4.0,Transferencia
3158,2025-07-04,104,Ana Lopez,Mendoza,Cable HDMI,Cables,$ 15.75,2.0,Debito
3159,2025-07-08,103,Luis Garcia.,CABA,Mouse Optico,Accesorios,$ 25.0,3.0,Transferencia
3160,30/07/2025,101,JUAN PEREZ,CORDOBA,Teclado Mecanico,Accesorios,$ 80.0,2.0,Debito
3161,2025-06-30,102,  marta Sanchez  ,ROSARIO,Silla Gamer,Muebles,$ 250.0,4.0,Debito
3162,2025-08-16,106,Lucia Fernandez,TUCUMAN,Teclado Mecanico,Accesorios,$ 80.0,3.0,Efectivo
3163,2025-03-10,106,Lucia Fernandez,TUCUMAN,Teclado Mecanico,Accesorios,$ 80.0,2.0,Transferencia
3164,2025-12-04,105,PEDRO GOMEZ,CORDOBA,Mouse Optico,Accesorios,$ 25.0,4.0,Debito
3165,2025-06-07,103,Luis Garcia.,CABA,Silla Gamer,Muebles,$ 250.0,1.0,Debito
3166,2025-07-31,103,Luis Garcia.,CABA,Cable HDMI,Cables,$ 15.75,5.0,Transferencia
3167,2025-09-22,106,Lucia Fernandez,TUCUMAN,Teclado Mecanico,Accesorios,$ 80.0,1.0,Transferencia
3168,2025-12-08,104,Ana Lopez,Mendoza,Cable HDMI,Cables,$ 15.75,5.0,Transferencia
3169,2025-10-22,106,Lucia Fernandez,TUCUMAN,Teclado Mecanico,Accesorios,$ 80.0,4.0,Efectivo
3170,08/03/2025,104,Ana Lopez,Mendoza,Mouse Optico,Accesorios,$ 25.0,5.0,Tarjeta Credito
3171,2025-02-03,106,Lucia Fernandez,TUCUMAN,Laptop Pro,Electronica,$ 1200.5,,Tarjeta Credito
3172,2025-06-10,103,Luis Garcia.,CABA,Laptop Pro,Electronica,$ 1200.5,2.0,Transferencia
3173,2025-07-05,103,Luis Garcia.,CABA,Laptop Pro,Electronica,$ 1200.5,4.0,Debito
3174,2025-03-31,103,Luis Garcia.,CABA,Silla Gamer,Muebles,$ 250.0,5.0,Transferencia
3175,2025-08-01,102,  marta Sanchez  ,ROSARIO,Mouse Optico,Accesorios,$ 25.0,4.0,Transferencia
3176,2025-11-18,105,PEDRO GOMEZ,CORDOBA,Cable HDMI,Cables,$ 15.75,2.0,Tarjeta Credito
3177,2025-08-16,106,Lucia Fernandez,TUCUMAN,Mouse Optico,Accesorios,$ 25.0,4.0,Debito
3178,2025-03-29,104,Ana Lopez,Mendoza,Teclado Mecanico,Accesorios,$ 80.0,3.0,Debito
3179,2025-04-04,105,PEDRO GOMEZ,CORDOBA,Cable HDMI,Cables,$ 15.75,,Debito
3180,26/06/2025,106,Lucia Fernandez,TUCUMAN,Cable HDMI,Cables,$ 15.75,3.0,Tarjeta Credito
3181,2025-11-16,102,  marta Sanchez  ,ROSARIO,Mouse Optico,Accesorios,$ 25.0,2.0,Tarjeta Credito
3182,2025-11-21,106,Lucia Fernandez,TUCUMAN,Mouse Optico,Accesorios,$ 25.0,1.0,Efectivo
3183,2025-01-09,105,PEDRO GOMEZ,CORDOBA,Teclado Mecanico,Accesorios,$ 80.0,2.0,Efectivo
3184,2025-09-20,103,Luis Garcia.,CABA,Mouse Optico,Accesorios,$ 25.0,1.0,Debito
3185,2025-01-27,103,Luis Garcia.,CABA,Mouse Optico,Accesorios,$ 25.0,3.0,Debito
3186,2025-01-21,104,Ana Lopez,Mendoza,Monitor 24',Electronica,$ 350.0,4.0,Tarjeta Credito
3187,2025-01-17,103,Luis Garcia.,CABA,Cable HDMI,Cables,$ 15.75,5.0,Tarjeta Credito
3188,2025-01-10,106,Lucia Fernandez,TUCUMAN,Cable HDMI,Cables,$ 15.75,4.0,Debito
3189,2025-12-22,104,Ana Lopez,Mendoza,Laptop Pro,Electronica,$ 1200.5,3.0,Efectivo
3190,28/07/2025,105,PEDRO GOMEZ,CORDOBA,Teclado Mecanico,Accesorios,$ 80.0,3.0,Efectivo
3191,2025-09-08,105,PEDRO GOMEZ,CORDOBA,Mouse Optico,Accesorios,$ 25.0,4.0,Tarjeta Credito
3192,2025-09-18,106,Lucia Fernandez,TUCUMAN,Monitor 24',Electronica,$ 350.0,2.0,Tarjeta Credito
3193,2025-04-01,102,  marta Sanchez  ,ROSARIO,Laptop Pro,Electronica,$ 1200.5,2.0,Tarjeta Credito
3194,2025-01-07,101,JUAN PEREZ,CORDOBA,Laptop Pro,Electronica,$ 1200.5,5.0,Tarjeta Credito
3195,2025-11-17,102,  marta Sanchez  ,ROSARIO,Cable HDMI,Cables,$ 15.75,3.0,Tarjeta Credito
3196,2025-01-29,105,PEDRO GOMEZ,CORDOBA,Laptop Pro,Electronica,$ 1200.5,1.0,Transferencia
3197,2025-02-16,101,JUAN PEREZ,CORDOBA,Silla Gamer,Muebles,,2.0,Transferencia
3198,2025-02-10,101,JUAN PEREZ,CORDOBA,Silla Gamer,Muebles,$ 250.0,2.0,Debito
3199,2025-09-11,102,  marta Sanchez  ,ROSARIO,Silla Gamer,Muebles,$ 250.0,3.0,Tarjeta Credito
3200,17/09/2025,104,Ana Lopez,Mendoza,Mouse Optico,Accesorios,,2.0,Efectivo
3201,2025-10-22,102,  marta Sanchez  ,ROSARIO,Cable HDMI,Cables,$ 15.75,1.0,Transferencia
3202,2025-04-27,102,  marta Sanchez  ,ROSARIO,Monitor 24',Electronica,$ 350.0,5.0,Efectivo
3203,2025-09-17,105,PEDRO GOMEZ,CORDOBA,Teclado Mecanico,Accesorios,$ 80.0,3.0,Efectivo
3204,2025-09-29,106,Lucia Fernandez,TUCUMAN,Mouse Optico,Accesorios,,3.0,Efectivo
3205,2025-02-01,102,  marta Sanchez  ,ROSARIO,Laptop Pro,Electronica,$ 1200.5,1.0,Debito
3206,2025-08-17,101,JUAN PEREZ,CORDOBA,Silla Gamer,Muebles,,1.0,Efectivo
3207,2025-12-24,105,PEDRO GOMEZ,CORDOBA,Monitor 24',Electronica,$ 350.0,1.0,Efectivo
3208,2025-08-19,106,Lucia Fernandez,TUCUMAN,Monitor 24',Electronica,$ 350.0,3.0,Debito
3209,2025-06-10,103,Luis Garcia.,CABA,Teclado Mecanico,Accesorios,$ 80.0,2.0,Transferencia
3210,30/06/2025,101,JUAN PEREZ,CORDOBA,Silla Gamer,Muebles,$ 250.0,3.0,Debito
3211,2025-08-20,104,Ana Lopez,Mendoza,Teclado Mecanico,Accesorios,$ 80.0,4.0,Debito
3212,2025-06-12,101,JUAN PEREZ,CORDOBA,Mouse Optico,Accesorios,$ 25.0,2.0,Debito
3213,2025-08-11,103,Luis Garcia.,CABA,Laptop Pro,Electronica,$ 1200.5,2.0,Transferencia
3214,2025-04-22,105,PEDRO GOMEZ,CORDOBA,Mouse Optico,Accesorios,$ 25.0,2.0,Efectivo
3215,2025-01-12,103,Luis Garcia.,CABA,Mouse Optico,Accesorios,$ 25.0,5.0,Efectivo
3216,2025-09-07,102,  marta Sanchez  ,ROSARIO,Mouse Optico,Accesorios,$ 25.0,4.0,Transferencia
3217,2025-01-31,104,Ana Lopez,Mendoza,Silla Gamer,Muebles,$ 250.0,3.0,Debito
3218,2025-03-14,105,PEDRO GOMEZ,CORDOBA,Monitor 24',Electronica,$ 350.0,2.0,Debito
3219,2025-06-07,104,Ana Lopez,Mendoza,Laptop Pro,Electronica,$ 1200.5,3.0,Debito
3220,03/11/2025,105,PEDRO GOMEZ,CORDOBA,Laptop Pro,Electronica,$ 1200.5,3.0,Transferencia
3221,2025-08-31,103,Luis Garcia.,CABA,Cable HDMI,Cables,$ 15.75,4.0,Transferencia
3222,2025-12-19,102,  marta Sanchez  ,ROSARIO,Monitor 24',Electronica,$ 350.0,3.0,Debito
3223,2025-06-24,103,Luis Garcia.,CABA,Cable HDMI,Cables,$ 15.75,2.0,Transferencia
3224,2025-10-21,103,Luis Garcia.,CABA,Silla Gamer,Muebles,$ 250.0,5.0,Transferencia
3225,2025-10-16,102,  marta Sanchez  ,ROSARIO,Teclado Mecanico,Accesorios,$ 80.0,,Tarjeta Credito
3226,2025-11-16,104,Ana Lopez,Mendoza,Mouse Optico,Accesorios,$ 25.0,4.0,Efectivo
3227,2025-07-19,101,JUAN PEREZ,CORDOBA,Teclado Mecanico,Accesorios,$ 80.0,3.0,Transferencia
3228,2025-08-31,103,Luis Garcia.,CABA,Laptop Pro,Electronica,$ 1200.5,3.0,Efectivo
3229,2025-10-15,105,PEDRO GOMEZ,CORDOBA,Teclado Mecanico,Accesorios,$ 80.0,3.0,Debito
3230,02/10/2025,103,Luis Garcia.,CABA,Cable HDMI,Cables,$ 15.75,2.0,Tarjeta Credito
3231,2025-02-01,103,Luis Garcia.,CABA,Silla Gamer,Muebles,$ 250.0,5.0,Efectivo
3232,2025-08-05,102,  marta Sanchez  ,ROSARIO,Teclado Mecanico,Accesorios,$ 80.0,3.0,Efectivo
3233,2025-06-01,102,  marta Sanchez  ,ROSARIO,Mouse Optico,Accesorios,,4.0,Tarjeta Credito
3234,2025-03-17,103,Luis Garcia.,CABA,Teclado Mecanico,Accesorios,$ 80.0,2.0,Debito
3235,2025-05-21,103,Luis Garcia.,CABA,Laptop Pro,Electronica,$ 1200.5,5.0,Debito
3236,2025-10-28,103,Luis Garcia.,CABA,Mouse Optico,Accesorios,$ 25.0,1.0,Tarjeta Credito
3237,2025-09-02,103,Luis Garcia.,CABA,Cable HDMI,Cables,$ 15.75,4.0,Tarjeta Credito
3238,2025-11-27,106,Lucia Fernandez,TUCUMAN,Teclado Mecanico,Accesorios,$ 80.0,5.0,Tarjeta Credito
3239,2025-06-15,106,Lucia Fernandez,TUCUMAN,Monitor 24',Electronica,$ 350.0,5.0,Tarjeta Credito
3240,01/01/2026,106,Lucia Fernandez,TUCUMAN,Silla Gamer,Muebles,$ 250.0,1.0,Transferencia
3241,2025-09-25,102,  marta Sanchez  ,ROSARIO,Laptop Pro,Electronica,$ 1200.5,1.0,Efectivo
3242,2025-02-11,103,Luis Garcia.,CABA,Monitor 24',Electronica,$ 350.0,4.0,Debito
3243,2025-09-26,105,PEDRO GOMEZ,CORDOBA,Laptop Pro,Electronica,$ 1200.5,2.0,Tarjeta Credito
3244,2025-03-23,102,  marta Sanchez  ,ROSARIO,Teclado Mecanico,Accesorios,$ 80.0,3.0,Transferencia
3245,2025-11-27,102,  marta Sanchez  ,ROSARIO,Laptop Pro,Electronica,$ 1200.5,2.0,Debito
3246,2025-04-23,101,JUAN PEREZ,CORDOBA,Laptop Pro,Electronica,$ 1200.5,2.0,Efectivo
3247,2025-11-21,103,Luis Garcia.,CABA,Teclado Mecanico,Accesorios,$ 80.0,,Efectivo
3248,2025-12-09,104,Ana Lopez,Mendoza,Laptop Pro,Electronica,$ 1200.5,1.0,Tarjeta Credito
3249,2025-01-19,102,  marta Sanchez  ,ROSARIO,Cable HDMI,Cables,$ 15.75,1.0,Efectivo
3250,25/10/2025,106,Lucia Fernandez,TUCUMAN,Laptop Pro,Electronica,$ 1200.5,2.0,Debito
3251,2025-10-02,102,  marta Sanchez  ,ROSARIO,Mouse Optico,Accesorios,,5.0,Efectivo
3252,2025-07-11,103,Luis Garcia.,CABA,Cable HDMI,Cables,$ 15.75,2.0,Efectivo
3253,2025-06-17,103,Luis Garcia.,CABA,Mouse Optico,Accesorios,$ 25.0,3.0,Debito
3254,2025-11-05,101,JUAN PEREZ,CORDOBA,Teclado Mecanico,Accesorios,$ 80.0,4.0,Transferencia
3255,2025-01-22,102,  marta Sanchez  ,ROSARIO,Laptop Pro,Electronica,$ 1200.5,2.0,Transferencia
3256,2025-06-02,105,PEDRO GOMEZ,CORDOBA,Silla Gamer,Muebles,$ 250.0,5.0,Efectivo
3257,2025-01-28,103,Luis Garcia.,CABA,Teclado Mecanico,Accesorios,$ 80.0,3.0,Transferencia
3258,2025-06-08,105,PEDRO GOMEZ,CORDOBA,Laptop Pro,Electronica,,3.0,Transferencia
3259,2025-07-18,104,Ana Lopez,Mendoza,Silla Gamer,Muebles,$ 250.0,4.0,Transferencia
3260,15/10/2025,104,Ana Lopez,Mendoza,Teclado Mecanico,Accesorios,$ 80.0,2.0,Tarjeta Credito
3261,2025-01-01,105,PEDRO GOMEZ,CORDOBA,Laptop Pro,Electronica,$ 1200.5,1.0,Efectivo
3262,2025-08-16,101,JUAN PEREZ,CORDOBA,Monitor 24',Electronica,$ 350.0,2.0,Tarjeta Credito
3263,2025-04-21,101,JUAN PEREZ,CORDOBA,Monitor 24',Electronica,$ 350.0,3.0,Tarjeta Credito
3264,2025-12-01,103,Luis Garcia.,CABA,Teclado Mecanico,Accesorios,,1.0,Efectivo
3265,2025-08-22,102,  marta Sanchez  ,ROSARIO,Monitor 24',Electronica,$ 350.0,2.0,Tarjeta Credito
3266,2025-12-16,106,Lucia Fernandez,TUCUMAN,Silla Gamer,Muebles,$ 250.0,4.0,Transferencia
3267,2025-02-14,101,JUAN PEREZ,CORDOBA,Laptop Pro,Electronica,$ 1200.5,5.0,Efectivo
3268,2025-12-26,103,Luis Garcia.,CABA,Laptop Pro,Electronica,$ 1200.5,2.0,Transferencia
3269,2025-12-14,101,JUAN PEREZ,CORDOBA,Teclado Mecanico,Accesorios,$ 80.0,4.0,Debito
3270,07/01/2025,104,Ana Lopez,Mendoza,Mouse Optico,Accesorios,$ 25.0,1.0,Efectivo
3271,2025-09-03,106,Lucia Fernandez,TUCUMAN,Monitor 24',Electronica,$ 350.0,3.0,Transferencia
3272,2025-08-18,102,  marta Sanchez  ,ROSARIO,Silla Gamer,Muebles,$ 250.0,1.0,Debito
3273,2025-09-08,105,PEDRO GOMEZ,CORDOBA,Silla Gamer,Muebles,$ 250.0,1.0,Efectivo
3274,2025-11-03,103,Luis Garcia.,CABA,Laptop Pro,Electronica,$ 1200.5,5.0,Transferencia
3275,2025-07-10,103,Luis Garcia.,CABA,Silla Gamer,Muebles,$ 250.0,3.0,Efectivo
3276,2025-10-25,104,Ana Lopez,Mendoza,Mouse Optico,Accesorios,$ 25.0,3.0,Efectivo
3277,2025-09-11,102,  marta Sanchez  ,ROSARIO,Silla Gamer,Muebles,$ 250.0,4.0,Tarjeta Credito
3278,2025-03-12,105,PEDRO GOMEZ,CORDOBA,Monitor 24',Electronica,$ 350.0,4.0,Debito
3279,2025-03-26,105,PEDRO GOMEZ,CORDOBA,Silla Gamer,Muebles,$ 250.0,2.0,Efectivo
3280,23/03/2025,105,PEDRO GOMEZ,CORDOBA,Silla Gamer,Muebles,$ 250.0,2.0,Debito
3281,2025-02-27,101,JUAN PEREZ,CORDOBA,Teclado Mecanico,Accesorios,$ 80.0,5.0,Tarjeta Credito
3282,2025-05-11,105,PEDRO GOMEZ,CORDOBA,Laptop Pro,Electronica,$ 1200.5,2.0,Transferencia
3283,2025-06-21,106,Lucia Fernandez,TUCUMAN,Silla Gamer,Muebles,$ 250.0,3.0,Debito
3284,2025-07-21,105,PEDRO GOMEZ,CORDOBA,Silla Gamer,Muebles,$ 250.0,4.0,Tarjeta Credito
3285,2025-11-26,102,  marta Sanchez  ,ROSARIO,Silla Gamer,Muebles,$ 250.0,2.0,Tarjeta Credito
3286,2025-09-11,105,PEDRO GOMEZ,CORDOBA,Laptop Pro,Electronica,$ 1200.5,3.0,Transferencia
3287,2025-04-18,104,Ana Lopez,Mendoza,Monitor 24',Electronica,$ 350.0,2.0,Tarjeta Credito
3288,2025-06-01,101,JUAN PEREZ,CORDOBA,Laptop Pro,Electronica,$ 1200.5,1.0,Tarjeta Credito
3289,2025-03-02,103,Luis Garcia.,CABA,Teclado Mecanico,Accesorios,$ 80.0,4.0,Tarjeta Credito
3290,03/06/2025,106,Lucia Fernandez,TUCUMAN,Cable HDMI,Cables,$ 15.75,3.0,Debito
3291,2025-09-02,105,PEDRO GOMEZ,CORDOBA,Cable HDMI,Cables,$ 15.75,4.0,Tarjeta Credito
3292,2025-06-29,104,Ana Lopez,Mendoza,Monitor 24',Electronica,,4.0,Tarjeta Credito
3293,2025-10-28,104,Ana Lopez,Mendoza,Silla Gamer,Muebles,$ 250.0,4.0,Tarjeta Credito
3294,2025-09-07,104,Ana Lopez,Mendoza,Laptop Pro,Electronica,$ 1200.5,3.0,Tarjeta Credito
3295,2025-11-20,101,JUAN PEREZ,CORDOBA,Mouse Optico,Accesorios,$ 25.0,3.0,Transferencia
3296,2025-01-18,105,PEDRO GOMEZ,CORDOBA,Teclado Mecanico,Accesorios,$ 80.0,4.0,Transferencia
3297,2025-02-18,105,PEDRO GOMEZ,CORDOBA,Teclado Mecanico,Accesorios,,1.0,Debito
3298,2025-04-03,101,JUAN PEREZ,CORDOBA,Cable HDMI,Cables,$ 15.75,4.0,Tarjeta Credito
3299,2025-03-02,103,Luis Garcia.,CABA,Cable HDMI,Cables,$ 15.75,4.0,Efectivo
3300,29/05/2025,102,  marta Sanchez  ,ROSARIO,Laptop Pro,Electronica,$ 1200.5,2.0,Tarjeta Credito
3301,2025-09-06,102,  marta Sanchez  ,ROSARIO,Teclado Mecanico,Accesorios,$ 80.0,2.0,Debito
3302,2025-04-04,101,JUAN PEREZ,CORDOBA,Monitor 24',Electronica,$ 350.0,5.0,Debito
3303,2025-08-16,102,  marta Sanchez  ,ROSARIO,Silla Gamer,Muebles,$ 250.0,1.0,Tarjeta Credito
3304,2025-03-09,102,  marta Sanchez  ,ROSARIO,Mouse Optico,Accesorios,$ 25.0,5.0,Tarjeta Credito
3305,2025-07-07,104,Ana Lopez,Mendoza,Teclado Mecanico,Accesorios,$ 80.0,5.0,Efectivo
3306,2025-02-24,106,Lucia Fernandez,TUCUMAN,Cable HDMI,Cables,$ 15.75,4.0,Debito
3307,2025-02-14,101,JUAN PEREZ,CORDOBA,Laptop Pro,Electronica,$ 1200.5,3.0,Debito
3308,2025-05-05,104,Ana Lopez,Mendoza,Cable HDMI,Cables,$ 15.75,1.0,Tarjeta Credito
3309,2025-10-20,102,  marta Sanchez  ,ROSARIO,Laptop Pro,Electronica,$ 1200.5,5.0,Efectivo
3310,02/09/2025,105,PEDRO GOMEZ,CORDOBA,Monitor 24',Electronica,$ 350.0,2.0,Debito
3311,2025-01-21,101,JUAN PEREZ,CORDOBA,Cable HDMI,Cables,$ 15.75,2.0,Debito
3312,2025-01-31,101,JUAN PEREZ,CORDOBA,Monitor 24',Electronica,$ 350.0,,Efectivo
3313,2025-01-05,105,PEDRO GOMEZ,CORDOBA,Cable HDMI,Cables,$ 15.75,3.0,Transferencia
3314,2025-04-07,104,Ana Lopez,Mendoza,Mouse Optico,Accesorios,$ 25.0,2.0,Tarjeta Credito
3315,2025-10-11,102,  marta Sanchez  ,ROSARIO,Teclado Mecanico,Accesorios,$ 80.0,1.0,Transferencia
3316,2025-09-19,106,Lucia Fernandez,TUCUMAN,Mouse Optico,Accesorios,$ 25.0,4.0,Tarjeta Credito
3317,2025-05-07,105,PEDRO GOMEZ,CORDOBA,Mouse Optico,Accesorios,$ 25.0,3.0,Transferencia
3318,2025-01-31,103,Luis Garcia.,CABA,Teclado Mecanico,Accesorios,$ 80.0,3.0,Debito
3319,2025-12-10,101,JUAN PEREZ,CORDOBA,Mouse Optico,Accesorios,$ 25.0,4.0,Transferencia
3320,03/09/2025,106,Lucia Fernandez,TUCUMAN,Mouse Optico,Accesorios,$ 25.0,4.0,Transferencia
3321,2025-09-24,102,  marta Sanchez  ,ROSARIO,Cable HDMI,Cables,$ 15.75,4.0,Tarjeta Credito
3322,2025-10-15,104,Ana Lopez,Mendoza,Laptop Pro,Electronica,$ 1200.5,2.0,Tarjeta Credito
3323,2025-07-21,103,Luis Garcia.,CABA,Monitor 24',Electronica,$ 350.0,3.0,Efectivo
3324,2025-06-17,105,PEDRO GOMEZ,CORDOBA,Cable HDMI,Cables,$ 15.75,4.0,Debito
3325,2025-10-29,104,Ana Lopez,Mendoza,Silla Gamer,Muebles,$ 250.0,5.0,Transferencia
3326,2025-02-16,104,Ana Lopez,Mendoza,Monitor 24',Electronica,$ 350.0,5.0,Tarjeta Credito
3327,2025-05-18,103,Luis Garcia.,CABA,Silla Gamer,Muebles,$ 250.0,5.0,Transferencia
3328,2025-05-03,103,Luis Garcia.,CABA,Monitor 24',Electronica,$ 350.0,3.0,Transferencia
3329,2025-12-13,103,Luis Garcia.,CABA,Cable HDMI,Cables,$ 15.75,4.0,Transferencia
3330,19/12/2025,105,PEDRO GOMEZ,CORDOBA,Mouse Optico,Accesorios,$ 25.0,3.0,Efectivo
3331,2025-10-25,102,  marta Sanchez  ,ROSARIO,Teclado Mecanico,Accesorios,$ 80.0,3.0,Transferencia
3332,2025-11-21,102,  marta Sanchez  ,ROSARIO,Cable HDMI,Cables,$ 15.75,4.0,Efectivo
3333,2025-09-05,102,  marta Sanchez  ,ROSARIO,Teclado Mecanico,Accesorios,$ 80.0,4.0,Efectivo
3334,2025-11-07,102,  marta Sanchez  ,ROSARIO,Monitor 24',Electronica,$ 350.0,4.0,Debito
3335,2025-04-07,101,JUAN PEREZ,CORDOBA,Laptop Pro,Electronica,$ 1200.5,4.0,Debito
3336,2025-05-22,105,PEDRO GOMEZ,CORDOBA,Cable HDMI,Cables,$ 15.75,3.0,Tarjeta Credito
3337,2025-09-08,104,Ana Lopez,Mendoza,Silla Gamer,Muebles,$ 250.0,4.0,Efectivo
3338,2025-04-03,101,JUAN PEREZ,CORDOBA,Mouse Optico,Accesorios,$ 25.0,1.0,Tarjeta Credito
3339,2025-02-25,101,JUAN PEREZ,CORDOBA,Monitor 24',Electronica,$ 350.0,1.0,Debito
3340,05/12/2025,102,  marta Sanchez  ,ROSARIO,Laptop Pro,Electronica,$ 1200.5,,Efectivo
3341,2025-05-22,105,PEDRO GOMEZ,CORDOBA,Silla Gamer,Muebles,$ 250.0,2.0,Efectivo
3342,2025-05-02,105,PEDRO GOMEZ,CORDOBA,Monitor 24',Electronica,$ 350.0,3.0,Transferencia
3343,2025-04-15,102,  marta Sanchez  ,ROSARIO,Teclado Mecanico,Accesorios,$ 80.0,,Transferencia
3344,2025-11-11,101,JUAN PEREZ,CORDOBA,Cable HDMI,Cables,$ 15.75,4.0,Tarjeta Credito
3345,2025-07-28,101,JUAN PEREZ,CORDOBA,Mouse Optico,Accesorios,$ 25.0,2.0,Transferencia
3346,2025-02-24,102,  marta Sanchez  ,ROSARIO,Monitor 24',Electronica,,4.0,Debito
3347,2025-04-29,104,Ana Lopez,Mendoza,Mouse Optico,Accesorios,$ 25.0,4.0,Debito
3348,2025-07-16,102,  marta Sanchez  ,ROSARIO,Silla Gamer,Muebles,$ 250.0,1.0,Efectivo
3349,2025-09-09,102,  marta Sanchez  ,ROSARIO,Silla Gamer,Muebles,$ 250.0,3.0,Efectivo
3350,17/09/2025,101,JUAN PEREZ,CORDOBA,Teclado Mecanico,Accesorios,$ 80.0,5.0,Transferencia
3351,2025-12-27,103,Luis Garcia.,CABA,Mouse Optico,Accesorios,$ 25.0,4.0,Transferencia
3352,2025-04-22,104,Ana Lopez,Mendoza,Mouse Optico,Accesorios,$ 25.0,2.0,Efectivo
3353,2025-11-04,102,  marta Sanchez  ,ROSARIO,Teclado Mecanico,Accesorios,$ 80.0,5.0,Transferencia
3354,2025-02-03,106,Lucia Fernandez,TUCUMAN,Silla Gamer,Muebles,$ 250.0,4.0,Efectivo
3355,2025-01-11,103,Luis Garcia.,CABA,Teclado Mecanico,Accesorios,$ 80.0,4.0,Tarjeta Credito
3356,2025-06-28,104,Ana Lopez,Mendoza,Monitor 24',Electronica,$ 350.0,3.0,Debito
3357,2025-04-23,102,  marta Sanchez  ,ROSARIO,Mouse Optico,Accesorios,$ 25.0,5.0,Transferencia
3358,2025-07-06,101,JUAN PEREZ,CORDOBA,Teclado Mecanico,Accesorios,,2.0,Tarjeta Credito
3359,2025-10-11,105,PEDRO GOMEZ,CORDOBA,Silla Gamer,Muebles,$ 250.0,3.0,Debito
3360,14/03/2025,102,  marta Sanchez  ,ROSARIO,Monitor 24',Electronica,$ 350.0,2.0,Transferencia
3361,2025-03-27,104,Ana Lopez,Mendoza,Monitor 24',Electronica,$ 350.0,1.0,Tarjeta Credito
3362,2025-04-01,105,PEDRO GOMEZ,CORDOBA,Silla Gamer,Muebles,$ 250.0,4.0,Transferencia
3363,2025-04-11,102,  marta Sanchez  ,ROSARIO,Laptop Pro,Electronica,$ 1200.5,1.0,Efectivo
3364,2025-03-05,102,  marta Sanchez  ,ROSARIO,Cable HDMI,Cables,$ 15.75,3.0,Transferencia
3365,2025-04-06,102,  marta Sanchez  ,ROSARIO,Cable HDMI,Cables,$ 15.75,,Transferencia
3366,2025-01-11,103,Luis Garcia.,CABA,Cable HDMI,Cables,$ 15.75,4.0,Transferencia
3367,2025-08-29,102,  marta Sanchez  ,ROSARIO,Laptop Pro,Electronica,$ 1200.5,5.0,Efectivo
3368,2025-08-25,105,PEDRO GOMEZ,CORDOBA,Monitor 24',Electronica,$ 350.0,1.0,Transferencia
3369,2025-11-07,102,  marta Sanchez  ,ROSARIO,Silla Gamer,Muebles,$ 250.0,4.0,Transferencia
3370,24/08/2025,101,JUAN PEREZ,CORDOBA,Monitor 24',Electronica,$ 350.0,4.0,Debito
3371,2025-11-28,105,PEDRO GOMEZ,CORDOBA,Teclado Mecanico,Accesorios,$ 80.0,5.0,Debito
3372,2025-07-28,103,Luis Garcia.,CABA,Cable HDMI,Cables,$ 15.75,2.0,Tarjeta Credito
3373,2025-11-04,102,  marta Sanchez  ,ROSARIO,Laptop Pro,Electronica,$ 1200.5,1.0,Debito
3374,2025-06-03,104,Ana Lopez,Mendoza,Teclado Mecanico,Accesorios,$ 80.0,2.0,Tarjeta Credito
3375,2025-11-23,102,  marta Sanchez  ,ROSARIO,Teclado Mecanico,Accesorios,$ 80.0,5.0,Transferencia
3376,2025-07-22,106,Lucia Fernandez,TUCUMAN,Monitor 24',Electronica,$ 350.0,,Transferencia
3377,2025-09-07,104,Ana Lopez,Mendoza,Monitor 24',Electronica,$ 350.0,3.0,Transferencia
3378,2025-08-01,104,Ana Lopez,Mendoza,Mouse Optico,Accesorios,$ 25.0,2.0,Tarjeta Credito
3379,2025-01-28,103,Luis Garcia.,CABA,Monitor 24',Electronica,$ 350.0,4.0,Tarjeta Credito
3380,01/07/2025,105,PEDRO GOMEZ,CORDOBA,Monitor 24',Electronica,$ 350.0,1.0,Debito
3381,2025-06-19,101,JUAN PEREZ,CORDOBA,Monitor 24',Electronica,$ 350.0,2.0,Tarjeta Credito
3382,2025-12-31,101,JUAN PEREZ,CORDOBA,Mouse Optico,Accesorios,$ 25.0,5.0,Transferencia
3383,2025-07-10,106,Lucia Fernandez,TUCUMAN,Cable HDMI,Cables,,5.0,Debito
3384,2025-06-17,103,Luis Garcia.,CABA,Cable HDMI,Cables,$ 15.75,5.0,Tarjeta Credito
3385,2025-08-10,104,Ana Lopez,Mendoza,Teclado Mecanico,Accesorios,$ 80.0,5.0,Tarjeta Credito
3386,2025-06-19,102,  marta Sanchez  ,ROSARIO,Teclado Mecanico,Accesorios,$ 80.0,3.0,Transferencia
3387,2025-02-17,102,  marta Sanchez  ,ROSARIO,Mouse Optico,Accesorios,$ 25.0,2.0,Tarjeta Credito
3388,2025-01-07,101,JUAN PEREZ,CORDOBA,Monitor 24',Electronica,$ 350.0,5.0,Transferencia
3389,2025-08-07,104,Ana Lopez,Mendoza,Mouse Optico,Accesorios,$ 25.0,2.0,Tarjeta Credito
3390,20/01/2025,101,JUAN PEREZ,CORDOBA,Mouse Optico,Accesorios,$ 25.0,1.0,Transferencia
3391,2025-12-11,104,Ana Lopez,Mendoza,Mouse Optico,Accesorios,$ 25.0,4.0,Efectivo
3392,2025-07-10,105,PEDRO GOMEZ,CORDOBA,Silla Gamer,Muebles,$ 250.0,3.0,Efectivo
3393,2025-06-17,106,Lucia Fernandez,TUCUMAN,Silla Gamer,Muebles,$ 250.0,5.0,Efectivo
3394,2025-04-26,105,PEDRO GOMEZ,CORDOBA,Mouse Optico,Accesorios,$ 25.0,3.0,Efectivo
3395,2025-09-13,105,PEDRO GOMEZ,CORDOBA,Monitor 24',Electronica,$ 350.0,1.0,Efectivo
3396,2025-03-17,103,Luis Garcia.,CABA,Laptop Pro,Electronica,$ 1200.5,2.0,Transferencia
3397,2025-02-20,104,Ana Lopez,Mendoza,Mouse Optico,Accesorios,$ 25.0,4.0,Debito
3398,2025-06-19,104,Ana Lopez,Mendoza,Cable HDMI,Cables,$ 15.75,5.0,Debito
3399,2025-06-10,106,Lucia Fernandez,TUCUMAN,Laptop Pro,Electronica,$ 1200.5,4.0,Debito
3400,31/08/2025,102,  marta Sanchez  ,ROSARIO,Teclado Mecanico,Accesorios,$ 80.0,3.0,Tarjeta Credito
3401,2025-09-07,103,Luis Garcia.,CABA,Mouse Optico,Accesorios,$ 25.0,4.0,Transferencia
3402,2025-05-01,104,Ana Lopez,Mendoza,Teclado Mecanico,Accesorios,$ 80.0,2.0,Efectivo
3403,2025-06-17,102,  marta Sanchez  ,ROSARIO,Cable HDMI,Cables,$ 15.75,1.0,Tarjeta Credito
3404,2025-01-05,101,JUAN PEREZ,CORDOBA,Silla Gamer,Muebles,$ 250.0,1.0,Transferencia
3405,2025-08-30,101,JUAN PEREZ,CORDOBA,Laptop Pro,Electronica,$ 1200.5,3.0,Efectivo
3406,2025-02-14,106,Lucia Fernandez,TUCUMAN,Cable HDMI,Cables,,3.0,Tarjeta Credito
3407,2025-02-12,101,JUAN PEREZ,CORDOBA,Cable HDMI,Cables,$ 15.75,2.0,Transferencia
3408,2025-02-25,104,Ana Lopez,Mendoza,Teclado Mecanico,Accesorios,$ 80.0,5.0,Tarjeta Credito
3409,2025-03-12,105,PEDRO GOMEZ,CORDOBA,Monitor 24',Electronica,$ 350.0,3.0,Transferencia
3410,21/09/2025,106,Lucia Fernandez,TUCUMAN,Silla Gamer,Muebles,$ 250.0,3.0,Tarjeta Credito
3411,2025-12-07,104,Ana Lopez,Mendoza,Monitor 24',Electronica,$ 350.0,4.0,Efectivo
3412,2025-05-31,105,PEDRO GOMEZ,CORDOBA,Monitor 24',Electronica,$ 350.0,4.0,Transferencia
3413,2025-06-17,103,Luis Garcia.,CABA,Silla Gamer,Muebles,$ 250.0,2.0,Tarjeta Credito
3414,2025-10-28,101,JUAN PEREZ,CORDOBA,Laptop Pro,Electronica,$ 1200.5,4.0,Transferencia
3415,2025-02-07,102,  marta Sanchez  ,ROSARIO,Silla Gamer,Muebles,$ 250.0,3.0,Transferencia
3416,2025-08-11,106,Lucia Fernandez,TUCUMAN,Teclado Mecanico,Accesorios,$ 80.0,5.0,Efectivo
3417,2025-08-31,106,Lucia Fernandez,TUCUMAN,Mouse Optico,Accesorios,$ 25.0,4.0,Transferencia
3418,2025-01-26,103,Luis Garcia.,CABA,Laptop Pro,Electronica,,3.0,Debito
3419,2025-08-26,102,  marta Sanchez  ,ROSARIO,Teclado Mecanico,Accesorios,$ 80.0,3.0,Debito
3420,29/12/2025,102,  marta Sanchez  ,ROSARIO,Monitor 24',Electronica,$ 350.0,5.0,Transferencia
3421,2025-05-09,101,JUAN PEREZ,CORDOBA,Mouse Optico,Accesorios,$ 25.0,3.0,Transferencia
3422,2025-05-03,101,JUAN PEREZ,CORDOBA,Mouse Optico,Accesorios,$ 25.0,3.0,Transferencia
3423,2025-08-02,106,Lucia Fernandez,TUCUMAN,Mouse Optico,Accesorios,,,Efectivo
3424,2025-11-11,106,Lucia Fernandez,TUCUMAN,Monitor 24',Electronica,$ 350.0,,Debito
3425,2025-04-19,105,PEDRO GOMEZ,CORDOBA,Mouse Optico,Accesorios,$ 25.0,5.0,Efectivo
3426,2025-09-28,105,PEDRO GOMEZ,CORDOBA,Teclado Mecanico,Accesorios,$ 80.0,5.0,Transferencia
3427,2025-01-21,104,Ana Lopez,Mendoza,Silla Gamer,Muebles,$ 250.0,5.0,Efectivo
3428,2025-01-23,105,PEDRO GOMEZ,CORDOBA,Teclado Mecanico,Accesorios,$ 80.0,,Tarjeta Credito
3429,2025-08-26,104,Ana Lopez,Mendoza,Teclado Mecanico,Accesorios,$ 80.0,2.0,Efectivo
3430,19/08/2025,105,PEDRO GOMEZ,CORDOBA,Mouse Optico,Accesorios,$ 25.0,1.0,Transferencia
3431,2025-05-11,106,Lucia Fernandez,TUCUMAN,Cable HDMI,Cables,$ 15.75,,Transferencia
3432,2025-08-19,101,JUAN PEREZ,CORDOBA,Mouse Optico,Accesorios,$ 25.0,,Tarjeta Credito
3433,2025-10-02,101,JUAN PEREZ,CORDOBA,Monitor 24',Electronica,$ 350.0,4.0,Tarjeta Credito
3434,2025-11-24,105,PEDRO GOMEZ,CORDOBA,Silla Gamer,Muebles,$ 250.0,1.0,Debito
3435,2025-10-01,105,PEDRO GOMEZ,CORDOBA,Mouse Optico,Accesorios,$ 25.0,1.0,Transferencia
3436,2025-06-18,104,Ana Lopez,Mendoza,Cable HDMI,Cables,$ 15.75,1.0,Debito
3437,2025-11-28,101,JUAN PEREZ,CORDOBA,Monitor 24',Electronica,$ 350.0,1.0,Transferencia
3438,2025-05-13,106,Lucia Fernandez,TUCUMAN,Silla Gamer,Muebles,$ 250.0,3.0,Debito
3439,2025-04-15,102,  marta Sanchez  ,ROSARIO,Teclado Mecanico,Accesorios,$ 80.0,3.0,Efectivo
3440,08/10/2025,105,PEDRO GOMEZ,CORDOBA,Silla Gamer,Muebles,$ 250.0,2.0,Tarjeta Credito
3441,2025-02-03,101,JUAN PEREZ,CORDOBA,Mouse Optico,Accesorios,$ 25.0,3.0,Transferencia
3442,2025-06-22,101,JUAN PEREZ,CORDOBA,Teclado Mecanico,Accesorios,$ 80.0,5.0,Debito
3443,2025-09-04,105,PEDRO GOMEZ,CORDOBA,Laptop Pro,Electronica,$ 1200.5,1.0,Efectivo
3444,2025-04-01,101,JUAN PEREZ,CORDOBA,Monitor 24',Electronica,$ 350.0,3.0,Tarjeta Credito
3445,2025-02-02,105,PEDRO GOMEZ,CORDOBA,Laptop Pro,Electronica,$ 1200.5,5.0,Transferencia
3446,2025-06-29,104,Ana Lopez,Mendoza,Silla Gamer,Muebles,,4.0,Tarjeta Credito
3447,2025-04-19,105,PEDRO GOMEZ,CORDOBA,Teclado Mecanico,Accesorios,$ 80.0,4.0,Tarjeta Credito
3448,2025-12-03,106,Lucia Fernandez,TUCUMAN,Mouse Optico,Accesorios,$ 25.0,5.0,Debito
3449,2025-11-25,104,Ana Lopez,Mendoza,Monitor 24',Electronica,$ 350.0,1.0,Debito
3450,20/10/2025,102,  marta Sanchez  ,ROSARIO,Laptop Pro,Electronica,$ 1200.5,3.0,Efectivo
3451,2025-01-04,104,Ana Lopez,Mendoza,Silla Gamer,Muebles,$ 250.0,1.0,Transferencia
3452,2025-09-24,101,JUAN PEREZ,CORDOBA,Cable HDMI,Cables,$ 15.75,2.0,Debito
3453,2025-10-10,104,Ana Lopez,Mendoza,Cable HDMI,Cables,$ 15.75,5.0,Tarjeta Credito
3454,2025-05-06,106,Lucia Fernandez,TUCUMAN,Monitor 24',Electronica,$ 350.0,3.0,Tarjeta Credito
3455,2025-06-03,101,JUAN PEREZ,CORDOBA,Laptop Pro,Electronica,$ 1200.5,3.0,Debito
3456,2025-06-24,102,  marta Sanchez  ,ROSARIO,Monitor 24',Electronica,$ 350.0,5.0,Efectivo
3457,2025-06-07,101,JUAN PEREZ,CORDOBA,Teclado Mecanico,Accesorios,$ 80.0,1.0,Efectivo
3458,2025-12-31,103,Luis Garcia.,CABA,Mouse Optico,Accesorios,$ 25.0,5.0,Tarjeta Credito
3459,2025-02-18,103,Luis Garcia.,CABA,Laptop Pro,Electronica,$ 1200.5,3.0,Tarjeta Credito
3460,19/04/2025,102,  marta Sanchez  ,ROSARIO,Cable HDMI,Cables,$ 15.75,1.0,Efectivo
3461,2025-10-05,103,Luis Garcia.,CABA,Cable HDMI,Cables,$ 15.75,5.0,Efectivo
3462,2025-06-02,105,PEDRO GOMEZ,CORDOBA,Silla Gamer,Muebles,$ 250.0,1.0,Efectivo
3463,2025-12-03,104,Ana Lopez,Mendoza,Laptop Pro,Electronica,$ 1200.5,2.0,Tarjeta Credito
3464,2025-01-03,101,JUAN PEREZ,CORDOBA,Cable HDMI,Cables,$ 15.75,4.0,Efectivo
3465,2025-02-24,104,Ana Lopez,Mendoza,Cable HDMI,Cables,$ 15.75,5.0,Transferencia
3466,2025-03-28,101,JUAN PEREZ,CORDOBA,Monitor 24',Electronica,$ 350.0,1.0,Tarjeta Credito
3467,2025-12-29,104,Ana Lopez,Mendoza,Mouse Optico,Accesorios,$ 25.0,5.0,Transferencia
3468,2025-12-15,104,Ana Lopez,Mendoza,Laptop Pro,Electronica,$ 1200.5,2.0,Debito
3469,2025-01-31,105,PEDRO GOMEZ,CORDOBA,Mouse Optico,Accesorios,$ 25.0,4.0,Transferencia
3470,26/06/2025,105,PEDRO GOMEZ,CORDOBA,Monitor 24',Electronica,$ 350.0,4.0,Efectivo
3471,2025-11-12,103,Luis Garcia.,CABA,Mouse Optico,Accesorios,$ 25.0,4.0,Efectivo
3472,2025-09-12,106,Lucia Fernandez,TUCUMAN,Cable HDMI,Cables,,5.0,Transferencia
3473,2025-12-20,106,Lucia Fernandez,TUCUMAN,Monitor 24',Electronica,$ 350.0,5.0,Tarjeta Credito
3474,2025-03-09,106,Lucia Fernandez,TUCUMAN,Mouse Optico,Accesorios,$ 25.0,2.0,Tarjeta Credito
3475,2025-12-17,106,Lucia Fernandez,TUCUMAN,Laptop Pro,Electronica,$ 1200.5,3.0,Tarjeta Credito
3476,2025-11-30,105,PEDRO GOMEZ,CORDOBA,Laptop Pro,Electronica,$ 1200.5,1.0,Debito
3477,2025-04-16,101,JUAN PEREZ,CORDOBA,Monitor 24',Electronica,$ 350.0,1.0,Efectivo
3478,2025-07-13,103,Luis Garcia.,CABA,Teclado Mecanico,Accesorios,$ 80.0,4.0,Transferencia
3479,2025-04-16,106,Lucia Fernandez,TUCUMAN,Mouse Optico,Accesorios,$ 25.0,2.0,Debito
3480,12/08/2025,104,Ana Lopez,Mendoza,Monitor 24',Electronica,,,Debito
3481,2025-01-31,102,  marta Sanchez  ,ROSARIO,Laptop Pro,Electronica,$ 1200.5,2.0,Debito
3482,2025-03-14,101,JUAN PEREZ,CORDOBA,Monitor 24',Electronica,$ 350.0,1.0,Debito
3483,2025-10-28,105,PEDRO GOMEZ,CORDOBA,Laptop Pro,Electronica,$ 1200.5,2.0,Debito
3484,2025-05-22,102,  marta Sanchez  ,ROSARIO,Silla Gamer,Muebles,$ 250.0,3.0,Transferencia
3485,2025-08-13,104,Ana Lopez,Mendoza,Mouse Optico,Accesorios,$ 25.0,,Transferencia
3486,2025-07-16,106,Lucia Fernandez,TUCUMAN,Teclado Mecanico,Accesorios,$ 80.0,5.0,Transferencia
3487,2025-07-09,101,JUAN PEREZ,CORDOBA,Monitor 24',Electronica,$ 350.0,3.0,Efectivo
3488,2025-01-11,106,Lucia Fernandez,TUCUMAN,Teclado Mecanico,Accesorios,$ 80.0,1.0,Transferencia
3489,2025-05-06,103,Luis Garcia.,CABA,Monitor 24',Electronica,$ 350.0,5.0,Transferencia
3490,28/09/2025,106,Lucia Fernandez,TUCUMAN,Teclado Mecanico,Accesorios,,3.0,Debito
3491,2025-01-01,105,PEDRO GOMEZ,CORDOBA,Monitor 24',Electronica,$ 350.0,3.0,Debito
3492,2025-05-20,103,Luis Garcia.,CABA,Silla Gamer,Muebles,$ 250.0,5.0,Efectivo
3493,2025-08-30,101,JUAN PEREZ,CORDOBA,Teclado Mecanico,Accesorios,$ 80.0,3.0,Tarjeta Credito
3494,2025-08-30,103,Luis Garcia.,CABA,Monitor 24',Electronica,$ 350.0,4.0,Transferencia
3495,2025-01-09,104,Ana Lopez,Mendoza,Cable HDMI,Cables,$ 15.75,2.0,Transferencia
3496,2025-04-15,104,Ana Lopez,Mendoza,Laptop Pro,Electronica,$ 1200.5,1.0,Tarjeta Credito
3497,2025-08-14,106,Lucia Fernandez,TUCUMAN,Cable HDMI,Cables,$ 15.75,2.0,Transferencia
3498,2025-01-19,103,Luis Garcia.,CABA,Laptop Pro,Electronica,$ 1200.5,4.0,Tarjeta Credito
3499,2025-10-29,103,Luis Garcia.,CABA,Silla Gamer,Muebles,$ 250.0,1.0,Efectivo
3500,02/03/2025,102,  marta Sanchez  ,ROSARIO,Cable HDMI,Cables,$ 15.75,5.0,Transferencia
3501,2025-12-19,101,JUAN PEREZ,CORDOBA,Teclado Mecanico,Accesorios,$ 80.0,1.0,Debito
3502,2025-06-19,102,  marta Sanchez  ,ROSARIO,Teclado Mecanico,Accesorios,$ 80.0,2.0,Efectivo
3503,2025-12-23,101,JUAN PEREZ,CORDOBA,Teclado Mecanico,Accesorios,$ 80.0,4.0,Transferencia
3504,2025-02-19,101,JUAN PEREZ,CORDOBA,Silla Gamer,Muebles,$ 250.0,3.0,Transferencia
3505,2025-04-30,102,  marta Sanchez  ,ROSARIO,Mouse Optico,Accesorios,$ 25.0,2.0,Transferencia
3506,2025-06-01,102,  marta Sanchez  ,ROSARIO,Mouse Optico,Accesorios,$ 25.0,2.0,Transferencia
3507,2025-04-15,101,JUAN PEREZ,CORDOBA,Laptop Pro,Electronica,$ 1200.5,3.0,Debito
3508,2025-02-02,102,  marta Sanchez  ,ROSARIO,Silla Gamer,Muebles,$ 250.0,4.0,Tarjeta Credito
3509,2025-01-18,102,  marta Sanchez  ,ROSARIO,Monitor 24',Electronica,$ 350.0,4.0,Tarjeta Credito
3510,19/04/2025,101,JUAN PEREZ,CORDOBA,Mouse Optico,Accesorios,$ 25.0,4.0,Transferencia
3511,2025-05-17,106,Lucia Fernandez,TUCUMAN,Mouse Optico,Accesorios,$ 25.0,5.0,Efectivo
3512,2025-11-01,104,Ana Lopez,Mendoza,Mouse Optico,Accesorios,$ 25.0,4.0,Debito
3513,2025-08-16,102,  marta Sanchez  ,ROSARIO,Cable HDMI,Cables,$ 15.75,2.0,Tarjeta Credito
3514,2025-06-01,102,  marta Sanchez  ,ROSARIO,Teclado Mecanico,Accesorios,$ 80.0,1.0,Tarjeta Credito
3515,2025-01-28,106,Lucia Fernandez,TUCUMAN,Mouse Optico,Accesorios,$ 25.0,1.0,Debito
3516,2025-10-25,104,Ana Lopez,Mendoza,Silla Gamer,Muebles,$ 250.0,1.0,Transferencia
3517,2025-03-06,105,PEDRO GOMEZ,CORDOBA,Mouse Optico,Accesorios,$ 25.0,5.0,Tarjeta Credito
3518,2025-10-10,102,  marta Sanchez  ,ROSARIO,Cable HDMI,Cables,$ 15.75,1.0,Efectivo
3519,2025-10-09,103,Luis Garcia.,CABA,Monitor 24',Electronica,$ 350.0,4.0,Debito
3520,23/04/2025,102,  marta Sanchez  ,ROSARIO,Mouse Optico,Accesorios,$ 25.0,2.0,Debito
3521,2025-11-21,101,JUAN PEREZ,CORDOBA,Teclado Mecanico,Accesorios,$ 80.0,3.0,Debito
3522,2025-05-22,102,  marta Sanchez  ,ROSARIO,Silla Gamer,Muebles,$ 250.0,1.0,Tarjeta Credito
3523,2025-12-20,101,JUAN PEREZ,CORDOBA,Silla Gamer,Muebles,,1.0,Tarjeta Credito
3524,2025-11-23,103,Luis Garcia.,CABA,Mouse Optico,Accesorios,$ 25.0,2.0,Debito
3525,2025-10-03,101,JUAN PEREZ,CORDOBA,Teclado Mecanico,Accesorios,$ 80.0,5.0,Tarjeta Credito
3526,2025-06-30,106,Lucia Fernandez,TUCUMAN,Mouse Optico,Accesorios,$ 25.0,5.0,Efectivo
3527,2025-03-23,103,Luis Garcia.,CABA,Monitor 24',Electronica,$ 350.0,5.0,Debito
3528,2025-09-25,103,Luis Garcia.,CABA,Teclado Mecanico,Accesorios,$ 80.0,2.0,Efectivo
3529,2025-01-22,105,PEDRO GOMEZ,CORDOBA,Cable HDMI,Cables,$ 15.75,5.0,Debito
3530,23/01/2025,104,Ana Lopez,Mendoza,Laptop Pro,Electronica,$ 1200.5,,Efectivo
3531,2025-06-26,102,  marta Sanchez  ,ROSARIO,Teclado Mecanico,Accesorios,$ 80.0,5.0,Efectivo
3532,2025-07-27,105,PEDRO GOMEZ,CORDOBA,Mouse Optico,Accesorios,$ 25.0,4.0,Transferencia
3533,2025-04-27,103,Luis Garcia.,CABA,Cable HDMI,Cables,$ 15.75,1.0,Efectivo
3534,2025-10-23,103,Luis Garcia.,CABA,Mouse Optico,Accesorios,$ 25.0,1.0,Debito
3535,2025-04-17,101,JUAN PEREZ,CORDOBA,Teclado Mecanico,Accesorios,$ 80.0,5.0,Debito
3536,2025-01-09,105,PEDRO GOMEZ,CORDOBA,Monitor 24',Electronica,$ 350.0,5.0,Transferencia
3537,2025-02-01,102,  marta Sanchez  ,ROSARIO,Laptop Pro,Electronica,$ 1200.5,1.0,Debito
3538,2025-03-05,103,Luis Garcia.,CABA,Cable HDMI,Cables,$ 15.75,1.0,Efectivo
3539,2025-05-13,106,Lucia Fernandez,TUCUMAN,Silla Gamer,Muebles,$ 250.0,5.0,Debito
3540,22/09/2025,104,Ana Lopez,Mendoza,Mouse Optico,Accesorios,$ 25.0,2.0,Tarjeta Credito
3541,2025-05-05,104,Ana Lopez,Mendoza,Monitor 24',Electronica,$ 350.0,4.0,Efectivo
3542,2025-09-25,106,Lucia Fernandez,TUCUMAN,Mouse Optico,Accesorios,$ 25.0,3.0,Debito
3543,2025-01-11,103,Luis Garcia.,CABA,Mouse Optico,Accesorios,$ 25.0,2.0,Efectivo
3544,2025-09-28,106,Lucia Fernandez,TUCUMAN,Silla Gamer,Muebles,$ 250.0,3.0,Tarjeta Credito
3545,2025-07-19,104,Ana Lopez,Mendoza,Laptop Pro,Electronica,$ 1200.5,4.0,Transferencia
3546,2025-05-29,103,Luis Garcia.,CABA,Monitor 24',Electronica,$ 350.0,4.0,Transferencia
3547,2025-07-08,106,Lucia Fernandez,TUCUMAN,Silla Gamer,Muebles,$ 250.0,3.0,Transferencia
3548,2025-12-09,106,Lucia Fernandez,TUCUMAN,Laptop Pro,Electronica,$ 1200.5,4.0,Efectivo
3549,2025-10-22,103,Luis Garcia.,CABA,Cable HDMI,Cables,$ 15.75,1.0,Transferencia
3550,08/07/2025,106,Lucia Fernandez,TUCUMAN,Laptop Pro,Electronica,$ 1200.5,5.0,Transferencia
3551,2025-03-10,103,Luis Garcia.,CABA,Monitor 24',Electronica,$ 350.0,1.0,Efectivo
3552,2025-12-18,101,JUAN PEREZ,CORDOBA,Monitor 24',Electronica,$ 350.0,3.0,Transferencia
3553,2025-04-17,102,  marta Sanchez  ,ROSARIO,Mouse Optico,Accesorios,$ 25.0,2.0,Efectivo
3554,2025-12-29,105,PEDRO GOMEZ,CORDOBA,Monitor 24',Electronica,$ 350.0,2.0,Tarjeta Credito
3555,2025-12-31,101,JUAN PEREZ,CORDOBA,Laptop Pro,Electronica,$ 1200.5,1.0,Tarjeta Credito
3556,2025-05-04,105,PEDRO GOMEZ,CORDOBA,Mouse Optico,Accesorios,$ 25.0,2.0,Debito
3557,2025-07-27,102,  marta Sanchez  ,ROSARIO,Mouse Optico,Accesorios,$ 25.0,1.0,Debito
3558,2025-02-09,101,JUAN PEREZ,CORDOBA,Silla Gamer,Muebles,$ 250.0,5.0,Debito
3559,2025-02-18,103,Luis Garcia.,CABA,Teclado Mecanico,Accesorios,$ 80.0,4.0,Tarjeta Credito
3560,17/04/2025,101,JUAN PEREZ,CORDOBA,Mouse Optico,Accesorios,$ 25.0,1.0,Tarjeta Credito
3561,2025-02-27,103,Luis Garcia.,CABA,Teclado Mecanico,Accesorios,$ 80.0,5.0,Tarjeta Credito
3562,2025-07-13,102,  marta Sanchez  ,ROSARIO,Silla Gamer,Muebles,$ 250.0,4.0,Efectivo
3563,2025-11-02,106,Lucia Fernandez,TUCUMAN,Monitor 24',Electronica,$ 350.0,4.0,Tarjeta Credito
3564,2025-04-20,105,PEDRO GOMEZ,CORDOBA,Silla Gamer,Muebles,$ 250.0,3.0,Transferencia
3565,2025-06-09,101,JUAN PEREZ,CORDOBA,Laptop Pro,Electronica,$ 1200.5,5.0,Efectivo
3566,2025-05-30,101,JUAN PEREZ,CORDOBA,Cable HDMI,Cables,$ 15.75,4.0,Efectivo
3567,2025-03-13,101,JUAN PEREZ,CORDOBA,Cable HDMI,Cables,$ 15.75,2.0,Transferencia
3568,2025-11-05,102,  marta Sanchez  ,ROSARIO,Cable HDMI,Cables,$ 15.75,4.0,Efectivo
3569,2025-08-03,103,Luis Garcia.,CABA,Monitor 24',Electronica,$ 350.0,1.0,Efectivo
3570,02/10/2025,102,  marta Sanchez  ,ROSARIO,Cable HDMI,Cables,$ 15.75,3.0,Tarjeta Credito
3571,2025-09-10,103,Luis Garcia.,CABA,Mouse Optico,Accesorios,$ 25.0,1.0,Tarjeta Credito
3572,2025-03-07,101,JUAN PEREZ,CORDOBA,Silla Gamer,Muebles,$ 250.0,1.0,Transferencia
3573,2025-04-15,101,JUAN PEREZ,CORDOBA,Cable HDMI,Cables,$ 15.75,5.0,Tarjeta Credito
3574,2025-03-20,101,JUAN PEREZ,CORDOBA,Teclado Mecanico,Accesorios,$ 80.0,2.0,Tarjeta Credito
3575,2025-05-11,102,  marta Sanchez  ,ROSARIO,Mouse Optico,Accesorios,$ 25.0,4.0,Transferencia
3576,2025-02-25,104,Ana Lopez,Mendoza,Cable HDMI,Cables,$ 15.75,4.0,Transferencia
3577,2025-09-26,105,PEDRO GOMEZ,CORDOBA,Mouse Optico,Accesorios,$ 25.0,1.0,Tarjeta Credito
3578,2025-10-11,102,  marta Sanchez  ,ROSARIO,Monitor 24',Electronica,,4.0,Transferencia
3579,2025-05-02,103,Luis Garcia.,CABA,Monitor 24',Electronica,$ 350.0,5.0,Transferencia
3580,19/04/2025,104,Ana Lopez,Mendoza,Laptop Pro,Electronica,$ 1200.5,1.0,Tarjeta Credito
3581,2025-07-09,101,JUAN PEREZ,CORDOBA,Silla Gamer,Muebles,$ 250.0,5.0,Tarjeta Credito
3582,2025-10-17,105,PEDRO GOMEZ,CORDOBA,Monitor 24',Electronica,$ 350.0,3.0,Efectivo
3583,2025-01-09,105,PEDRO GOMEZ,CORDOBA,Mouse Optico,Accesorios,$ 25.0,3.0,Transferencia
3584,2025-12-28,104,Ana Lopez,Mendoza,Cable HDMI,Cables,$ 15.75,4.0,Debito
3585,2025-10-10,106,Lucia Fernandez,TUCUMAN,Monitor 24',Electronica,$ 350.0,4.0,Tarjeta Credito
3586,2025-03-16,105,PEDRO GOMEZ,CORDOBA,Monitor 24',Electronica,$ 350.0,4.0,Transferencia
3587,2025-10-17,102,  marta Sanchez  ,ROSARIO,Monitor 24',Electronica,$ 350.0,5.0,Efectivo
3588,2025-04-10,105,PEDRO GOMEZ,CORDOBA,Cable HDMI,Cables,$ 15.75,1.0,Transferencia
3589,2025-03-14,102,  marta Sanchez  ,ROSARIO,Monitor 24',Electronica,$ 350.0,5.0,Tarjeta Credito
3590,25/12/2025,104,Ana Lopez,Mendoza,Cable HDMI,Cables,,2.0,Debito
3591,2025-08-23,106,Lucia Fernandez,TUCUMAN,Laptop Pro,Electronica,$ 1200.5,1.0,Debito
3592,2025-04-21,102,  marta Sanchez  ,ROSARIO,Silla Gamer,Muebles,$ 250.0,2.0,Transferencia
3593,2025-12-06,103,Luis Garcia.,CABA,Silla Gamer,Muebles,$ 250.0,2.0,Transferencia
3594,2025-01-09,106,Lucia Fernandez,TUCUMAN,Cable HDMI,Cables,$ 15.75,1.0,Efectivo
3595,2025-03-02,104,Ana Lopez,Mendoza,Silla Gamer,Muebles,$ 250.0,5.0,Debito
3596,2025-10-09,103,Luis Garcia.,CABA,Laptop Pro,Electronica,$ 1200.5,4.0,Efectivo
3597,2025-03-17,105,PEDRO GOMEZ,CORDOBA,Silla Gamer,Muebles,$ 250.0,5.0,Debito
3598,2025-06-26,105,PEDRO GOMEZ,CORDOBA,Teclado Mecanico,Accesorios,$ 80.0,2.0,Tarjeta Credito
3599,2025-08-07,105,PEDRO GOMEZ,CORDOBA,Teclado Mecanico,Accesorios,$ 80.0,2.0,Transferencia
3600,20/10/2025,105,PEDRO GOMEZ,CORDOBA,Monitor 24',Electronica,$ 350.0,1.0,Efectivo
3601,2025-07-24,102,  marta Sanchez  ,ROSARIO,Monitor 24',Electronica,$ 350.0,3.0,Efectivo
3602,2025-01-16,106,Lucia Fernandez,TUCUMAN,Laptop Pro,Electronica,$ 1200.5,2.0,Tarjeta Credito
3603,2025-09-21,101,JUAN PEREZ,CORDOBA,Silla Gamer,Muebles,$ 250.0,4.0,Tarjeta Credito
3604,2025-07-18,101,JUAN PEREZ,CORDOBA,Laptop Pro,Electronica,$ 1200.5,2.0,Efectivo
3605,2025-02-03,101,JUAN PEREZ,CORDOBA,Laptop Pro,Electronica,$ 1200.5,3.0,Tarjeta Credito
3606,2025-11-07,103,Luis Garcia.,CABA,Silla Gamer,Muebles,$ 250.0,1.0,Debito
3607,2025-11-19,104,Ana Lopez,Mendoza,Mouse Optico,Accesorios,$ 25.0,4.0,Debito
3608,2025-01-26,106,Lucia Fernandez,TUCUMAN,Mouse Optico,Accesorios,$ 25.0,3.0,Efectivo
3609,2025-08-14,101,JUAN PEREZ,CORDOBA,Teclado Mecanico,Accesorios,$ 80.0,2.0,Tarjeta Credito
3610,13/03/2025,106,Lucia Fernandez,TUCUMAN,Teclado Mecanico,Accesorios,$ 80.0,4.0,Transferencia
3611,2025-06-26,105,PEDRO GOMEZ,CORDOBA,Mouse Optico,Accesorios,,4.0,Debito
3612,2025-03-24,104,Ana Lopez,Mendoza,Laptop Pro,Electronica,$ 1200.5,1.0,Efectivo
3613,2025-09-26,101,JUAN PEREZ,CORDOBA,Teclado Mecanico,Accesorios,$ 80.0,2.0,Transferencia
3614,2025-04-29,102,  marta Sanchez  ,ROSARIO,Teclado Mecanico,Accesorios,$ 80.0,3.0,Efectivo
3615,2025-04-14,106,Lucia Fernandez,TUCUMAN,Mouse Optico,Accesorios,$ 25.0,1.0,Debito
3616,2025-08-26,105,PEDRO GOMEZ,CORDOBA,Laptop Pro,Electronica,,2.0,Tarjeta Credito
3617,2025-03-25,101,JUAN PEREZ,CORDOBA,Cable HDMI,Cables,,4.0,Transferencia
3618,2025-06-12,105,PEDRO GOMEZ,CORDOBA,Silla Gamer,Muebles,$ 250.0,5.0,Efectivo
3619,2025-04-08,104,Ana Lopez,Mendoza,Laptop Pro,Electronica,$ 1200.5,5.0,Efectivo
3620,31/10/2025,103,Luis Garcia.,CABA,Monitor 24',Electronica,,5.0,Efectivo
3621,2025-07-22,101,JUAN PEREZ,CORDOBA,Mouse Optico,Accesorios,$ 25.0,1.0,Debito
3622,2025-01-28,103,Luis Garcia.,CABA,Monitor 24',Electronica,$ 350.0,3.0,Tarjeta Credito
3623,2025-10-01,104,Ana Lopez,Mendoza,Teclado Mecanico,Accesorios,$ 80.0,4.0,Debito
3624,2025-03-29,106,Lucia Fernandez,TUCUMAN,Cable HDMI,Cables,$ 15.75,2.0,Tarjeta Credito
3625,2025-10-02,104,Ana Lopez,Mendoza,Cable HDMI,Cables,$ 15.75,2.0,Efectivo
3626,2025-03-29,105,PEDRO GOMEZ,CORDOBA,Teclado Mecanico,Accesorios,$ 80.0,4.0,Debito
3627,2025-04-29,102,  marta Sanchez  ,ROSARIO,Teclado Mecanico,Accesorios,$ 80.0,1.0,Transferencia
3628,2025-06-13,105,PEDRO GOMEZ,CORDOBA,Silla Gamer,Muebles,$ 250.0,5.0,Debito
3629,2025-09-10,106,Lucia Fernandez,TUCUMAN,Laptop Pro,Electronica,$ 1200.5,4.0,Debito
3630,21/08/2025,106,Lucia Fernandez,TUCUMAN,Laptop Pro,Electronica,$ 1200.5,4.0,Transferencia
3631,2025-03-17,104,Ana Lopez,Mendoza,Cable HDMI,Cables,$ 15.75,,Tarjeta Credito
3632,2025-03-15,104,Ana Lopez,Mendoza,Cable HDMI,Cables,$ 15.75,2.0,Transferencia
3633,2025-06-17,106,Lucia Fernandez,TUCUMAN,Monitor 24',Electronica,$ 350.0,4.0,Efectivo
3634,2025-10-04,101,JUAN PEREZ,CORDOBA,Monitor 24',Electronica,$ 350.0,3.0,Debito
3635,2025-02-07,105,PEDRO GOMEZ,CORDOBA,Mouse Optico,Accesorios,$ 25.0,2.0,Tarjeta Credito
3636,2025-06-17,105,PEDRO GOMEZ,CORDOBA,Mouse Optico,Accesorios,$ 25.0,5.0,Tarjeta Credito
3637,2025-10-01,105,PEDRO GOMEZ,CORDOBA,Cable HDMI,Cables,$ 15.75,4.0,Efectivo
3638,2025-03-23,105,PEDRO GOMEZ,CORDOBA,Laptop Pro,Electronica,$ 1200.5,3.0,Tarjeta Credito
3639,2025-04-28,105,PEDRO GOMEZ,CORDOBA,Silla Gamer,Muebles,$ 250.0,5.0,Efectivo
3640,28/11/2025,105,PEDRO GOMEZ,CORDOBA,Monitor 24',Electronica,$ 350.0,3.0,Tarjeta Credito
3641,2025-05-26,106,Lucia Fernandez,TUCUMAN,Laptop Pro,Electronica,$ 1200.5,5.0,Debito
3642,2025-12-02,101,JUAN PEREZ,CORDOBA,Silla Gamer,Muebles,$ 250.0,2.0,Transferencia
3643,2025-08-18,105,PEDRO GOMEZ,CORDOBA,Teclado Mecanico,Accesorios,$ 80.0,2.0,Tarjeta Credito
3644,2025-05-21,105,PEDRO GOMEZ,CORDOBA,Teclado Mecanico,Accesorios,$ 80.0,5.0,Tarjeta Credito
3645,2025-12-06,106,Lucia Fernandez,TUCUMAN,Silla Gamer,Muebles,$ 250.0,5.0,Debito
3646,2025-03-18,104,Ana Lopez,Mendoza,Cable HDMI,Cables,$ 15.75,4.0,Debito
3647,2025-03-08,106,Lucia Fernandez,TUCUMAN,Mouse Optico,Accesorios,$ 25.0,4.0,Tarjeta Credito
3648,2025-06-12,106,Lucia Fernandez,TUCUMAN,Cable HDMI,Cables,$ 15.75,,Transferencia
3649,2025-05-02,106,Lucia Fernandez,TUCUMAN,Silla Gamer,Muebles,$ 250.0,1.0,Efectivo
3650,14/11/2025,104,Ana Lopez,Mendoza,Teclado Mecanico,Accesorios,$ 80.0,1.0,Tarjeta Credito
3651,2025-03-27,106,Lucia Fernandez,TUCUMAN,Laptop Pro,Electronica,$ 1200.5,3.0,Efectivo
3652,2025-04-04,103,Luis Garcia.,CABA,Monitor 24',Electronica,$ 350.0,5.0,Debito
3653,2025-06-30,102,  marta Sanchez  ,ROSARIO,Mouse Optico,Accesorios,$ 25.0,2.0,Transferencia
3654,2025-12-16,106,Lucia Fernandez,TUCUMAN,Mouse Optico,Accesorios,$ 25.0,3.0,Debito
3655,2025-10-07,102,  marta Sanchez  ,ROSARIO,Mouse Optico,Accesorios,$ 25.0,1.0,Efectivo
3656,2025-05-14,104,Ana Lopez,Mendoza,Mouse Optico,Accesorios,$ 25.0,3.0,Transferencia
3657,2025-09-05,105,PEDRO GOMEZ,CORDOBA,Monitor 24',Electronica,$ 350.0,4.0,Transferencia
3658,2025-07-26,105,PEDRO GOMEZ,CORDOBA,Mouse Optico,Accesorios,$ 25.0,2.0,Efectivo
3659,2025-12-18,105,PEDRO GOMEZ,CORDOBA,Cable HDMI,Cables,$ 15.75,5.0,Tarjeta Credito
3660,20/07/2025,105,PEDRO GOMEZ,CORDOBA,Silla Gamer,Muebles,$ 250.0,4.0,Efectivo
3661,2025-06-16,104,Ana Lopez,Mendoza,Cable HDMI,Cables,,4.0,Efectivo
3662,2025-01-04,103,Luis Garcia.,CABA,Mouse Optico,Accesorios,$ 25.0,1.0,Tarjeta Credito
3663,2025-11-03,101,JUAN PEREZ,CORDOBA,Teclado Mecanico,Accesorios,$ 80.0,5.0,Efectivo
3664,2025-05-18,105,PEDRO GOMEZ,CORDOBA,Mouse Optico,Accesorios,$ 25.0,3.0,Transferencia
3665,2025-02-15,104,Ana Lopez,Mendoza,Monitor 24',Electronica,$ 350.0,3.0,Efectivo
3666,2025-04-21,102,  marta Sanchez  ,ROSARIO,Laptop Pro,Electronica,$ 1200.5,2.0,Debito
3667,2025-09-26,104,Ana Lopez,Mendoza,Silla Gamer,Muebles,$ 250.0,4.0,Efectivo
3668,2025-11-14,101,JUAN PEREZ,CORDOBA,Laptop Pro,Electronica,$ 1200.5,1.0,Efectivo
3669,2025-07-01,101,JUAN PEREZ,CORDOBA,Laptop Pro,Electronica,$ 1200.5,5.0,Tarjeta Credito
3670,26/09/2025,106,Lucia Fernandez,TUCUMAN,Cable HDMI,Cables,$ 15.75,2.0,Debito
3671,2025-07-04,101,JUAN PEREZ,CORDOBA,Monitor 24',Electronica,$ 350.0,5.0,Efectivo
3672,2025-03-12,104,Ana Lopez,Mendoza,Mouse Optico,Accesorios,$ 25.0,4.0,Debito
3673,2025-10-26,101,JUAN PEREZ,CORDOBA,Monitor 24',Electronica,$ 350.0,4.0,Debito
3674,2025-03-27,103,Luis Garcia.,CABA,Monitor 24',Electronica,$ 350.0,5.0,Efectivo
3675,2025-05-24,106,Lucia Fernandez,TUCUMAN,Silla Gamer,Muebles,$ 250.0,5.0,Debito
3676,2025-12-31,103,Luis Garcia.,CABA,Monitor 24',Electronica,$ 350.0,5.0,Transferencia
3677,2025-03-02,103,Luis Garcia.,CABA,Cable HDMI,Cables,$ 15.75,4.0,Efectivo
3678,2025-01-04,101,JUAN PEREZ,CORDOBA,Mouse Optico,Accesorios,$ 25.0,3.0,Efectivo
3679,2025-10-28,106,Lucia Fernandez,TUCUMAN,Mouse Optico,Accesorios,$ 25.0,2.0,Transferencia
3680,16/06/2025,106,Lucia Fernandez,TUCUMAN,Laptop Pro,Electronica,$ 1200.5,1.0,Efectivo
3681,2025-01-18,103,Luis Garcia.,CABA,Teclado Mecanico,Accesorios,$ 80.0,4.0,Transferencia
3682,2025-05-26,106,Lucia Fernandez,TUCUMAN,Laptop Pro,Electronica,$ 1200.5,5.0,Debito
3683,2025-11-14,104,Ana Lopez,Mendoza,Cable HDMI,Cables,$ 15.75,4.0,Transferencia
3684,2025-11-23,104,Ana Lopez,Mendoza,Teclado Mecanico,Accesorios,$ 80.0,3.0,Debito
3685,2025-01-04,102,  marta Sanchez  ,ROSARIO,Silla Gamer,Muebles,$ 250.0,2.0,Efectivo
3686,2025-02-05,103,Luis Garcia.,CABA,Mouse Optico,Accesorios,$ 25.0,2.0,Tarjeta Credito
3687,2025-04-08,106,Lucia Fernandez,TUCUMAN,Mouse Optico,Accesorios,$ 25.0,5.0,Transferencia
3688,2025-11-17,106,Lucia Fernandez,TUCUMAN,Laptop Pro,Electronica,$ 1200.5,4.0,Tarjeta Credito
3689,2025-05-06,101,JUAN PEREZ,CORDOBA,Cable HDMI,Cables,$ 15.75,2.0,Debito
3690,30/09/2025,103,Luis Garcia.,CABA,Laptop Pro,Electronica,$ 1200.5,5.0,Tarjeta Credito
3691,2025-04-01,106,Lucia Fernandez,TUCUMAN,Teclado Mecanico,Accesorios,$ 80.0,4.0,Debito
3692,2025-07-05,103,Luis Garcia.,CABA,Monitor 24',Electronica,$ 350.0,2.0,Debito
3693,2025-01-17,102,  marta Sanchez  ,ROSARIO,Cable HDMI,Cables,$ 15.75,5.0,Debito
3694,2025-10-11,104,Ana Lopez,Mendoza,Silla Gamer,Muebles,$ 250.0,1.0,Transferencia
3695,2025-03-03,106,Lucia Fernandez,TUCUMAN,Teclado Mecanico,Accesorios,$ 80.0,4.0,Transferencia
3696,2025-04-22,102,  marta Sanchez  ,ROSARIO,Teclado Mecanico,Accesorios,$ 80.0,2.0,Tarjeta Credito
3697,2025-03-30,103,Luis Garcia.,CABA,Mouse Optico,Accesorios,$ 25.0,5.0,Transferencia
3698,2025-03-29,106,Lucia Fernandez,TUCUMAN,Teclado Mecanico,Accesorios,$ 80.0,3.0,Tarjeta Credito
3699,2025-05-01,106,Lucia Fernandez,TUCUMAN,Monitor 24',Electronica,$ 350.0,2.0,Efectivo
3700,26/12/2025,106,Lucia Fernandez,TUCUMAN,Monitor 24',Electronica,$ 350.0,5.0,Transferencia
3701,2025-06-07,103,Luis Garcia.,CABA,Cable HDMI,Cables,$ 15.75,4.0,Debito
3702,2025-07-21,102,  marta Sanchez  ,ROSARIO,Mouse Optico,Accesorios,$ 25.0,5.0,Efectivo
3703,2025-10-23,103,Luis Garcia.,CABA,Monitor 24',Electronica,$ 350.0,5.0,Tarjeta Credito
3704,2025-11-06,102,  marta Sanchez  ,ROSARIO,Teclado Mecanico,Accesorios,$ 80.0,4.0,Tarjeta Credito
3705,2025-03-31,102,  marta Sanchez  ,ROSARIO,Cable HDMI,Cables,$ 15.75,3.0,Transferencia
3706,2025-08-28,106,Lucia Fernandez,TUCUMAN,Cable HDMI,Cables,$ 15.75,1.0,Transferencia
3707,2025-06-17,104,Ana Lopez,Mendoza,Silla Gamer,Muebles,$ 250.0,5.0,Transferencia
3708,2025-01-15,102,  marta Sanchez  ,ROSARIO,Mouse Optico,Accesorios,$ 25.0,1.0,Transferencia
3709,2025-01-28,103,Luis Garcia.,CABA,Teclado Mecanico,Accesorios,$ 80.0,1.0,Efectivo
3710,07/11/2025,105,PEDRO GOMEZ,CORDOBA,Teclado Mecanico,Accesorios,$ 80.0,4.0,Debito
3711,2025-04-18,103,Luis Garcia.,CABA,Silla Gamer,Muebles,$ 250.0,3.0,Efectivo
3712,2025-11-23,102,  marta Sanchez  ,ROSARIO,Mouse Optico,Accesorios,$ 25.0,1.0,Transferencia
3713,2025-06-04,101,JUAN PEREZ,CORDOBA,Monitor 24',Electronica,$ 350.0,1.0,Efectivo
3714,2025-02-04,101,JUAN PEREZ,CORDOBA,Teclado Mecanico,Accesorios,$ 80.0,2.0,Tarjeta Credito
3715,2025-11-26,101,JUAN PEREZ,CORDOBA,Mouse Optico,Accesorios,$ 25.0,5.0,Efectivo
3716,2025-02-17,106,Lucia Fernandez,TUCUMAN,Laptop Pro,Electronica,$ 1200.5,5.0,Transferencia
3717,2025-04-11,101,JUAN PEREZ,CORDOBA,Cable HDMI,Cables,$ 15.75,4.0,Tarjeta Credito
3718,2025-10-31,102,  marta Sanchez  ,ROSARIO,Silla Gamer,Muebles,$ 250.0,1.0,Transferencia
3719,2025-11-21,104,Ana Lopez,Mendoza,Laptop Pro,Electronica,$ 1200.5,2.0,Transferencia
3720,25/12/2025,101,JUAN PEREZ,CORDOBA,Silla Gamer,Muebles,$ 250.0,2.0,Tarjeta Credito
3721,2025-12-11,101,JUAN PEREZ,CORDOBA,Cable HDMI,Cables,$ 15.75,4.0,Tarjeta Credito
3722,2025-01-22,102,  marta Sanchez  ,ROSARIO,Mouse Optico,Accesorios,$ 25.0,4.0,Transferencia
3723,2025-12-05,106,Lucia Fernandez,TUCUMAN,Monitor 24',Electronica,$ 350.0,4.0,Transferencia
3724,2025-04-20,102,  marta Sanchez  ,ROSARIO,Cable HDMI,Cables,,4.0,Debito
3725,2025-10-02,103,Luis Garcia.,CABA,Mouse Optico,Accesorios,,3.0,Tarjeta Credito
3726,2025-04-01,102,  marta Sanchez  ,ROSARIO,Monitor 24',Electronica,$ 350.0,5.0,Debito
3727,2025-03-13,106,Lucia Fernandez,TUCUMAN,Cable HDMI,Cables,$ 15.75,5.0,Efectivo
3728,2025-11-02,102,  marta Sanchez  ,ROSARIO,Mouse Optico,Accesorios,$ 25.0,5.0,Transferencia
3729,2025-06-29,106,Lucia Fernandez,TUCUMAN,Monitor 24',Electronica,$ 350.0,1.0,Tarjeta Credito
3730,08/12/2025,102,  marta Sanchez  ,ROSARIO,Silla Gamer,Muebles,$ 250.0,5.0,Debito
3731,2025-04-28,101,JUAN PEREZ,CORDOBA,Laptop Pro,Electronica,$ 1200.5,3.0,Transferencia
3732,2025-10-09,104,Ana Lopez,Mendoza,Monitor 24',Electronica,$ 350.0,3.0,Transferencia
3733,2025-05-13,102,  marta Sanchez  ,ROSARIO,Laptop Pro,Electronica,$ 1200.5,2.0,Tarjeta Credito
3734,2025-01-28,102,  marta Sanchez  ,ROSARIO,Teclado Mecanico,Accesorios,$ 80.0,2.0,Debito
3735,2025-09-11,102,  marta Sanchez  ,ROSARIO,Cable HDMI,Cables,$ 15.75,5.0,Tarjeta Credito
3736,2025-02-13,104,Ana Lopez,Mendoza,Silla Gamer,Muebles,$ 250.0,1.0,Debito
3737,2025-03-06,102,  marta Sanchez  ,ROSARIO,Mouse Optico,Accesorios,$ 25.0,1.0,Efectivo
3738,2025-03-23,103,Luis Garcia.,CABA,Monitor 24',Electronica,$ 350.0,1.0,Transferencia
3739,2025-05-27,106,Lucia Fernandez,TUCUMAN,Silla Gamer,Muebles,,1.0,Efectivo
3740,16/10/2025,104,Ana Lopez,Mendoza,Teclado Mecanico,Accesorios,$ 80.0,3.0,Debito
3741,2025-02-03,103,Luis Garcia.,CABA,Cable HDMI,Cables,$ 15.75,3.0,Efectivo
3742,2025-03-30,103,Luis Garcia.,CABA,Teclado Mecanico,Accesorios,$ 80.0,1.0,Transferencia
3743,2025-08-11,103,Luis Garcia.,CABA,Teclado Mecanico,Accesorios,,1.0,Tarjeta Credito
3744,2025-01-20,105,PEDRO GOMEZ,CORDOBA,Laptop Pro,Electronica,$ 1200.5,4.0,Transferencia
3745,2025-07-24,101,JUAN PEREZ,CORDOBA,Teclado Mecanico,Accesorios,$ 80.0,4.0,Transferencia
3746,2025-01-22,104,Ana Lopez,Mendoza,Cable HDMI,Cables,$ 15.75,3.0,Debito
3747,2025-10-31,101,JUAN PEREZ,CORDOBA,Mouse Optico,Accesorios,,3.0,Tarjeta Credito
3748,2025-04-11,104,Ana Lopez,Mendoza,Laptop Pro,Electronica,$ 1200.5,1.0,Transferencia
3749,2025-12-31,101,JUAN PEREZ,CORDOBA,Teclado Mecanico,Accesorios,$ 80.0,1.0,Efectivo
3750,22/05/2025,103,Luis Garcia.,CABA,Cable HDMI,Cables,$ 15.75,4.0,Transferencia
3751,2025-04-11,101,JUAN PEREZ,CORDOBA,Silla Gamer,Muebles,,2.0,Efectivo
3752,2025-12-13,105,PEDRO GOMEZ,CORDOBA,Cable HDMI,Cables,$ 15.75,4.0,Efectivo
3753,2025-04-15,104,Ana Lopez,Mendoza,Laptop Pro,Electronica,$ 1200.5,,Transferencia
3754,2025-11-07,106,Lucia Fernandez,TUCUMAN,Mouse Optico,Accesorios,$ 25.0,4.0,Efectivo
3755,2025-08-12,104,Ana Lopez,Mendoza,Teclado Mecanico,Accesorios,$ 80.0,5.0,Tarjeta Credito
3756,2025-03-12,105,PEDRO GOMEZ,CORDOBA,Mouse Optico,Accesorios,$ 25.0,1.0,Tarjeta Credito
3757,2025-08-01,103,Luis Garcia.,CABA,Teclado Mecanico,Accesorios,$ 80.0,3.0,Tarjeta Credito
3758,2025-01-26,101,JUAN PEREZ,CORDOBA,Laptop Pro,Electronica,$ 1200.5,4.0,Tarjeta Credito
3759,2025-01-11,103,Luis Garcia.,CABA,Laptop Pro,Electronica,$ 1200.5,2.0,Tarjeta Credito
3760,25/12/2025,106,Lucia Fernandez,TUCUMAN,Cable HDMI,Cables,$ 15.75,3.0,Tarjeta Credito
3761,2025-12-08,103,Luis Garcia.,CABA,Mouse Optico,Accesorios,$ 25.0,2.0,Tarjeta Credito
3762,2025-11-08,103,Luis Garcia.,CABA,Cable HDMI,Cables,$ 15.75,3.0,Debito
3763,2025-09-28,104,Ana Lopez,Mendoza,Cable HDMI,Cables,$ 15.75,1.0,Transferencia
3764,2025-08-13,104,Ana Lopez,Mendoza,Cable HDMI,Cables,$ 15.75,4.0,Efectivo
3765,2025-07-15,101,JUAN PEREZ,CORDOBA,Teclado Mecanico,Accesorios,$ 80.0,4.0,Efectivo
3766,2025-09-03,101,JUAN PEREZ,CORDOBA,Teclado Mecanico,Accesorios,$ 80.0,2.0,Efectivo
3767,2025-04-18,104,Ana Lopez,Mendoza,Mouse Optico,Accesorios,$ 25.0,5.0,Efectivo
3768,2025-02-28,105,PEDRO GOMEZ,CORDOBA,Cable HDMI,Cables,$ 15.75,1.0,Tarjeta Credito
3769,2025-03-26,106,Lucia Fernandez,TUCUMAN,Monitor 24',Electronica,$ 350.0,2.0,Tarjeta Credito
3770,27/01/2025,102,  marta Sanchez  ,ROSARIO,Teclado Mecanico,Accesorios,$ 80.0,5.0,Transferencia
3771,2025-07-30,101,JUAN PEREZ,CORDOBA,Laptop Pro,Electronica,$ 1200.5,1.0,Efectivo
3772,2025-02-12,101,JUAN PEREZ,CORDOBA,Cable HDMI,Cables,$ 15.75,5.0,Debito
3773,2025-02-12,102,  marta Sanchez  ,ROSARIO,Laptop Pro,Electronica,$ 1200.5,5.0,Efectivo
3774,2025-01-16,106,Lucia Fernandez,TUCUMAN,Cable HDMI,Cables,$ 15.75,5.0,Debito
3775,2025-10-01,103,Luis Garcia.,CABA,Monitor 24',Electronica,$ 350.0,4.0,Efectivo
3776,2025-04-30,105,PEDRO GOMEZ,CORDOBA,Cable HDMI,Cables,$ 15.75,5.0,Efectivo
3777,2025-10-04,104,Ana Lopez,Mendoza,Laptop Pro,Electronica,$ 1200.5,3.0,Tarjeta Credito
3778,2025-06-13,104,Ana Lopez,Mendoza,Teclado Mecanico,Accesorios,$ 80.0,2.0,Transferencia
3779,2025-02-13,104,Ana Lopez,Mendoza,Cable HDMI,Cables,$ 15.75,1.0,Transferencia
3780,12/12/2025,105,PEDRO GOMEZ,CORDOBA,Teclado Mecanico,Accesorios,$ 80.0,2.0,Debito
3781,2025-03-19,105,PEDRO GOMEZ,CORDOBA,Cable HDMI,Cables,$ 15.75,5.0,Debito
3782,2025-01-26,106,Lucia Fernandez,TUCUMAN,Silla Gamer,Muebles,$ 250.0,2.0,Tarjeta Credito
3783,2025-10-25,103,Luis Garcia.,CABA,Laptop Pro,Electronica,$ 1200.5,1.0,Debito
3784,2025-05-08,105,PEDRO GOMEZ,CORDOBA,Silla Gamer,Muebles,$ 250.0,5.0,Transferencia
3785,2025-07-13,103,Luis Garcia.,CABA,Silla Gamer,Muebles,$ 250.0,4.0,Debito
3786,2025-11-24,102,  marta Sanchez  ,ROSARIO,Monitor 24',Electronica,,4.0,Efectivo
3787,2025-07-16,105,PEDRO GOMEZ,CORDOBA,Teclado Mecanico,Accesorios,$ 80.0,5.0,Debito
3788,2025-08-20,101,JUAN PEREZ,CORDOBA,Monitor 24',Electronica,$ 350.0,4.0,Tarjeta Credito
3789,2025-06-23,102,  marta Sanchez  ,ROSARIO,Cable HDMI,Cables,$ 15.75,3.0,Transferencia
3790,21/05/2025,106,Lucia Fernandez,TUCUMAN,Teclado Mecanico,Accesorios,$ 80.0,5.0,Transferencia
3791,2025-07-24,103,Luis Garcia.,CABA,Cable HDMI,Cables,$ 15.75,5.0,Tarjeta Credito
3792,2025-05-13,104,Ana Lopez,Mendoza,Mouse Optico,Accesorios,$ 25.0,5.0,Debito
3793,2025-02-04,105,PEDRO GOMEZ,CORDOBA,Cable HDMI,Cables,$ 15.75,1.0,Tarjeta Credito
3794,2025-04-20,103,Luis Garcia.,CABA,Laptop Pro,Electronica,$ 1200.5,2.0,Efectivo
3795,2025-11-24,106,Lucia Fernandez,TUCUMAN,Cable HDMI,Cables,$ 15.75,2.0,Debito
3796,2025-04-20,101,JUAN PEREZ,CORDOBA,Mouse Optico,Accesorios,$ 25.0,1.0,Efectivo
3797,2025-01-23,102,  marta Sanchez  ,ROSARIO,Mouse Optico,Accesorios,$ 25.0,5.0,Tarjeta Credito
3798,2025-12-25,104,Ana Lopez,Mendoza,Monitor 24',Electronica,,3.0,Efectivo
3799,2025-05-15,104,Ana Lopez,Mendoza,Mouse Optico,Accesorios,$ 25.0,3.0,Tarjeta Credito
3800,29/05/2025,102,  marta Sanchez  ,ROSARIO,Silla Gamer,Muebles,$ 250.0,4.0,Debito
3801,2025-09-05,101,JUAN PEREZ,CORDOBA,Teclado Mecanico,Accesorios,$ 80.0,1.0,Transferencia
3802,2025-11-01,106,Lucia Fernandez,TUCUMAN,Monitor 24',Electronica,$ 350.0,1.0,Tarjeta Credito
3803,2025-10-10,104,Ana Lopez,Mendoza,Teclado Mecanico,Accesorios,$ 80.0,4.0,Efectivo
3804,2025-02-23,104,Ana Lopez,Mendoza,Cable HDMI,Cables,$ 15.75,5.0,Transferencia
3805,2025-07-12,104,Ana Lopez,Mendoza,Silla Gamer,Muebles,$ 250.0,5.0,Transferencia
3806,2025-07-22,106,Lucia Fernandez,TUCUMAN,Cable HDMI,Cables,$ 15.75,3.0,Debito
3807,2025-12-19,105,PEDRO GOMEZ,CORDOBA,Monitor 24',Electronica,$ 350.0,3.0,Efectivo
3808,2025-01-26,103,Luis Garcia.,CABA,Silla Gamer,Muebles,$ 250.0,5.0,Transferencia
3809,2025-09-02,101,JUAN PEREZ,CORDOBA,Silla Gamer,Muebles,$ 250.0,4.0,Tarjeta Credito
3810,06/02/2025,103,Luis Garcia.,CABA,Laptop Pro,Electronica,$ 1200.5,1.0,Transferencia
3811,2025-10-12,105,PEDRO GOMEZ,CORDOBA,Cable HDMI,Cables,$ 15.75,3.0,Transferencia
3812,2025-11-28,104,Ana Lopez,Mendoza,Silla Gamer,Muebles,$ 250.0,3.0,Efectivo
3813,2025-01-29,103,Luis Garcia.,CABA,Cable HDMI,Cables,$ 15.75,,Tarjeta Credito
3814,2025-11-30,105,PEDRO GOMEZ,CORDOBA,Silla Gamer,Muebles,$ 250.0,3.0,Efectivo
3815,2025-05-31,102,  marta Sanchez  ,ROSARIO,Laptop Pro,Electronica,$ 1200.5,3.0,Debito
3816,2025-07-30,104,Ana Lopez,Mendoza,Teclado Mecanico,Accesorios,$ 80.0,3.0,Transferencia
3817,2025-06-11,101,JUAN PEREZ,CORDOBA,Monitor 24',Electronica,$ 350.0,4.0,Efectivo
3818,2025-10-20,105,PEDRO GOMEZ,CORDOBA,Laptop Pro,Electronica,$ 1200.5,3.0,Transferencia
3819,2025-11-08,102,  marta Sanchez  ,ROSARIO,Cable HDMI,Cables,,3.0,Efectivo
3820,08/03/2025,104,Ana Lopez,Mendoza,Teclado Mecanico,Accesorios,$ 80.0,4.0,Efectivo
3821,2025-01-28,106,Lucia Fernandez,TUCUMAN,Monitor 24',Electronica,$ 350.0,5.0,Efectivo
3822,2025-01-05,102,  marta Sanchez  ,ROSARIO,Laptop Pro,Electronica,$ 1200.5,2.0,Transferencia
3823,2025-03-19,101,JUAN PEREZ,CORDOBA,Mouse Optico,Accesorios,$ 25.0,4.0,Debito
3824,2025-12-03,104,Ana Lopez,Mendoza,Silla Gamer,Muebles,$ 250.0,3.0,Tarjeta Credito
3825,2025-02-23,104,Ana Lopez,Mendoza,Laptop Pro,Electronica,$ 1200.5,1.0,Tarjeta Credito
3826,2025-05-09,103,Luis Garcia.,CABA,Cable HDMI,Cables,$ 15.75,4.0,Tarjeta Credito
3827,2025-01-08,101,JUAN PEREZ,CORDOBA,Cable HDMI,Cables,$ 15.75,4.0,Debito
3828,2025-10-14,106,Lucia Fernandez,TUCUMAN,Teclado Mecanico,Accesorios,$ 80.0,2.0,Efectivo
3829,2025-05-20,104,Ana Lopez,Mendoza,Laptop Pro,Electronica,$ 1200.5,4.0,Efectivo
3830,06/08/2025,102,  marta Sanchez  ,ROSARIO,Silla Gamer,Muebles,$ 250.0,2.0,Tarjeta Credito
3831,2025-05-09,102,  marta Sanchez  ,ROSARIO,Cable HDMI,Cables,$ 15.75,4.0,Efectivo
3832,2025-06-27,102,  marta Sanchez  ,ROSARIO,Teclado Mecanico,Accesorios,$ 80.0,5.0,Tarjeta Credito
3833,2025-06-29,104,Ana Lopez,Mendoza,Cable HDMI,Cables,$ 15.75,3.0,Efectivo
3834,2025-06-08,105,PEDRO GOMEZ,CORDOBA,Mouse Optico,Accesorios,$ 25.0,2.0,Efectivo
3835,2025-05-18,103,Luis Garcia.,CABA,Monitor 24',Electronica,,4.0,Efectivo
3836,2025-07-08,103,Luis Garcia.,CABA,Silla Gamer,Muebles,$ 250.0,2.0,Transferencia
3837,2025-03-13,101,JUAN PEREZ,CORDOBA,Laptop Pro,Electronica,$ 1200.5,4.0,Efectivo
3838,2025-09-09,105,PEDRO GOMEZ,CORDOBA,Cable HDMI,Cables,$ 15.75,1.0,Debito
3839,2025-04-16,104,Ana Lopez,Mendoza,Teclado Mecanico,Accesorios,$ 80.0,2.0,Debito
3840,09/04/2025,102,  marta Sanchez  ,ROSARIO,Laptop Pro,Electronica,$ 1200.5,4.0,Transferencia
3841,2025-07-01,101,JUAN PEREZ,CORDOBA,Teclado Mecanico,Accesorios,$ 80.0,1.0,Tarjeta Credito
3842,2025-05-07,105,PEDRO GOMEZ,CORDOBA,Teclado Mecanico,Accesorios,$ 80.0,2.0,Tarjeta Credito
3843,2025-04-28,104,Ana Lopez,Mendoza,Cable HDMI,Cables,$ 15.75,2.0,Efectivo
3844,2025-06-19,105,PEDRO GOMEZ,CORDOBA,Mouse Optico,Accesorios,$ 25.0,1.0,Tarjeta Credito
3845,2025-02-23,106,Lucia Fernandez,TUCUMAN,Silla Gamer,Muebles,$ 250.0,4.0,Debito
3846,2025-05-27,104,Ana Lopez,Mendoza,Cable HDMI,Cables,$ 15.75,4.0,Efectivo
3847,2025-05-11,102,  marta Sanchez  ,ROSARIO,Monitor 24',Electronica,$ 350.0,3.0,Efectivo
3848,2025-01-28,103,Luis Garcia.,CABA,Teclado Mecanico,Accesorios,$ 80.0,5.0,Efectivo
3849,2025-09-01,106,Lucia Fernandez,TUCUMAN,Laptop Pro,Electronica,$ 1200.5,5.0,Tarjeta Credito
3850,18/12/2025,101,JUAN PEREZ,CORDOBA,Silla Gamer,Muebles,$ 250.0,3.0,Transferencia
3851,2025-03-05,106,Lucia Fernandez,TUCUMAN,Cable HDMI,Cables,$ 15.75,5.0,Efectivo
3852,2025-07-17,105,PEDRO GOMEZ,CORDOBA,Silla Gamer,Muebles,$ 250.0,4.0,Transferencia
3853,2025-02-01,106,Lucia Fernandez,TUCUMAN,Cable HDMI,Cables,$ 15.75,4.0,Transferencia
3854,2025-05-21,104,Ana Lopez,Mendoza,Laptop Pro,Electronica,$ 1200.5,3.0,Debito
3855,2025-02-15,102,  marta Sanchez  ,ROSARIO,Laptop Pro,Electronica,$ 1200.5,5.0,Debito
3856,2025-03-31,106,Lucia Fernandez,TUCUMAN,Monitor 24',Electronica,$ 350.0,5.0,Transferencia
3857,2025-03-25,105,PEDRO GOMEZ,CORDOBA,Teclado Mecanico,Accesorios,$ 80.0,1.0,Transferencia
3858,2025-12-04,101,JUAN PEREZ,CORDOBA,Silla Gamer,Muebles,$ 250.0,2.0,Transferencia
3859,2025-09-21,102,  marta Sanchez  ,ROSARIO,Cable HDMI,Cables,$ 15.75,5.0,Transferencia
3860,04/03/2025,102,  marta Sanchez  ,ROSARIO,Mouse Optico,Accesorios,,2.0,Transferencia
3861,2025-01-09,102,  marta Sanchez  ,ROSARIO,Laptop Pro,Electronica,$ 1200.5,4.0,Debito
3862,2025-01-24,104,Ana Lopez,Mendoza,Laptop Pro,Electronica,$ 1200.5,5.0,Debito
3863,2025-03-04,106,Lucia Fernandez,TUCUMAN,Teclado Mecanico,Accesorios,,3.0,Transferencia
3864,2025-02-17,103,Luis Garcia.,CABA,Teclado Mecanico,Accesorios,$ 80.0,2.0,Efectivo
3865,2025-05-05,103,Luis Garcia.,CABA,Silla Gamer,Muebles,$ 250.0,5.0,Tarjeta Credito
3866,2025-08-04,104,Ana Lopez,Mendoza,Monitor 24',Electronica,$ 350.0,5.0,Transferencia
3867,2025-06-08,102,  marta Sanchez  ,ROSARIO,Monitor 24',Electronica,$ 350.0,3.0,Tarjeta Credito
3868,2025-04-12,101,JUAN PEREZ,CORDOBA,Laptop Pro,Electronica,$ 1200.5,4.0,Debito
3869,2025-07-09,102,  marta Sanchez  ,ROSARIO,Laptop Pro,Electronica,$ 1200.5,3.0,Debito
3870,19/06/2025,104,Ana Lopez,Mendoza,Laptop Pro,Electronica,,4.0,Debito
3871,2025-08-05,106,Lucia Fernandez,TUCUMAN,Teclado Mecanico,Accesorios,$ 80.0,4.0,Efectivo
3872,2025-12-29,103,Luis Garcia.,CABA,Laptop Pro,Electronica,$ 1200.5,2.0,Efectivo
3873,2025-10-05,101,JUAN PEREZ,CORDOBA,Teclado Mecanico,Accesorios,$ 80.0,5.0,Efectivo
3874,2025-01-22,105,PEDRO GOMEZ,CORDOBA,Teclado Mecanico,Accesorios,$ 80.0,,Transferencia
3875,2025-10-08,104,Ana Lopez,Mendoza,Teclado Mecanico,Accesorios,$ 80.0,4.0,Debito
3876,2025-11-07,102,  marta Sanchez  ,ROSARIO,Teclado Mecanico,Accesorios,$ 80.0,,Transferencia
3877,2025-10-13,105,PEDRO GOMEZ,CORDOBA,Teclado Mecanico,Accesorios,$ 80.0,5.0,Tarjeta Credito
3878,2025-12-16,104,Ana Lopez,Mendoza,Cable HDMI,Cables,$ 15.75,5.0,Tarjeta Credito
3879,2025-07-09,103,Luis Garcia.,CABA,Laptop Pro,Electronica,$ 1200.5,3.0,Debito
3880,21/08/2025,101,JUAN PEREZ,CORDOBA,Cable HDMI,Cables,$ 15.75,5.0,Transferencia
3881,2025-02-14,102,  marta Sanchez  ,ROSARIO,Laptop Pro,Electronica,$ 1200.5,3.0,Debito
3882,2025-10-23,106,Lucia Fernandez,TUCUMAN,Cable HDMI,Cables,$ 15.75,4.0,Tarjeta Credito
3883,2025-10-11,103,Luis Garcia.,CABA,Laptop Pro,Electronica,$ 1200.5,5.0,Efectivo
3884,2025-08-25,102,  marta Sanchez  ,ROSARIO,Laptop Pro,Electronica,$ 1200.5,1.0,Debito
3885,2025-05-29,104,Ana Lopez,Mendoza,Teclado Mecanico,Accesorios,$ 80.0,2.0,Debito
3886,2025-11-05,103,Luis Garcia.,CABA,Teclado Mecanico,Accesorios,$ 80.0,5.0,Transferencia
3887,2025-11-08,103,Luis Garcia.,CABA,Laptop Pro,Electronica,$ 1200.5,2.0,Debito
3888,2025-03-25,103,Luis Garcia.,CABA,Mouse Optico,Accesorios,$ 25.0,3.0,Tarjeta Credito
3889,2025-12-29,104,Ana Lopez,Mendoza,Laptop Pro,Electronica,$ 1200.5,3.0,Efectivo
3890,23/02/2025,103,Luis Garcia.,CABA,Mouse Optico,Accesorios,$ 25.0,3.0,Efectivo
3891,2025-06-13,104,Ana Lopez,Mendoza,Laptop Pro,Electronica,$ 1200.5,1.0,Transferencia
3892,2025-09-12,102,  marta Sanchez  ,ROSARIO,Monitor 24',Electronica,$ 350.0,1.0,Tarjeta Credito
3893,2025-07-24,101,JUAN PEREZ,CORDOBA,Silla Gamer,Muebles,$ 250.0,3.0,Debito
3894,2025-08-24,103,Luis Garcia.,CABA,Laptop Pro,Electronica,$ 1200.5,3.0,Debito
3895,2025-03-25,102,  marta Sanchez  ,ROSARIO,Cable HDMI,Cables,$ 15.75,3.0,Tarjeta Credito
3896,2025-09-06,101,JUAN PEREZ,CORDOBA,Laptop Pro,Electronica,$ 1200.5,5.0,Transferencia
3897,2025-05-15,102,  marta Sanchez  ,ROSARIO,Silla Gamer,Muebles,$ 250.0,2.0,Debito
3898,2025-10-05,101,JUAN PEREZ,CORDOBA,Teclado Mecanico,Accesorios,$ 80.0,3.0,Tarjeta Credito
3899,2025-01-31,104,Ana Lopez,Mendoza,Laptop Pro,Electronica,$ 1200.5,1.0,Tarjeta Credito
3900,10/07/2025,101,JUAN PEREZ,CORDOBA,Cable HDMI,Cables,$ 15.75,4.0,Tarjeta Credito
3901,2025-06-11,106,Lucia Fernandez,TUCUMAN,Laptop Pro,Electronica,$ 1200.5,1.0,Efectivo
3902,2025-01-28,102,  marta Sanchez  ,ROSARIO,Teclado Mecanico,Accesorios,$ 80.0,1.0,Tarjeta Credito
3903,2025-08-09,104,Ana Lopez,Mendoza,Laptop Pro,Electronica,$ 1200.5,1.0,Debito
3904,2025-12-01,103,Luis Garcia.,CABA,Silla Gamer,Muebles,$ 250.0,3.0,Efectivo
3905,2025-04-27,106,Lucia Fernandez,TUCUMAN,Monitor 24',Electronica,$ 350.0,5.0,Debito
3906,2025-10-12,104,Ana Lopez,Mendoza,Cable HDMI,Cables,$ 15.75,4.0,Efectivo
3907,2025-05-12,102,  marta Sanchez  ,ROSARIO,Cable HDMI,Cables,$ 15.75,1.0,Debito
3908,2025-11-16,106,Lucia Fernandez,TUCUMAN,Laptop Pro,Electronica,$ 1200.5,2.0,Debito
3909,2025-10-03,102,  marta Sanchez  ,ROSARIO,Monitor 24',Electronica,$ 350.0,1.0,Tarjeta Credito
3910,24/01/2025,103,Luis Garcia.,CABA,Monitor 24',Electronica,$ 350.0,5.0,Debito
3911,2025-04-04,102,  marta Sanchez  ,ROSARIO,Silla Gamer,Muebles,$ 250.0,2.0,Efectivo
3912,2025-09-26,104,Ana Lopez,Mendoza,Monitor 24',Electronica,$ 350.0,3.0,Transferencia
3913,2025-01-31,104,Ana Lopez,Mendoza,Cable HDMI,Cables,$ 15.75,5.0,Debito
3914,2025-08-08,101,JUAN PEREZ,CORDOBA,Silla Gamer,Muebles,$ 250.0,2.0,Efectivo
3915,2025-09-15,103,Luis Garcia.,CABA,Cable HDMI,Cables,$ 15.75,2.0,Efectivo
3916,2025-11-19,102,  marta Sanchez  ,ROSARIO,Teclado Mecanico,Accesorios,$ 80.0,2.0,Tarjeta Credito
3917,2025-01-28,103,Luis Garcia.,CABA,Monitor 24',Electronica,$ 350.0,3.0,Tarjeta Credito
3918,2025-08-18,104,Ana Lopez,Mendoza,Monitor 24',Electronica,$ 350.0,3.0,Debito
3919,2025-10-17,102,  marta Sanchez  ,ROSARIO,Mouse Optico,Accesorios,$ 25.0,5.0,Tarjeta Credito
3920,16/06/2025,105,PEDRO GOMEZ,CORDOBA,Monitor 24',Electronica,$ 350.0,3.0,Tarjeta Credito
3921,2025-02-22,106,Lucia Fernandez,TUCUMAN,Cable HDMI,Cables,$ 15.75,1.0,Tarjeta Credito
3922,2025-07-18,104,Ana Lopez,Mendoza,Cable HDMI,Cables,$ 15.75,1.0,Transferencia
3923,2025-12-27,103,Luis Garcia.,CABA,Monitor 24',Electronica,$ 350.0,1.0,Transferencia
3924,2025-01-13,102,  marta Sanchez  ,ROSARIO,Silla Gamer,Muebles,$ 250.0,2.0,Efectivo
3925,2025-02-12,103,Luis Garcia.,CABA,Silla Gamer,Muebles,$ 250.0,1.0,Transferencia
3926,2025-06-10,102,  marta Sanchez  ,ROSARIO,Teclado Mecanico,Accesorios,$ 80.0,3.0,Tarjeta Credito
3927,2025-08-02,101,JUAN PEREZ,CORDOBA,Mouse Optico,Accesorios,$ 25.0,1.0,Tarjeta Credito
3928,2025-06-22,103,Luis Garcia.,CABA,Laptop Pro,Electronica,$ 1200.5,2.0,Efectivo
3929,2025-12-18,106,Lucia Fernandez,TUCUMAN,Silla Gamer,Muebles,$ 250.0,5.0,Efectivo
3930,25/05/2025,101,JUAN PEREZ,CORDOBA,Teclado Mecanico,Accesorios,,1.0,Debito
3931,2025-03-08,106,Lucia Fernandez,TUCUMAN,Mouse Optico,Accesorios,$ 25.0,3.0,Efectivo
3932,2025-04-29,106,Lucia Fernandez,TUCUMAN,Laptop Pro,Electronica,$ 1200.5,1.0,Tarjeta Credito
3933,2025-12-13,104,Ana Lopez,Mendoza,Monitor 24',Electronica,$ 350.0,1.0,Transferencia
3934,2025-03-02,106,Lucia Fernandez,TUCUMAN,Cable HDMI,Cables,,1.0,Transferencia
3935,2025-09-17,104,Ana Lopez,Mendoza,Laptop Pro,Electronica,$ 1200.5,3.0,Tarjeta Credito
3936,2025-06-03,101,JUAN PEREZ,CORDOBA,Cable HDMI,Cables,$ 15.75,2.0,Efectivo
3937,2025-03-31,105,PEDRO GOMEZ,CORDOBA,Cable HDMI,Cables,$ 15.75,2.0,Efectivo
3938,2025-06-24,106,Lucia Fernandez,TUCUMAN,Cable HDMI,Cables,$ 15.75,1.0,Tarjeta Credito
3939,2025-09-07,101,JUAN PEREZ,CORDOBA,Teclado Mecanico,Accesorios,$ 80.0,1.0,Debito
3940,08/10/2025,105,PEDRO GOMEZ,CORDOBA,Teclado Mecanico,Accesorios,$ 80.0,4.0,Debito
3941,2025-12-23,103,Luis Garcia.,CABA,Laptop Pro,Electronica,$ 1200.5,5.0,Efectivo
3942,2025-03-06,106,Lucia Fernandez,TUCUMAN,Silla Gamer,Muebles,$ 250.0,2.0,Efectivo
3943,2025-12-24,103,Luis Garcia.,CABA,Cable HDMI,Cables,$ 15.75,2.0,Tarjeta Credito
3944,2025-09-09,101,JUAN PEREZ,CORDOBA,Teclado Mecanico,Accesorios,$ 80.0,2.0,Efectivo
3945,2025-04-22,103,Luis Garcia.,CABA,Laptop Pro,Electronica,$ 1200.5,1.0,Tarjeta Credito
3946,2025-07-14,104,Ana Lopez,Mendoza,Mouse Optico,Accesorios,$ 25.0,4.0,Transferencia
3947,2025-08-24,103,Luis Garcia.,CABA,Laptop Pro,Electronica,$ 1200.5,1.0,Transferencia
3948,2025-12-26,106,Lucia Fernandez,TUCUMAN,Cable HDMI,Cables,$ 15.75,2.0,Efectivo
3949,2025-02-05,103,Luis Garcia.,CABA,Laptop Pro,Electronica,,5.0,Tarjeta Credito
3950,13/12/2025,106,Lucia Fernandez,TUCUMAN,Teclado Mecanico,Accesorios,,5.0,Debito
3951,2025-05-05,105,PEDRO GOMEZ,CORDOBA,Monitor 24',Electronica,,1.0,Tarjeta Credito
3952,2025-08-16,104,Ana Lopez,Mendoza,Teclado Mecanico,Accesorios,$ 80.0,1.0,Efectivo
3953,2025-08-22,106,Lucia Fernandez,TUCUMAN,Monitor 24',Electronica,$ 350.0,5.0,Debito
3954,2025-04-06,103,Luis Garcia.,CABA,Cable HDMI,Cables,$ 15.75,5.0,Debito
3955,2025-07-22,103,Luis Garcia.,CABA,Mouse Optico,Accesorios,,2.0,Debito
3956,2025-01-05,106,Lucia Fernandez,TUCUMAN,Mouse Optico,Accesorios,$ 25.0,3.0,Efectivo
3957,2025-02-09,105,PEDRO GOMEZ,CORDOBA,Mouse Optico,Accesorios,$ 25.0,1.0,Transferencia
3958,2025-02-28,101,JUAN PEREZ,CORDOBA,Teclado Mecanico,Accesorios,$ 80.0,2.0,Transferencia
3959,2025-01-04,106,Lucia Fernandez,TUCUMAN,Cable HDMI,Cables,$ 15.75,2.0,Tarjeta Credito
3960,05/12/2025,106,Lucia Fernandez,TUCUMAN,Cable HDMI,Cables,$ 15.75,5.0,Tarjeta Credito
3961,2025-09-08,105,PEDRO GOMEZ,CORDOBA,Cable HDMI,Cables,$ 15.75,5.0,Tarjeta Credito
3962,2025-02-27,104,Ana Lopez,Mendoza,Laptop Pro,Electronica,$ 1200.5,3.0,Efectivo
3963,2025-02-11,105,PEDRO GOMEZ,CORDOBA,Cable HDMI,Cables,$ 15.75,5.0,Debito
3964,2025-03-27,106,Lucia Fernandez,TUCUMAN,Teclado Mecanico,Accesorios,$ 80.0,5.0,Tarjeta Credito
3965,2025-06-23,106,Lucia Fernandez,TUCUMAN,Laptop Pro,Electronica,$ 1200.5,5.0,Transferencia
3966,2025-07-12,101,JUAN PEREZ,CORDOBA,Cable HDMI,Cables,$ 15.75,5.0,Debito
3967,2025-05-22,102,  marta Sanchez  ,ROSARIO,Cable HDMI,Cables,$ 15.75,1.0,Tarjeta Credito
3968,2025-03-28,105,PEDRO GOMEZ,CORDOBA,Mouse Optico,Accesorios,$ 25.0,1.0,Tarjeta Credito
3969,2025-04-20,102,  marta Sanchez  ,ROSARIO,Cable HDMI,Cables,$ 15.75,2.0,Transferencia
3970,31/01/2025,106,Lucia Fernandez,TUCUMAN,Mouse Optico,Accesorios,$ 25.0,4.0,Efectivo
3971,2025-03-09,106,Lucia Fernandez,TUCUMAN,Mouse Optico,Accesorios,$ 25.0,1.0,Tarjeta Credito
3972,2025-10-23,104,Ana Lopez,Mendoza,Monitor 24',Electronica,$ 350.0,1.0,Transferencia
3973,2025-01-07,106,Lucia Fernandez,TUCUMAN,Silla Gamer,Muebles,$ 250.0,1.0,Efectivo
3974,2025-03-18,106,Lucia Fernandez,TUCUMAN,Silla Gamer,Muebles,$ 250.0,4.0,Debito
3975,2025-12-23,103,Luis Garcia.,CABA,Mouse Optico,Accesorios,$ 25.0,2.0,Tarjeta Credito
3976,2025-02-17,102,  marta Sanchez  ,ROSARIO,Cable HDMI,Cables,$ 15.75,4.0,Efectivo
3977,2025-01-02,104,Ana Lopez,Mendoza,Mouse Optico,Accesorios,$ 25.0,3.0,Transferencia
3978,2025-08-24,104,Ana Lopez,Mendoza,Teclado Mecanico,Accesorios,$ 80.0,1.0,Transferencia
3979,2025-12-17,102,  marta Sanchez  ,ROSARIO,Laptop Pro,Electronica,,5.0,Tarjeta Credito
3980,18/12/2025,104,Ana Lopez,Mendoza,Silla Gamer,Muebles,$ 250.0,3.0,Debito
3981,2025-03-23,105,PEDRO GOMEZ,CORDOBA,Laptop Pro,Electronica,$ 1200.5,2.0,Tarjeta Credito
3982,2025-05-07,101,JUAN PEREZ,CORDOBA,Monitor 24',Electronica,$ 350.0,3.0,Tarjeta Credito
3983,2025-07-20,105,PEDRO GOMEZ,CORDOBA,Teclado Mecanico,Accesorios,$ 80.0,2.0,Tarjeta Credito
3984,2025-01-08,104,Ana Lopez,Mendoza,Teclado Mecanico,Accesorios,$ 80.0,5.0,Efectivo
3985,2025-08-24,104,Ana Lopez,Mendoza,Teclado Mecanico,Accesorios,$ 80.0,1.0,Debito
3986,2025-07-21,102,  marta Sanchez  ,ROSARIO,Silla Gamer,Muebles,$ 250.0,5.0,Debito
3987,2025-01-31,103,Luis Garcia.,CABA,Monitor 24',Electronica,$ 350.0,3.0,Efectivo
3988,2025-08-14,106,Lucia Fernandez,TUCUMAN,Laptop Pro,Electronica,$ 1200.5,2.0,Efectivo
3989,2025-04-26,105,PEDRO GOMEZ,CORDOBA,Mouse Optico,Accesorios,$ 25.0,3.0,Debito
3990,08/04/2025,102,  marta Sanchez  ,ROSARIO,Teclado Mecanico,Accesorios,$ 80.0,2.0,Debito
3991,2025-06-01,101,JUAN PEREZ,CORDOBA,Laptop Pro,Electronica,$ 1200.5,4.0,Transferencia
3992,2025-12-02,106,Lucia Fernandez,TUCUMAN,Monitor 24',Electronica,$ 350.0,2.0,Tarjeta Credito
3993,2025-09-20,106,Lucia Fernandez,TUCUMAN,Cable HDMI,Cables,$ 15.75,5.0,Debito
3994,2025-11-13,105,PEDRO GOMEZ,CORDOBA,Silla Gamer,Muebles,$ 250.0,4.0,Transferencia
3995,2025-06-09,106,Lucia Fernandez,TUCUMAN,Mouse Optico,Accesorios,$ 25.0,5.0,Debito
3996,2025-04-13,103,Luis Garcia.,CABA,Mouse Optico,Accesorios,$ 25.0,2.0,Efectivo
3997,2025-07-07,104,Ana Lopez,Mendoza,Mouse Optico,Accesorios,$ 25.0,2.0,Transferencia
3998,2025-04-14,102,  marta Sanchez  ,ROSARIO,Monitor 24',Electronica,$ 350.0,2.0,Tarjeta Credito
3999,2025-07-07,101,JUAN PEREZ,CORDOBA,Silla Gamer,Muebles,$ 250.0,4.0,Tarjeta Credito
4000,17/05/2025,103,Luis Garcia.,CABA,Silla Gamer,Muebles,$ 250.0,4.0,Efectivo
4001,2025-08-21,104,Ana Lopez,Mendoza,Monitor 24',Electronica,$ 350.0,3.0,Efectivo
4002,2025-05-03,102,  marta Sanchez  ,ROSARIO,Monitor 24',Electronica,$ 350.0,3.0,Debito
4003,2025-11-01,104,Ana Lopez,Mendoza,Silla Gamer,Muebles,$ 250.0,1.0,Debito
4004,2025-03-06,102,  marta Sanchez  ,ROSARIO,Monitor 24',Electronica,$ 350.0,3.0,Tarjeta Credito
4005,2025-01-05,105,PEDRO GOMEZ,CORDOBA,Silla Gamer,Muebles,$ 250.0,5.0,Efectivo
4006,2025-06-24,105,PEDRO GOMEZ,CORDOBA,Laptop Pro,Electronica,$ 1200.5,2.0,Efectivo
4007,2025-07-15,103,Luis Garcia.,CABA,Cable HDMI,Cables,$ 15.75,2.0,Tarjeta Credito
4008,2025-08-21,102,  marta Sanchez  ,ROSARIO,Laptop Pro,Electronica,$ 1200.5,2.0,Efectivo
4009,2025-03-02,106,Lucia Fernandez,TUCUMAN,Cable HDMI,Cables,$ 15.75,3.0,Tarjeta Credito
4010,30/11/2025,106,Lucia Fernandez,TUCUMAN,Monitor 24',Electronica,$ 350.0,2.0,Debito
4011,2025-06-12,101,JUAN PEREZ,CORDOBA,Monitor 24',Electronica,$ 350.0,1.0,Debito
4012,2025-04-23,105,PEDRO GOMEZ,CORDOBA,Teclado Mecanico,Accesorios,$ 80.0,1.0,Tarjeta Credito
4013,2025-11-27,101,JUAN PEREZ,CORDOBA,Cable HDMI,Cables,$ 15.75,5.0,Efectivo
4014,2025-03-03,102,  marta Sanchez  ,ROSARIO,Mouse Optico,Accesorios,$ 25.0,4.0,Tarjeta Credito
4015,2025-06-12,105,PEDRO GOMEZ,CORDOBA,Monitor 24',Electronica,$ 350.0,3.0,Transferencia
4016,2025-08-24,104,Ana Lopez,Mendoza,Cable HDMI,Cables,$ 15.75,4.0,Tarjeta Credito
4017,2025-04-10,101,JUAN PEREZ,CORDOBA,Teclado Mecanico,Accesorios,$ 80.0,1.0,Debito
4018,2025-03-17,103,Luis Garcia.,CABA,Silla Gamer,Muebles,$ 250.0,4.0,Transferencia
4019,2025-07-24,105,PEDRO GOMEZ,CORDOBA,Teclado Mecanico,Accesorios,$ 80.0,2.0,Debito
4020,23/05/2025,101,JUAN PEREZ,CORDOBA,Laptop Pro,Electronica,$ 1200.5,1.0,Efectivo
4021,2025-10-02,102,  marta Sanchez  ,ROSARIO,Teclado Mecanico,Accesorios,$ 80.0,3.0,Efectivo
4022,2025-12-04,106,Lucia Fernandez,TUCUMAN,Cable HDMI,Cables,$ 15.75,2.0,Debito
4023,2025-03-07,106,Lucia Fernandez,TUCUMAN,Mouse Optico,Accesorios,$ 25.0,4.0,Transferencia
4024,2025-01-14,101,JUAN PEREZ,CORDOBA,Teclado Mecanico,Accesorios,$ 80.0,5.0,Tarjeta Credito
4025,2025-09-28,102,  marta Sanchez  ,ROSARIO,Teclado Mecanico,Accesorios,$ 80.0,4.0,Transferencia
4026,2025-03-04,101,JUAN PEREZ,CORDOBA,Mouse Optico,Accesorios,$ 25.0,3.0,Transferencia
4027,2025-04-01,105,PEDRO GOMEZ,CORDOBA,Teclado Mecanico,Accesorios,$ 80.0,2.0,Debito
4028,2025-03-07,102,  marta Sanchez  ,ROSARIO,Monitor 24',Electronica,$ 350.0,3.0,Transferencia
4029,2025-03-28,102,  marta Sanchez  ,ROSARIO,Mouse Optico,Accesorios,$ 25.0,4.0,Transferencia
4030,08/04/2025,106,Lucia Fernandez,TUCUMAN,Cable HDMI,Cables,$ 15.75,2.0,Tarjeta Credito
4031,2025-08-31,103,Luis Garcia.,CABA,Monitor 24',Electronica,$ 350.0,2.0,Efectivo
4032,2025-04-27,102,  marta Sanchez  ,ROSARIO,Mouse Optico,Accesorios,$ 25.0,3.0,Tarjeta Credito
4033,2025-02-16,104,Ana Lopez,Mendoza,Teclado Mecanico,Accesorios,$ 80.0,4.0,Tarjeta Credito
4034,2025-07-19,105,PEDRO GOMEZ,CORDOBA,Mouse Optico,Accesorios,$ 25.0,1.0,Transferencia
4035,2025-01-20,102,  marta Sanchez  ,ROSARIO,Teclado Mecanico,Accesorios,$ 80.0,2.0,Debito
4036,2025-11-27,101,JUAN PEREZ,CORDOBA,Monitor 24',Electronica,$ 350.0,5.0,Transferencia
4037,2025-10-14,105,PEDRO GOMEZ,CORDOBA,Silla Gamer,Muebles,$ 250.0,1.0,Debito
4038,2025-08-11,106,Lucia Fernandez,TUCUMAN,Silla Gamer,Muebles,$ 250.0,5.0,Efectivo
4039,2025-04-13,104,Ana Lopez,Mendoza,Teclado Mecanico,Accesorios,$ 80.0,2.0,Transferencia
4040,20/12/2025,102,  marta Sanchez  ,ROSARIO,Mouse Optico,Accesorios,$ 25.0,2.0,Tarjeta Credito
4041,2025-11-08,106,Lucia Fernandez,TUCUMAN,Laptop Pro,Electronica,$ 1200.5,3.0,Transferencia
4042,2025-12-17,106,Lucia Fernandez,TUCUMAN,Silla Gamer,Muebles,$ 250.0,3.0,Debito
4043,2025-04-04,101,JUAN PEREZ,CORDOBA,Teclado Mecanico,Accesorios,$ 80.0,3.0,Transferencia
4044,2025-01-26,103,Luis Garcia.,CABA,Silla Gamer,Muebles,$ 250.0,4.0,Transferencia
4045,2025-02-28,101,JUAN PEREZ,CORDOBA,Silla Gamer,Muebles,$ 250.0,4.0,Efectivo
4046,2025-01-04,101,JUAN PEREZ,CORDOBA,Mouse Optico,Accesorios,$ 25.0,5.0,Efectivo
4047,2025-10-15,101,JUAN PEREZ,CORDOBA,Silla Gamer,Muebles,$ 250.0,,Tarjeta Credito
4048,2025-03-31,102,  marta Sanchez  ,ROSARIO,Teclado Mecanico,Accesorios,$ 80.0,3.0,Debito
4049,2025-08-31,102,  marta Sanchez  ,ROSARIO,Cable HDMI,Cables,$ 15.75,3.0,Efectivo
4050,05/07/2025,104,Ana Lopez,Mendoza,Laptop Pro,Electronica,$ 1200.5,2.0,Tarjeta Credito
4051,2025-08-08,103,Luis Garcia.,CABA,Laptop Pro,Electronica,$ 1200.5,1.0,Efectivo
4052,2025-05-20,103,Luis Garcia.,CABA,Teclado Mecanico,Accesorios,,1.0,Debito
4053,2025-10-30,105,PEDRO GOMEZ,CORDOBA,Mouse Optico,Accesorios,$ 25.0,3.0,Transferencia
4054,2025-01-01,101,JUAN PEREZ,CORDOBA,Teclado Mecanico,Accesorios,$ 80.0,,Transferencia
4055,2025-12-08,104,Ana Lopez,Mendoza,Mouse Optico,Accesorios,,4.0,Tarjeta Credito
4056,2025-12-05,102,  marta Sanchez  ,ROSARIO,Silla Gamer,Muebles,$ 250.0,2.0,Transferencia
4057,2025-11-14,106,Lucia Fernandez,TUCUMAN,Teclado Mecanico,Accesorios,$ 80.0,4.0,Debito
4058,2025-09-25,101,JUAN PEREZ,CORDOBA,Cable HDMI,Cables,$ 15.75,4.0,Debito
4059,2025-02-10,104,Ana Lopez,Mendoza,Mouse Optico,Accesorios,$ 25.0,2.0,Transferencia
4060,19/07/2025,104,Ana Lopez,Mendoza,Silla Gamer,Muebles,$ 250.0,3.0,Debito
4061,2025-08-04,106,Lucia Fernandez,TUCUMAN,Cable HDMI,Cables,$ 15.75,2.0,Efectivo
4062,2025-11-05,102,  marta Sanchez  ,ROSARIO,Laptop Pro,Electronica,$ 1200.5,3.0,Efectivo
4063,2025-09-20,102,  marta Sanchez  ,ROSARIO,Laptop Pro,Electronica,$ 1200.5,3.0,Transferencia
4064,2025-03-16,102,  marta Sanchez  ,ROSARIO,Laptop Pro,Electronica,,1.0,Efectivo
4065,2025-09-06,101,JUAN PEREZ,CORDOBA,Monitor 24',Electronica,$ 350.0,3.0,Debito
4066,2025-01-04,103,Luis Garcia.,CABA,Teclado Mecanico,Accesorios,$ 80.0,,Debito
4067,2025-07-22,105,PEDRO GOMEZ,CORDOBA,Teclado Mecanico,Accesorios,$ 80.0,4.0,Debito
4068,2025-10-21,104,Ana Lopez,Mendoza,Monitor 24',Electronica,$ 350.0,3.0,Tarjeta Credito
4069,2025-07-17,104,Ana Lopez,Mendoza,Mouse Optico,Accesorios,$ 25.0,1.0,Efectivo
4070,12/01/2025,103,Luis Garcia.,CABA,Laptop Pro,Electronica,$ 1200.5,2.0,Debito
4071,2025-10-29,102,  marta Sanchez  ,ROSARIO,Laptop Pro,Electronica,$ 1200.5,5.0,Debito
4072,2025-08-26,105,PEDRO GOMEZ,CORDOBA,Mouse Optico,Accesorios,$ 25.0,5.0,Efectivo
4073,2025-12-23,102,  marta Sanchez  ,ROSARIO,Cable HDMI,Cables,$ 15.75,1.0,Efectivo
4074,2025-01-05,105,PEDRO GOMEZ,CORDOBA,Teclado Mecanico,Accesorios,$ 80.0,2.0,Transferencia
4075,2025-12-12,104,Ana Lopez,Mendoza,Teclado Mecanico,Accesorios,$ 80.0,1.0,Efectivo
4076,2025-09-26,105,PEDRO GOMEZ,CORDOBA,Monitor 24',Electronica,$ 350.0,5.0,Efectivo
4077,2025-06-28,105,PEDRO GOMEZ,CORDOBA,Teclado Mecanico,Accesorios,$ 80.0,4.0,Transferencia
4078,2025-05-15,103,Luis Garcia.,CABA,Monitor 24',Electronica,$ 350.0,3.0,Transferencia
4079,2025-05-12,103,Luis Garcia.,CABA,Silla Gamer,Muebles,$ 250.0,3.0,Tarjeta Credito
4080,05/11/2025,104,Ana Lopez,Mendoza,Cable HDMI,Cables,$ 15.75,2.0,Efectivo
4081,2025-08-19,103,Luis Garcia.,CABA,Cable HDMI,Cables,$ 15.75,3.0,Debito
4082,2025-09-27,103,Luis Garcia.,CABA,Laptop Pro,Electronica,$ 1200.5,5.0,Transferencia
4083,2025-01-25,102,  marta Sanchez  ,ROSARIO,Mouse Optico,Accesorios,$ 25.0,2.0,Debito
4084,2025-10-22,106,Lucia Fernandez,TUCUMAN,Mouse Optico,Accesorios,$ 25.0,5.0,Efectivo
4085,2025-03-22,101,JUAN PEREZ,CORDOBA,Mouse Optico,Accesorios,$ 25.0,,Debito
4086,2025-12-20,102,  marta Sanchez  ,ROSARIO,Laptop Pro,Electronica,$ 1200.5,1.0,Debito
4087,2025-09-23,103,Luis Garcia.,CABA,Monitor 24',Electronica,$ 350.0,4.0,Efectivo
4088,2025-10-27,103,Luis Garcia.,CABA,Teclado Mecanico,Accesorios,$ 80.0,1.0,Transferencia
4089,2025-06-04,101,JUAN PEREZ,CORDOBA,Laptop Pro,Electronica,$ 1200.5,3.0,Debito
4090,09/11/2025,101,JUAN PEREZ,CORDOBA,Mouse Optico,Accesorios,$ 25.0,1.0,Transferencia
4091,2025-02-24,106,Lucia Fernandez,TUCUMAN,Monitor 24',Electronica,$ 350.0,4.0,Efectivo
4092,2025-09-28,104,Ana Lopez,Mendoza,Monitor 24',Electronica,$ 350.0,3.0,Efectivo
4093,2025-08-30,106,Lucia Fernandez,TUCUMAN,Silla Gamer,Muebles,$ 250.0,4.0,Tarjeta Credito
4094,2025-04-22,105,PEDRO GOMEZ,CORDOBA,Cable HDMI,Cables,$ 15.75,3.0,Efectivo
4095,2025-12-23,102,  marta Sanchez  ,ROSARIO,Monitor 24',Electronica,$ 350.0,1.0,Tarjeta Credito
4096,2025-10-09,102,  marta Sanchez  ,ROSARIO,Cable HDMI,Cables,$ 15.75,3.0,Transferencia
4097,2025-03-22,102,  marta Sanchez  ,ROSARIO,Teclado Mecanico,Accesorios,$ 80.0,1.0,Transferencia
4098,2025-08-23,102,  marta Sanchez  ,ROSARIO,Monitor 24',Electronica,$ 350.0,2.0,Tarjeta Credito
4099,2025-04-29,101,JUAN PEREZ,CORDOBA,Monitor 24',Electronica,$ 350.0,4.0,Debito
4100,17/01/2025,105,PEDRO GOMEZ,CORDOBA,Laptop Pro,Electronica,$ 1200.5,3.0,Transferencia
4101,2025-07-15,105,PEDRO GOMEZ,CORDOBA,Monitor 24',Electronica,$ 350.0,2.0,Tarjeta Credito
4102,2025-09-07,106,Lucia Fernandez,TUCUMAN,Silla Gamer,Muebles,$ 250.0,4.0,Efectivo
4103,2025-06-04,102,  marta Sanchez  ,ROSARIO,Laptop Pro,Electronica,$ 1200.5,2.0,Transferencia
4104,2025-01-25,105,PEDRO GOMEZ,CORDOBA,Monitor 24',Electronica,$ 350.0,5.0,Efectivo
4105,2025-06-23,104,Ana Lopez,Mendoza,Teclado Mecanico,Accesorios,$ 80.0,2.0,Transferencia
4106,2025-09-24,102,  marta Sanchez  ,ROSARIO,Mouse Optico,Accesorios,$ 25.0,2.0,Tarjeta Credito
4107,2025-03-10,102,  marta Sanchez  ,ROSARIO,Laptop Pro,Electronica,$ 1200.5,1.0,Transferencia
4108,2025-04-28,102,  marta Sanchez  ,ROSARIO,Laptop Pro,Electronica,,4.0,Debito
4109,2025-12-21,104,Ana Lopez,Mendoza,Laptop Pro,Electronica,$ 1200.5,4.0,Efectivo
4110,07/08/2025,101,JUAN PEREZ,CORDOBA,Teclado Mecanico,Accesorios,$ 80.0,5.0,Efectivo
4111,2025-01-30,103,Luis Garcia.,CABA,Mouse Optico,Accesorios,$ 25.0,2.0,Tarjeta Credito
4112,2025-04-29,101,JUAN PEREZ,CORDOBA,Mouse Optico,Accesorios,$ 25.0,3.0,Debito
4113,2025-01-15,102,  marta Sanchez  ,ROSARIO,Mouse Optico,Accesorios,$ 25.0,2.0,Tarjeta Credito
4114,2025-06-01,102,  marta Sanchez  ,ROSARIO,Cable HDMI,Cables,$ 15.75,5.0,Tarjeta Credito
4115,2025-03-25,101,JUAN PEREZ,CORDOBA,Teclado Mecanico,Accesorios,$ 80.0,2.0,Efectivo
4116,2025-01-30,101,JUAN PEREZ,CORDOBA,Monitor 24',Electronica,$ 350.0,4.0,Efectivo
4117,2025-08-25,106,Lucia Fernandez,TUCUMAN,Cable HDMI,Cables,$ 15.75,4.0,Debito
4118,2025-07-31,103,Luis Garcia.,CABA,Monitor 24',Electronica,$ 350.0,5.0,Transferencia
4119,2025-07-17,103,Luis Garcia.,CABA,Laptop Pro,Electronica,$ 1200.5,5.0,Debito
4120,29/08/2025,102,  marta Sanchez  ,ROSARIO,Silla Gamer,Muebles,$ 250.0,1.0,Transferencia
4121,2025-11-03,102,  marta Sanchez  ,ROSARIO,Monitor 24',Electronica,,3.0,Debito
4122,2025-05-25,104,Ana Lopez,Mendoza,Cable HDMI,Cables,$ 15.75,2.0,Transferencia
4123,2025-11-18,104,Ana Lopez,Mendoza,Mouse Optico,Accesorios,$ 25.0,1.0,Transferencia
4124,2025-02-13,101,JUAN PEREZ,CORDOBA,Mouse Optico,Accesorios,$ 25.0,5.0,Debito
4125,2025-05-01,105,PEDRO GOMEZ,CORDOBA,Laptop Pro,Electronica,$ 1200.5,5.0,Debito
4126,2025-01-26,106,Lucia Fernandez,TUCUMAN,Cable HDMI,Cables,$ 15.75,1.0,Debito
4127,2025-05-30,101,JUAN PEREZ,CORDOBA,Teclado Mecanico,Accesorios,$ 80.0,2.0,Transferencia
4128,2025-10-28,103,Luis Garcia.,CABA,Laptop Pro,Electronica,$ 1200.5,3.0,Transferencia
4129,2025-02-26,105,PEDRO GOMEZ,CORDOBA,Monitor 24',Electronica,$ 350.0,2.0,Debito
4130,11/05/2025,104,Ana Lopez,Mendoza,Silla Gamer,Muebles,$ 250.0,2.0,Transferencia
4131,2025-05-29,101,JUAN PEREZ,CORDOBA,Monitor 24',Electronica,$ 350.0,2.0,Debito
4132,2025-12-17,106,Lucia Fernandez,TUCUMAN,Monitor 24',Electronica,$ 350.0,4.0,Transferencia
4133,2025-01-01,102,  marta Sanchez  ,ROSARIO,Silla Gamer,Muebles,$ 250.0,2.0,Efectivo
4134,2025-08-15,103,Luis Garcia.,CABA,Monitor 24',Electronica,$ 350.0,3.0,Debito
4135,2025-10-25,105,PEDRO GOMEZ,CORDOBA,Cable HDMI,Cables,$ 15.75,,Debito
4136,2025-01-06,101,JUAN PEREZ,CORDOBA,Mouse Optico,Accesorios,$ 25.0,4.0,Efectivo
4137,2025-06-10,101,JUAN PEREZ,CORDOBA,Cable HDMI,Cables,$ 15.75,4.0,Efectivo
4138,2025-04-04,105,PEDRO GOMEZ,CORDOBA,Silla Gamer,Muebles,$ 250.0,2.0,Transferencia
4139,2025-06-12,105,PEDRO GOMEZ,CORDOBA,Silla Gamer,Muebles,$ 250.0,4.0,Debito
4140,29/03/2025,104,Ana Lopez,Mendoza,Monitor 24',Electronica,$ 350.0,2.0,Tarjeta Credito
4141,2025-07-24,104,Ana Lopez,Mendoza,Laptop Pro,Electronica,$ 1200.5,5.0,Transferencia
4142,2025-07-08,101,JUAN PEREZ,CORDOBA,Silla Gamer,Muebles,$ 250.0,2.0,Efectivo
4143,2025-06-15,101,JUAN PEREZ,CORDOBA,Laptop Pro,Electronica,$ 1200.5,4.0,Transferencia
4144,2025-10-30,101,JUAN PEREZ,CORDOBA,Mouse Optico,Accesorios,$ 25.0,5.0,Debito
4145,2025-05-06,102,  marta Sanchez  ,ROSARIO,Teclado Mecanico,Accesorios,$ 80.0,2.0,Debito
4146,2025-06-01,102,  marta Sanchez  ,ROSARIO,Cable HDMI,Cables,$ 15.75,1.0,Debito
4147,2025-06-21,104,Ana Lopez,Mendoza,Laptop Pro,Electronica,$ 1200.5,1.0,Efectivo
4148,2025-04-15,101,JUAN PEREZ,CORDOBA,Mouse Optico,Accesorios,$ 25.0,5.0,Tarjeta Credito
4149,2025-10-21,101,JUAN PEREZ,CORDOBA,Monitor 24',Electronica,$ 350.0,2.0,Tarjeta Credito
4150,01/04/2025,106,Lucia Fernandez,TUCUMAN,Laptop Pro,Electronica,$ 1200.5,2.0,Tarjeta Credito
4151,2025-06-01,103,Luis Garcia.,CABA,Silla Gamer,Muebles,$ 250.0,1.0,Efectivo
4152,2025-08-11,105,PEDRO GOMEZ,CORDOBA,Mouse Optico,Accesorios,$ 25.0,4.0,Efectivo
4153,2025-10-26,101,JUAN PEREZ,CORDOBA,Laptop Pro,Electronica,$ 1200.5,5.0,Tarjeta Credito
4154,2025-06-06,104,Ana Lopez,Mendoza,Monitor 24',Electronica,$ 350.0,1.0,Tarjeta Credito
4155,2025-10-19,104,Ana Lopez,Mendoza,Mouse Optico,Accesorios,$ 25.0,4.0,Debito
4156,2025-09-03,106,Lucia Fernandez,TUCUMAN,Cable HDMI,Cables,$ 15.75,3.0,Debito
4157,2025-05-25,106,Lucia Fernandez,TUCUMAN,Teclado Mecanico,Accesorios,$ 80.0,3.0,Tarjeta Credito
4158,2025-03-08,105,PEDRO GOMEZ,CORDOBA,Teclado Mecanico,Accesorios,$ 80.0,1.0,Transferencia
4159,2025-03-16,106,Lucia Fernandez,TUCUMAN,Teclado Mecanico,Accesorios,$ 80.0,1.0,Efectivo
4160,24/01/2025,106,Lucia Fernandez,TUCUMAN,Laptop Pro,Electronica,$ 1200.5,5.0,Transferencia
4161,2025-09-06,101,JUAN PEREZ,CORDOBA,Monitor 24',Electronica,$ 350.0,5.0,Tarjeta Credito
4162,2025-11-11,101,JUAN PEREZ,CORDOBA,Teclado Mecanico,Accesorios,$ 80.0,4.0,Efectivo
4163,2025-09-27,105,PEDRO GOMEZ,CORDOBA,Silla Gamer,Muebles,$ 250.0,2.0,Tarjeta Credito
4164,2025-01-11,106,Lucia Fernandez,TUCUMAN,Cable HDMI,Cables,$ 15.75,4.0,Debito
4165,2025-12-19,101,JUAN PEREZ,CORDOBA,Silla Gamer,Muebles,$ 250.0,1.0,Tarjeta Credito
4166,2025-03-24,103,Luis Garcia.,CABA,Mouse Optico,Accesorios,$ 25.0,4.0,Transferencia
4167,2025-06-14,101,JUAN PEREZ,CORDOBA,Laptop Pro,Electronica,$ 1200.5,2.0,Efectivo
4168,2025-05-01,102,  marta Sanchez  ,ROSARIO,Cable HDMI,Cables,$ 15.75,,Efectivo
4169,2025-03-24,105,PEDRO GOMEZ,CORDOBA,Silla Gamer,Muebles,$ 250.0,5.0,Transferencia
4170,10/11/2025,106,Lucia Fernandez,TUCUMAN,Cable HDMI,Cables,$ 15.75,5.0,Debito
4171,2025-08-12,102,  marta Sanchez  ,ROSARIO,Teclado Mecanico,Accesorios,$ 80.0,2.0,Transferencia
4172,2025-07-17,105,PEDRO GOMEZ,CORDOBA,Cable HDMI,Cables,$ 15.75,2.0,Transferencia
4173,2025-02-12,104,Ana Lopez,Mendoza,Teclado Mecanico,Accesorios,$ 80.0,5.0,Debito
4174,2025-08-21,102,  marta Sanchez  ,ROSARIO,Teclado Mecanico,Accesorios,$ 80.0,3.0,Tarjeta Credito
4175,2025-04-08,101,JUAN PEREZ,CORDOBA,Laptop Pro,Electronica,$ 1200.5,2.0,Transferencia
4176,2025-11-08,102,  marta Sanchez  ,ROSARIO,Silla Gamer,Muebles,$ 250.0,5.0,Transferencia
4177,2025-08-25,103,Luis Garcia.,CABA,Mouse Optico,Accesorios,$ 25.0,1.0,Debito
4178,2025-12-25,103,Luis Garcia.,CABA,Silla Gamer,Muebles,,4.0,Debito
4179,2025-11-30,104,Ana Lopez,Mendoza,Laptop Pro,Electronica,,3.0,Transferencia
4180,03/10/2025,101,JUAN PEREZ,CORDOBA,Silla Gamer,Muebles,$ 250.0,3.0,Transferencia
4181,2025-03-07,101,JUAN PEREZ,CORDOBA,Cable HDMI,Cables,$ 15.75,4.0,Tarjeta Credito
4182,2025-12-22,104,Ana Lopez,Mendoza,Cable HDMI,Cables,$ 15.75,4.0,Transferencia
4183,2025-06-03,105,PEDRO GOMEZ,CORDOBA,Silla Gamer,Muebles,$ 250.0,1.0,Transferencia
4184,2025-07-12,106,Lucia Fernandez,TUCUMAN,Teclado Mecanico,Accesorios,$ 80.0,4.0,Debito
4185,2025-07-01,102,  marta Sanchez  ,ROSARIO,Cable HDMI,Cables,$ 15.75,3.0,Debito
4186,2025-11-12,102,  marta Sanchez  ,ROSARIO,Monitor 24',Electronica,$ 350.0,2.0,Efectivo
4187,2025-11-05,103,Luis Garcia.,CABA,Mouse Optico,Accesorios,$ 25.0,1.0,Debito
4188,2025-03-11,106,Lucia Fernandez,TUCUMAN,Monitor 24',Electronica,$ 350.0,4.0,Efectivo
4189,2025-03-15,106,Lucia Fernandez,TUCUMAN,Teclado Mecanico,Accesorios,$ 80.0,5.0,Efectivo
4190,21/10/2025,101,JUAN PEREZ,CORDOBA,Teclado Mecanico,Accesorios,$ 80.0,5.0,Tarjeta Credito
4191,2025-08-23,105,PEDRO GOMEZ,CORDOBA,Cable HDMI,Cables,$ 15.75,3.0,Efectivo
4192,2025-10-20,106,Lucia Fernandez,TUCUMAN,Cable HDMI,Cables,$ 15.75,5.0,Transferencia
4193,2025-06-04,105,PEDRO GOMEZ,CORDOBA,Cable HDMI,Cables,$ 15.75,3.0,Debito
4194,2025-06-25,105,PEDRO GOMEZ,CORDOBA,Silla Gamer,Muebles,$ 250.0,5.0,Tarjeta Credito
4195,2025-10-27,104,Ana Lopez,Mendoza,Monitor 24',Electronica,$ 350.0,3.0,Tarjeta Credito
4196,2025-12-06,105,PEDRO GOMEZ,CORDOBA,Mouse Optico,Accesorios,$ 25.0,1.0,Efectivo
4197,2025-01-17,102,  marta Sanchez  ,ROSARIO,Laptop Pro,Electronica,$ 1200.5,4.0,Tarjeta Credito
4198,2025-05-29,104,Ana Lopez,Mendoza,Teclado Mecanico,Accesorios,$ 80.0,1.0,Transferencia
4199,2025-05-10,103,Luis Garcia.,CABA,Cable HDMI,Cables,$ 15.75,2.0,Tarjeta Credito
4200,21/10/2025,105,PEDRO GOMEZ,CORDOBA,Cable HDMI,Cables,$ 15.75,1.0,Efectivo
4201,2025-12-08,104,Ana Lopez,Mendoza,Monitor 24',Electronica,$ 350.0,5.0,Debito
4202,2025-02-24,103,Luis Garcia.,CABA,Silla Gamer,Muebles,$ 250.0,2.0,Tarjeta Credito
4203,2025-07-09,102,  marta Sanchez  ,ROSARIO,Teclado Mecanico,Accesorios,$ 80.0,2.0,Tarjeta Credito
4204,2025-07-19,106,Lucia Fernandez,TUCUMAN,Monitor 24',Electronica,$ 350.0,5.0,Efectivo
4205,2025-01-09,106,Lucia Fernandez,TUCUMAN,Mouse Optico,Accesorios,$ 25.0,4.0,Efectivo
4206,2025-05-14,101,JUAN PEREZ,CORDOBA,Cable HDMI,Cables,$ 15.75,4.0,Efectivo
4207,2025-10-19,104,Ana Lopez,Mendoza,Teclado Mecanico,Accesorios,$ 80.0,1.0,Tarjeta Credito
4208,2025-03-24,105,PEDRO GOMEZ,CORDOBA,Teclado Mecanico,Accesorios,$ 80.0,1.0,Tarjeta Credito
4209,2025-04-15,101,JUAN PEREZ,CORDOBA,Silla Gamer,Muebles,$ 250.0,1.0,Tarjeta Credito
4210,01/06/2025,102,  marta Sanchez  ,ROSARIO,Monitor 24',Electronica,$ 350.0,2.0,Tarjeta Credito
4211,2025-05-21,104,Ana Lopez,Mendoza,Teclado Mecanico,Accesorios,$ 80.0,5.0,Debito
4212,2025-06-04,103,Luis Garcia.,CABA,Mouse Optico,Accesorios,$ 25.0,2.0,Tarjeta Credito
4213,2025-11-09,103,Luis Garcia.,CABA,Monitor 24',Electronica,$ 350.0,2.0,Efectivo
4214,2025-04-05,104,Ana Lopez,Mendoza,Mouse Optico,Accesorios,$ 25.0,5.0,Tarjeta Credito
4215,2025-04-21,103,Luis Garcia.,CABA,Mouse Optico,Accesorios,$ 25.0,3.0,Debito
4216,2025-09-13,101,JUAN PEREZ,CORDOBA,Monitor 24',Electronica,$ 350.0,3.0,Efectivo
4217,2025-07-10,106,Lucia Fernandez,TUCUMAN,Monitor 24',Electronica,$ 350.0,3.0,Transferencia
4218,2025-10-01,101,JUAN PEREZ,CORDOBA,Mouse Optico,Accesorios,$ 25.0,,Tarjeta Credito
4219,2025-06-20,102,  marta Sanchez  ,ROSARIO,Monitor 24',Electronica,$ 350.0,2.0,Tarjeta Credito
4220,08/05/2025,101,JUAN PEREZ,CORDOBA,Silla Gamer,Muebles,$ 250.0,1.0,Tarjeta Credito
4221,2025-05-02,106,Lucia Fernandez,TUCUMAN,Teclado Mecanico,Accesorios,$ 80.0,4.0,Debito
4222,2025-05-19,102,  marta Sanchez  ,ROSARIO,Teclado Mecanico,Accesorios,$ 80.0,2.0,Efectivo
4223,2025-12-31,105,PEDRO GOMEZ,CORDOBA,Monitor 24',Electronica,$ 350.0,2.0,Transferencia
4224,2025-06-06,105,PEDRO GOMEZ,CORDOBA,Silla Gamer,Muebles,$ 250.0,2.0,Efectivo
4225,2025-03-01,101,JUAN PEREZ,CORDOBA,Teclado Mecanico,Accesorios,$ 80.0,3.0,Tarjeta Credito
4226,2025-01-29,104,Ana Lopez,Mendoza,Laptop Pro,Electronica,$ 1200.5,1.0,Efectivo
4227,2025-02-17,103,Luis Garcia.,CABA,Cable HDMI,Cables,$ 15.75,3.0,Debito
4228,2025-11-23,102,  marta Sanchez  ,ROSARIO,Monitor 24',Electronica,$ 350.0,3.0,Debito
4229,2025-06-01,105,PEDRO GOMEZ,CORDOBA,Silla Gamer,Muebles,$ 250.0,4.0,Tarjeta Credito
4230,03/06/2025,103,Luis Garcia.,CABA,Cable HDMI,Cables,$ 15.75,4.0,Transferencia
4231,2025-11-05,103,Luis Garcia.,CABA,Monitor 24',Electronica,$ 350.0,4.0,Tarjeta Credito
4232,2025-03-05,102,  marta Sanchez  ,ROSARIO,Mouse Optico,Accesorios,$ 25.0,1.0,Transferencia
4233,2025-09-24,102,  marta Sanchez  ,ROSARIO,Silla Gamer,Muebles,$ 250.0,4.0,Tarjeta Credito
4234,2025-09-17,105,PEDRO GOMEZ,CORDOBA,Teclado Mecanico,Accesorios,$ 80.0,5.0,Tarjeta Credito
4235,2025-09-03,103,Luis Garcia.,CABA,Mouse Optico,Accesorios,$ 25.0,3.0,Debito
4236,2025-12-17,102,  marta Sanchez  ,ROSARIO,Monitor 24',Electronica,$ 350.0,4.0,Efectivo
4237,2025-12-05,104,Ana Lopez,Mendoza,Monitor 24',Electronica,$ 350.0,2.0,Debito
4238,2025-02-21,105,PEDRO GOMEZ,CORDOBA,Laptop Pro,Electronica,$ 1200.5,3.0,Debito
4239,2025-04-07,106,Lucia Fernandez,TUCUMAN,Teclado Mecanico,Accesorios,$ 80.0,4.0,Tarjeta Credito
4240,15/08/2025,106,Lucia Fernandez,TUCUMAN,Teclado Mecanico,Accesorios,$ 80.0,5.0,Debito
4241,2025-06-08,105,PEDRO GOMEZ,CORDOBA,Laptop Pro,Electronica,$ 1200.5,2.0,Efectivo
4242,2025-08-09,104,Ana Lopez,Mendoza,Silla Gamer,Muebles,$ 250.0,1.0,Tarjeta Credito
4243,2025-02-27,106,Lucia Fernandez,TUCUMAN,Laptop Pro,Electronica,,3.0,Debito
4244,2025-01-09,102,  marta Sanchez  ,ROSARIO,Cable HDMI,Cables,$ 15.75,3.0,Transferencia
4245,2025-02-13,101,JUAN PEREZ,CORDOBA,Silla Gamer,Muebles,$ 250.0,5.0,Efectivo
4246,2025-11-30,103,Luis Garcia.,CABA,Mouse Optico,Accesorios,$ 25.0,5.0,Efectivo
4247,2025-11-11,105,PEDRO GOMEZ,CORDOBA,Silla Gamer,Muebles,$ 250.0,4.0,Transferencia
4248,2025-09-09,105,PEDRO GOMEZ,CORDOBA,Monitor 24',Electronica,$ 350.0,3.0,Transferencia
4249,2025-02-26,105,PEDRO GOMEZ,CORDOBA,Silla Gamer,Muebles,$ 250.0,2.0,Tarjeta Credito
4250,26/10/2025,104,Ana Lopez,Mendoza,Silla Gamer,Muebles,$ 250.0,1.0,Transferencia
4251,2025-10-04,103,Luis Garcia.,CABA,Cable HDMI,Cables,$ 15.75,4.0,Tarjeta Credito
4252,2025-06-18,104,Ana Lopez,Mendoza,Laptop Pro,Electronica,$ 1200.5,3.0,Efectivo
4253,2025-04-16,101,JUAN PEREZ,CORDOBA,Monitor 24',Electronica,$ 350.0,2.0,Debito
4254,2025-02-12,105,PEDRO GOMEZ,CORDOBA,Laptop Pro,Electronica,$ 1200.5,1.0,Transferencia
4255,2025-06-24,105,PEDRO GOMEZ,CORDOBA,Cable HDMI,Cables,$ 15.75,1.0,Tarjeta Credito
4256,2025-11-09,105,PEDRO GOMEZ,CORDOBA,Mouse Optico,Accesorios,$ 25.0,5.0,Tarjeta Credito
4257,2025-10-23,103,Luis Garcia.,CABA,Monitor 24',Electronica,,5.0,Transferencia
4258,2025-08-28,101,JUAN PEREZ,CORDOBA,Teclado Mecanico,Accesorios,$ 80.0,2.0,Debito
4259,2025-04-17,104,Ana Lopez,Mendoza,Cable HDMI,Cables,$ 15.75,1.0,Efectivo
4260,03/10/2025,106,Lucia Fernandez,TUCUMAN,Cable HDMI,Cables,$ 15.75,4.0,Tarjeta Credito
4261,2025-04-10,106,Lucia Fernandez,TUCUMAN,Monitor 24',Electronica,$ 350.0,1.0,Tarjeta Credito
4262,2025-10-27,105,PEDRO GOMEZ,CORDOBA,Mouse Optico,Accesorios,$ 25.0,5.0,Transferencia
4263,2025-06-07,105,PEDRO GOMEZ,CORDOBA,Teclado Mecanico,Accesorios,$ 80.0,3.0,Tarjeta Credito
4264,2025-08-07,102,  marta Sanchez  ,ROSARIO,Silla Gamer,Muebles,,5.0,Efectivo
4265,2025-09-15,105,PEDRO GOMEZ,CORDOBA,Laptop Pro,Electronica,$ 1200.5,3.0,Tarjeta Credito
4266,2025-04-19,102,  marta Sanchez  ,ROSARIO,Monitor 24',Electronica,$ 350.0,1.0,Efectivo
4267,2025-09-12,106,Lucia Fernandez,TUCUMAN,Cable HDMI,Cables,$ 15.75,2.0,Debito
4268,2025-12-20,101,JUAN PEREZ,CORDOBA,Mouse Optico,Accesorios,$ 25.0,4.0,Transferencia
4269,2025-05-04,102,  marta Sanchez  ,ROSARIO,Monitor 24',Electronica,$ 350.0,1.0,Efectivo
4270,09/08/2025,105,PEDRO GOMEZ,CORDOBA,Monitor 24',Electronica,$ 350.0,3.0,Debito
4271,2025-02-14,106,Lucia Fernandez,TUCUMAN,Mouse Optico,Accesorios,$ 25.0,4.0,Transferencia
4272,2025-10-18,105,PEDRO GOMEZ,CORDOBA,Teclado Mecanico,Accesorios,$ 80.0,1.0,Tarjeta Credito
4273,2025-05-07,104,Ana Lopez,Mendoza,Monitor 24',Electronica,$ 350.0,1.0,Transferencia
4274,2025-08-30,105,PEDRO GOMEZ,CORDOBA,Mouse Optico,Accesorios,$ 25.0,2.0,Debito
4275,2025-07-29,106,Lucia Fernandez,TUCUMAN,Teclado Mecanico,Accesorios,,3.0,Transferencia
4276,2025-07-13,105,PEDRO GOMEZ,CORDOBA,Laptop Pro,Electronica,$ 1200.5,4.0,Tarjeta Credito
4277,2025-11-16,101,JUAN PEREZ,CORDOBA,Laptop Pro,Electronica,$ 1200.5,3.0,Transferencia
4278,2025-11-22,103,Luis Garcia.,CABA,Cable HDMI,Cables,$ 15.75,3.0,Tarjeta Credito
4279,2025-01-20,103,Luis Garcia.,CABA,Laptop Pro,Electronica,$ 1200.5,1.0,Transferencia
4280,05/01/2025,104,Ana Lopez,Mendoza,Mouse Optico,Accesorios,$ 25.0,2.0,Debito
4281,2025-02-22,102,  marta Sanchez  ,ROSARIO,Cable HDMI,Cables,$ 15.75,3.0,Debito
4282,2025-10-24,101,JUAN PEREZ,CORDOBA,Cable HDMI,Cables,$ 15.75,2.0,Tarjeta Credito
4283,2025-10-22,105,PEDRO GOMEZ,CORDOBA,Teclado Mecanico,Accesorios,$ 80.0,4.0,Efectivo
4284,2025-11-07,106,Lucia Fernandez,TUCUMAN,Silla Gamer,Muebles,$ 250.0,1.0,Transferencia
4285,2025-10-02,102,  marta Sanchez  ,ROSARIO,Cable HDMI,Cables,$ 15.75,5.0,Debito
4286,2025-06-29,103,Luis Garcia.,CABA,Monitor 24',Electronica,$ 350.0,3.0,Debito
4287,2025-03-05,102,  marta Sanchez  ,ROSARIO,Teclado Mecanico,Accesorios,$ 80.0,1.0,Debito
4288,2025-03-03,105,PEDRO GOMEZ,CORDOBA,Cable HDMI,Cables,$ 15.75,3.0,Tarjeta Credito
4289,2025-04-17,102,  marta Sanchez  ,ROSARIO,Monitor 24',Electronica,$ 350.0,1.0,Debito
4290,29/08/2025,102,  marta Sanchez  ,ROSARIO,Cable HDMI,Cables,$ 15.75,5.0,Transferencia
4291,2025-04-20,106,Lucia Fernandez,TUCUMAN,Mouse Optico,Accesorios,$ 25.0,4.0,Tarjeta Credito
4292,2025-04-30,103,Luis Garcia.,CABA,Laptop Pro,Electronica,$ 1200.5,5.0,Tarjeta Credito
4293,2025-09-20,103,Luis Garcia.,CABA,Mouse Optico,Accesorios,$ 25.0,1.0,Transferencia
4294,2025-07-22,105,PEDRO GOMEZ,CORDOBA,Mouse Optico,Accesorios,$ 25.0,2.0,Tarjeta Credito
4295,2025-12-02,103,Luis Garcia.,CABA,Laptop Pro,Electronica,$ 1200.5,2.0,Tarjeta Credito
4296,2025-12-01,105,PEDRO GOMEZ,CORDOBA,Laptop Pro,Electronica,$ 1200.5,1.0,Efectivo
4297,2025-01-11,103,Luis Garcia.,CABA,Laptop Pro,Electronica,$ 1200.5,5.0,Efectivo
4298,2025-04-21,101,JUAN PEREZ,CORDOBA,Cable HDMI,Cables,$ 15.75,2.0,Tarjeta Credito
4299,2025-09-05,101,JUAN PEREZ,CORDOBA,Cable HDMI,Cables,$ 15.75,2.0,Transferencia
4300,27/08/2025,103,Luis Garcia.,CABA,Cable HDMI,Cables,,5.0,Debito
4301,2025-07-19,102,  marta Sanchez  ,ROSARIO,Silla Gamer,Muebles,$ 250.0,5.0,Debito
4302,2025-04-01,102,  marta Sanchez  ,ROSARIO,Mouse Optico,Accesorios,$ 25.0,3.0,Transferencia
4303,2025-01-08,102,  marta Sanchez  ,ROSARIO,Monitor 24',Electronica,$ 350.0,2.0,Transferencia
4304,2025-02-25,104,Ana Lopez,Mendoza,Laptop Pro,Electronica,$ 1200.5,1.0,Transferencia
4305,2025-09-27,103,Luis Garcia.,CABA,Teclado Mecanico,Accesorios,$ 80.0,2.0,Tarjeta Credito
4306,2025-03-18,104,Ana Lopez,Mendoza,Laptop Pro,Electronica,$ 1200.5,2.0,Tarjeta Credito
4307,2025-01-17,102,  marta Sanchez  ,ROSARIO,Laptop Pro,Electronica,$ 1200.5,2.0,Debito
4308,2025-03-11,104,Ana Lopez,Mendoza,Silla Gamer,Muebles,$ 250.0,4.0,Tarjeta Credito
4309,2025-08-27,101,JUAN PEREZ,CORDOBA,Monitor 24',Electronica,$ 350.0,1.0,Tarjeta Credito
4310,11/03/2025,104,Ana Lopez,Mendoza,Mouse Optico,Accesorios,$ 25.0,1.0,Tarjeta Credito
4311,2025-11-12,104,Ana Lopez,Mendoza,Mouse Optico,Accesorios,$ 25.0,1.0,Debito
4312,2025-02-17,102,  marta Sanchez  ,ROSARIO,Mouse Optico,Accesorios,$ 25.0,4.0,Tarjeta Credito
4313,2025-08-30,106,Lucia Fernandez,TUCUMAN,Cable HDMI,Cables,$ 15.75,4.0,Transferencia
4314,2025-01-13,102,  marta Sanchez  ,ROSARIO,Laptop Pro,Electronica,$ 1200.5,3.0,Debito
4315,2025-02-26,101,JUAN PEREZ,CORDOBA,Teclado Mecanico,Accesorios,$ 80.0,1.0,Debito
4316,2025-05-12,101,JUAN PEREZ,CORDOBA,Teclado Mecanico,Accesorios,$ 80.0,2.0,Transferencia
4317,2025-03-09,103,Luis Garcia.,CABA,Monitor 24',Electronica,$ 350.0,4.0,Tarjeta Credito
4318,2025-04-03,102,  marta Sanchez  ,ROSARIO,Monitor 24',Electronica,$ 350.0,1.0,Transferencia
4319,2025-01-09,106,Lucia Fernandez,TUCUMAN,Silla Gamer,Muebles,$ 250.0,4.0,Debito
4320,12/11/2025,102,  marta Sanchez  ,ROSARIO,Teclado Mecanico,Accesorios,,4.0,Efectivo
4321,2025-04-26,103,Luis Garcia.,CABA,Laptop Pro,Electronica,$ 1200.5,1.0,Debito
4322,2025-10-13,105,PEDRO GOMEZ,CORDOBA,Monitor 24',Electronica,,2.0,Efectivo
4323,2025-07-03,103,Luis Garcia.,CABA,Silla Gamer,Muebles,$ 250.0,4.0,Tarjeta Credito
4324,2025-02-24,102,  marta Sanchez  ,ROSARIO,Laptop Pro,Electronica,$ 1200.5,5.0,Tarjeta Credito
4325,2025-10-04,102,  marta Sanchez  ,ROSARIO,Teclado Mecanico,Accesorios,$ 80.0,3.0,Debito
4326,2025-10-12,103,Luis Garcia.,CABA,Teclado Mecanico,Accesorios,$ 80.0,5.0,Debito
4327,2025-08-26,102,  marta Sanchez  ,ROSARIO,Mouse Optico,Accesorios,$ 25.0,1.0,Efectivo
4328,2025-05-13,103,Luis Garcia.,CABA,Teclado Mecanico,Accesorios,,4.0,Tarjeta Credito
4329,2025-10-20,105,PEDRO GOMEZ,CORDOBA,Laptop Pro,Electronica,,5.0,Transferencia
4330,03/06/2025,101,JUAN PEREZ,CORDOBA,Teclado Mecanico,Accesorios,,5.0,Transferencia
4331,2025-11-17,104,Ana Lopez,Mendoza,Cable HDMI,Cables,$ 15.75,3.0,Transferencia
4332,2025-05-18,103,Luis Garcia.,CABA,Cable HDMI,Cables,$ 15.75,1.0,Transferencia
4333,2025-10-21,101,JUAN PEREZ,CORDOBA,Mouse Optico,Accesorios,$ 25.0,3.0,Debito
4334,2026-01-01,102,  marta Sanchez  ,ROSARIO,Mouse Optico,Accesorios,$ 25.0,2.0,Transferencia
4335,2025-09-09,106,Lucia Fernandez,TUCUMAN,Silla Gamer,Muebles,$ 250.0,1.0,Efectivo
4336,2025-04-17,103,Luis Garcia.,CABA,Laptop Pro,Electronica,$ 1200.5,,Tarjeta Credito
4337,2025-09-23,101,JUAN PEREZ,CORDOBA,Cable HDMI,Cables,$ 15.75,4.0,Debito
4338,2025-02-26,102,  marta Sanchez  ,ROSARIO,Cable HDMI,Cables,$ 15.75,,Tarjeta Credito
4339,2025-03-02,101,JUAN PEREZ,CORDOBA,Monitor 24',Electronica,$ 350.0,,Tarjeta Credito
4340,18/11/2025,104,Ana Lopez,Mendoza,Cable HDMI,Cables,$ 15.75,4.0,Transferencia
4341,2025-10-25,104,Ana Lopez,Mendoza,Silla Gamer,Muebles,$ 250.0,5.0,Debito
4342,2025-11-13,106,Lucia Fernandez,TUCUMAN,Silla Gamer,Muebles,,,Efectivo
4343,2025-02-12,103,Luis Garcia.,CABA,Cable HDMI,Cables,$ 15.75,5.0,Debito
4344,2025-07-18,104,Ana Lopez,Mendoza,Monitor 24',Electronica,$ 350.0,5.0,Efectivo
4345,2025-05-08,106,Lucia Fernandez,TUCUMAN,Mouse Optico,Accesorios,$ 25.0,2.0,Debito
4346,2025-09-25,101,JUAN PEREZ,CORDOBA,Laptop Pro,Electronica,$ 1200.5,5.0,Efectivo
4347,2025-06-18,106,Lucia Fernandez,TUCUMAN,Monitor 24',Electronica,$ 350.0,3.0,Transferencia
4348,2025-11-22,101,JUAN PEREZ,CORDOBA,Mouse Optico,Accesorios,$ 25.0,1.0,Tarjeta Credito
4349,2025-06-15,103,Luis Garcia.,CABA,Mouse Optico,Accesorios,$ 25.0,4.0,Tarjeta Credito
4350,12/07/2025,104,Ana Lopez,Mendoza,Monitor 24',Electronica,$ 350.0,3.0,Efectivo
4351,2025-05-20,105,PEDRO GOMEZ,CORDOBA,Silla Gamer,Muebles,$ 250.0,2.0,Tarjeta Credito
4352,2025-10-09,101,JUAN PEREZ,CORDOBA,Laptop Pro,Electronica,$ 1200.5,1.0,Transferencia
4353,2025-02-16,106,Lucia Fernandez,TUCUMAN,Cable HDMI,Cables,$ 15.75,2.0,Transferencia
4354,2025-11-02,105,PEDRO GOMEZ,CORDOBA,Teclado Mecanico,Accesorios,$ 80.0,1.0,Transferencia
4355,2025-01-18,104,Ana Lopez,Mendoza,Mouse Optico,Accesorios,$ 25.0,1.0,Debito
4356,2025-06-16,103,Luis Garcia.,CABA,Silla Gamer,Muebles,$ 250.0,3.0,Transferencia
4357,2025-03-23,104,Ana Lopez,Mendoza,Monitor 24',Electronica,$ 350.0,4.0,Tarjeta Credito
4358,2025-02-14,101,JUAN PEREZ,CORDOBA,Monitor 24',Electronica,$ 350.0,5.0,Transferencia
4359,2025-06-19,105,PEDRO GOMEZ,CORDOBA,Silla Gamer,Muebles,$ 250.0,4.0,Tarjeta Credito
4360,20/11/2025,106,Lucia Fernandez,TUCUMAN,Mouse Optico,Accesorios,$ 25.0,1.0,Efectivo
4361,2025-02-28,106,Lucia Fernandez,TUCUMAN,Teclado Mecanico,Accesorios,$ 80.0,5.0,Transferencia
4362,2025-05-16,102,  marta Sanchez  ,ROSARIO,Laptop Pro,Electronica,$ 1200.5,1.0,Transferencia
4363,2025-09-25,105,PEDRO GOMEZ,CORDOBA,Mouse Optico,Accesorios,$ 25.0,1.0,Transferencia
4364,2025-10-18,102,  marta Sanchez  ,ROSARIO,Mouse Optico,Accesorios,$ 25.0,4.0,Tarjeta Credito
4365,2025-03-06,103,Luis Garcia.,CABA,Laptop Pro,Electronica,,5.0,Efectivo
4366,2025-08-08,101,JUAN PEREZ,CORDOBA,Teclado Mecanico,Accesorios,$ 80.0,3.0,Efectivo
4367,2025-01-24,104,Ana Lopez,Mendoza,Silla Gamer,Muebles,$ 250.0,2.0,Transferencia
4368,2025-04-23,104,Ana Lopez,Mendoza,Teclado Mecanico,Accesorios,$ 80.0,1.0,Tarjeta Credito
4369,2025-06-20,105,PEDRO GOMEZ,CORDOBA,Laptop Pro,Electronica,$ 1200.5,2.0,Efectivo
4370,13/05/2025,104,Ana Lopez,Mendoza,Mouse Optico,Accesorios,$ 25.0,4.0,Tarjeta Credito
4371,2025-10-01,104,Ana Lopez,Mendoza,Teclado Mecanico,Accesorios,$ 80.0,1.0,Transferencia
4372,2025-04-04,104,Ana Lopez,Mendoza,Silla Gamer,Muebles,$ 250.0,5.0,Debito
4373,2025-07-18,104,Ana Lopez,Mendoza,Silla Gamer,Muebles,$ 250.0,4.0,Transferencia
4374,2025-02-09,102,  marta Sanchez  ,ROSARIO,Monitor 24',Electronica,$ 350.0,4.0,Debito
4375,2025-09-19,105,PEDRO GOMEZ,CORDOBA,Teclado Mecanico,Accesorios,$ 80.0,5.0,Efectivo
4376,2025-02-11,104,Ana Lopez,Mendoza,Teclado Mecanico,Accesorios,$ 80.0,2.0,Efectivo
4377,2025-07-31,101,JUAN PEREZ,CORDOBA,Laptop Pro,Electronica,$ 1200.5,5.0,Efectivo
4378,2025-09-05,105,PEDRO GOMEZ,CORDOBA,Cable HDMI,Cables,$ 15.75,2.0,Transferencia
4379,2025-04-18,103,Luis Garcia.,CABA,Monitor 24',Electronica,$ 350.0,4.0,Debito
4380,26/02/2025,105,PEDRO GOMEZ,CORDOBA,Mouse Optico,Accesorios,$ 25.0,4.0,Efectivo
4381,2025-07-02,105,PEDRO GOMEZ,CORDOBA,Silla Gamer,Muebles,$ 250.0,2.0,Tarjeta Credito
4382,2025-12-20,104,Ana Lopez,Mendoza,Silla Gamer,Muebles,$ 250.0,1.0,Tarjeta Credito
4383,2025-12-30,101,JUAN PEREZ,CORDOBA,Silla Gamer,Muebles,$ 250.0,5.0,Tarjeta Credito
4384,2025-08-26,105,PEDRO GOMEZ,CORDOBA,Mouse Optico,Accesorios,$ 25.0,4.0,Transferencia
4385,2025-06-22,103,Luis Garcia.,CABA,Mouse Optico,Accesorios,$ 25.0,5.0,Transferencia
4386,2025-09-28,106,Lucia Fernandez,TUCUMAN,Laptop Pro,Electronica,$ 1200.5,4.0,Tarjeta Credito
4387,2025-05-13,104,Ana Lopez,Mendoza,Teclado Mecanico,Accesorios,$ 80.0,,Tarjeta Credito
4388,2025-04-04,101,JUAN PEREZ,CORDOBA,Laptop Pro,Electronica,$ 1200.5,3.0,Efectivo
4389,2025-05-23,102,  marta Sanchez  ,ROSARIO,Silla Gamer,Muebles,$ 250.0,2.0,Tarjeta Credito
4390,25/07/2025,101,JUAN PEREZ,CORDOBA,Silla Gamer,Muebles,$ 250.0,5.0,Debito
4391,2025-09-12,101,JUAN PEREZ,CORDOBA,Mouse Optico,Accesorios,$ 25.0,5.0,Debito
4392,2025-04-14,101,JUAN PEREZ,CORDOBA,Laptop Pro,Electronica,$ 1200.5,2.0,Tarjeta Credito
4393,2025-10-09,105,PEDRO GOMEZ,CORDOBA,Teclado Mecanico,Accesorios,$ 80.0,1.0,Tarjeta Credito
4394,2025-01-17,101,JUAN PEREZ,CORDOBA,Monitor 24',Electronica,$ 350.0,4.0,Tarjeta Credito
4395,2025-12-20,102,  marta Sanchez  ,ROSARIO,Laptop Pro,Electronica,$ 1200.5,4.0,Debito
4396,2025-02-23,101,JUAN PEREZ,CORDOBA,Silla Gamer,Muebles,$ 250.0,2.0,Efectivo
4397,2025-11-12,106,Lucia Fernandez,TUCUMAN,Silla Gamer,Muebles,$ 250.0,5.0,Efectivo
4398,2025-11-28,101,JUAN PEREZ,CORDOBA,Cable HDMI,Cables,$ 15.75,4.0,Efectivo
4399,2025-11-18,103,Luis Garcia.,CABA,Laptop Pro,Electronica,$ 1200.5,4.0,Efectivo
4400,29/09/2025,102,  marta Sanchez  ,ROSARIO,Monitor 24',Electronica,$ 350.0,4.0,Transferencia
4401,2025-12-13,105,PEDRO GOMEZ,CORDOBA,Cable HDMI,Cables,$ 15.75,1.0,Debito
4402,2025-11-03,102,  marta Sanchez  ,ROSARIO,Teclado Mecanico,Accesorios,$ 80.0,4.0,Tarjeta Credito
4403,2025-08-07,104,Ana Lopez,Mendoza,Laptop Pro,Electronica,,1.0,Debito
4404,2025-04-14,102,  marta Sanchez  ,ROSARIO,Mouse Optico,Accesorios,$ 25.0,5.0,Debito
4405,2025-09-09,103,Luis Garcia.,CABA,Teclado Mecanico,Accesorios,$ 80.0,4.0,Efectivo
4406,2025-08-18,102,  marta Sanchez  ,ROSARIO,Laptop Pro,Electronica,$ 1200.5,1.0,Tarjeta Credito
4407,2025-10-08,102,  marta Sanchez  ,ROSARIO,Monitor 24',Electronica,,5.0,Efectivo
4408,2025-09-14,103,Luis Garcia.,CABA,Teclado Mecanico,Accesorios,,3.0,Efectivo
4409,2025-04-20,102,  marta Sanchez  ,ROSARIO,Mouse Optico,Accesorios,$ 25.0,2.0,Tarjeta Credito
4410,20/01/2025,104,Ana Lopez,Mendoza,Cable HDMI,Cables,$ 15.75,4.0,Efectivo
4411,2025-07-23,104,Ana Lopez,Mendoza,Monitor 24',Electronica,$ 350.0,,Debito
4412,2025-07-02,106,Lucia Fernandez,TUCUMAN,Silla Gamer,Muebles,$ 250.0,1.0,Transferencia
4413,2025-12-23,105,PEDRO GOMEZ,CORDOBA,Monitor 24',Electronica,$ 350.0,2.0,Tarjeta Credito
4414,2025-03-01,103,Luis Garcia.,CABA,Laptop Pro,Electronica,$ 1200.5,2.0,Debito
4415,2025-09-03,101,JUAN PEREZ,CORDOBA,Laptop Pro,Electronica,$ 1200.5,3.0,Tarjeta Credito
4416,2025-05-13,106,Lucia Fernandez,TUCUMAN,Cable HDMI,Cables,$ 15.75,2.0,Tarjeta Credito
4417,2025-04-24,105,PEDRO GOMEZ,CORDOBA,Cable HDMI,Cables,$ 15.75,3.0,Tarjeta Credito
4418,2025-01-06,102,  marta Sanchez  ,ROSARIO,Laptop Pro,Electronica,$ 1200.5,4.0,Tarjeta Credito
4419,2025-04-28,101,JUAN PEREZ,CORDOBA,Monitor 24',Electronica,,1.0,Debito
4420,06/07/2025,104,Ana Lopez,Mendoza,Silla Gamer,Muebles,$ 250.0,4.0,Efectivo
4421,2025-05-06,104,Ana Lopez,Mendoza,Silla Gamer,Muebles,$ 250.0,5.0,Efectivo
4422,2025-10-09,102,  marta Sanchez  ,ROSARIO,Monitor 24',Electronica,$ 350.0,,Tarjeta Credito
4423,2025-09-13,101,JUAN PEREZ,CORDOBA,Monitor 24',Electronica,$ 350.0,2.0,Debito
4424,2025-08-06,105,PEDRO GOMEZ,CORDOBA,Cable HDMI,Cables,$ 15.75,4.0,Transferencia
4425,2025-06-14,105,PEDRO GOMEZ,CORDOBA,Monitor 24',Electronica,$ 350.0,1.0,Transferencia
4426,2025-08-18,105,PEDRO GOMEZ,CORDOBA,Laptop Pro,Electronica,$ 1200.5,1.0,Transferencia
4427,2025-07-10,102,  marta Sanchez  ,ROSARIO,Cable HDMI,Cables,$ 15.75,1.0,Efectivo
4428,2025-03-21,103,Luis Garcia.,CABA,Monitor 24',Electronica,$ 350.0,1.0,Debito
4429,2025-07-16,102,  marta Sanchez  ,ROSARIO,Mouse Optico,Accesorios,,3.0,Debito
4430,24/05/2025,106,Lucia Fernandez,TUCUMAN,Monitor 24',Electronica,$ 350.0,2.0,Tarjeta Credito
4431,2025-08-15,103,Luis Garcia.,CABA,Laptop Pro,Electronica,$ 1200.5,1.0,Debito
4432,2025-07-16,101,JUAN PEREZ,CORDOBA,Monitor 24',Electronica,$ 350.0,4.0,Transferencia
4433,2025-02-01,104,Ana Lopez,Mendoza,Silla Gamer,Muebles,$ 250.0,3.0,Transferencia
4434,2025-04-06,105,PEDRO GOMEZ,CORDOBA,Laptop Pro,Electronica,$ 1200.5,1.0,Efectivo
4435,2025-12-28,105,PEDRO GOMEZ,CORDOBA,Monitor 24',Electronica,$ 350.0,1.0,Transferencia
4436,2025-06-20,105,PEDRO GOMEZ,CORDOBA,Mouse Optico,Accesorios,$ 25.0,5.0,Debito
4437,2025-04-06,102,  marta Sanchez  ,ROSARIO,Teclado Mecanico,Accesorios,$ 80.0,1.0,Debito
4438,2025-05-09,104,Ana Lopez,Mendoza,Teclado Mecanico,Accesorios,$ 80.0,4.0,Transferencia
4439,2025-02-04,102,  marta Sanchez  ,ROSARIO,Teclado Mecanico,Accesorios,$ 80.0,3.0,Transferencia
4440,25/07/2025,106,Lucia Fernandez,TUCUMAN,Cable HDMI,Cables,$ 15.75,3.0,Transferencia
4441,2025-08-09,102,  marta Sanchez  ,ROSARIO,Cable HDMI,Cables,$ 15.75,5.0,Tarjeta Credito
4442,2025-12-22,104,Ana Lopez,Mendoza,Silla Gamer,Muebles,,5.0,Debito
4443,2025-04-30,105,PEDRO GOMEZ,CORDOBA,Silla Gamer,Muebles,$ 250.0,3.0,Transferencia
4444,2025-06-27,103,Luis Garcia.,CABA,Laptop Pro,Electronica,$ 1200.5,5.0,Transferencia
4445,2025-10-23,104,Ana Lopez,Mendoza,Mouse Optico,Accesorios,$ 25.0,3.0,Debito
4446,2025-01-05,104,Ana Lopez,Mendoza,Monitor 24',Electronica,$ 350.0,3.0,Debito
4447,2025-08-31,104,Ana Lopez,Mendoza,Laptop Pro,Electronica,$ 1200.5,4.0,Efectivo
4448,2025-03-23,103,Luis Garcia.,CABA,Monitor 24',Electronica,$ 350.0,1.0,Transferencia
4449,2025-03-17,105,PEDRO GOMEZ,CORDOBA,Monitor 24',Electronica,$ 350.0,4.0,Transferencia
4450,16/04/2025,104,Ana Lopez,Mendoza,Silla Gamer,Muebles,$ 250.0,2.0,Transferencia
4451,2025-02-24,104,Ana Lopez,Mendoza,Laptop Pro,Electronica,$ 1200.5,3.0,Debito
4452,2025-03-03,104,Ana Lopez,Mendoza,Cable HDMI,Cables,$ 15.75,2.0,Tarjeta Credito
4453,2025-11-12,103,Luis Garcia.,CABA,Mouse Optico,Accesorios,$ 25.0,3.0,Efectivo
4454,2025-10-23,105,PEDRO GOMEZ,CORDOBA,Teclado Mecanico,Accesorios,$ 80.0,2.0,Tarjeta Credito
4455,2025-01-05,104,Ana Lopez,Mendoza,Cable HDMI,Cables,$ 15.75,2.0,Transferencia
4456,2025-07-31,101,JUAN PEREZ,CORDOBA,Mouse Optico,Accesorios,$ 25.0,5.0,Tarjeta Credito
4457,2025-04-05,101,JUAN PEREZ,CORDOBA,Monitor 24',Electronica,$ 350.0,1.0,Tarjeta Credito
4458,2025-01-13,104,Ana Lopez,Mendoza,Cable HDMI,Cables,$ 15.75,1.0,Transferencia
4459,2025-04-10,101,JUAN PEREZ,CORDOBA,Teclado Mecanico,Accesorios,$ 80.0,3.0,Tarjeta Credito
4460,26/10/2025,101,JUAN PEREZ,CORDOBA,Monitor 24',Electronica,$ 350.0,4.0,Transferencia
4461,2025-07-12,103,Luis Garcia.,CABA,Monitor 24',Electronica,$ 350.0,4.0,Transferencia
4462,2025-08-16,105,PEDRO GOMEZ,CORDOBA,Monitor 24',Electronica,$ 350.0,5.0,Tarjeta Credito
4463,2025-10-16,105,PEDRO GOMEZ,CORDOBA,Mouse Optico,Accesorios,,3.0,Efectivo
4464,2025-06-29,101,JUAN PEREZ,CORDOBA,Mouse Optico,Accesorios,$ 25.0,5.0,Efectivo
4465,2025-11-06,101,JUAN PEREZ,CORDOBA,Silla Gamer,Muebles,$ 250.0,2.0,Debito
4466,2025-09-10,106,Lucia Fernandez,TUCUMAN,Mouse Optico,Accesorios,$ 25.0,2.0,Tarjeta Credito
4467,2025-06-28,104,Ana Lopez,Mendoza,Mouse Optico,Accesorios,$ 25.0,5.0,Debito
4468,2025-08-09,101,JUAN PEREZ,CORDOBA,Mouse Optico,Accesorios,$ 25.0,3.0,Transferencia
4469,2025-10-11,104,Ana Lopez,Mendoza,Mouse Optico,Accesorios,$ 25.0,2.0,Debito
4470,17/11/2025,103,Luis Garcia.,CABA,Cable HDMI,Cables,$ 15.75,1.0,Debito
4471,2025-08-03,103,Luis Garcia.,CABA,Laptop Pro,Electronica,$ 1200.5,4.0,Tarjeta Credito
4472,2025-10-07,102,  marta Sanchez  ,ROSARIO,Laptop Pro,Electronica,,1.0,Transferencia
4473,2025-03-26,105,PEDRO GOMEZ,CORDOBA,Laptop Pro,Electronica,$ 1200.5,3.0,Efectivo
4474,2025-01-17,102,  marta Sanchez  ,ROSARIO,Cable HDMI,Cables,$ 15.75,1.0,Transferencia
4475,2025-06-28,102,  marta Sanchez  ,ROSARIO,Mouse Optico,Accesorios,$ 25.0,2.0,Tarjeta Credito
4476,2025-07-03,102,  marta Sanchez  ,ROSARIO,Mouse Optico,Accesorios,$ 25.0,3.0,Efectivo
4477,2025-02-28,103,Luis Garcia.,CABA,Laptop Pro,Electronica,$ 1200.5,3.0,Efectivo
4478,2025-12-16,103,Luis Garcia.,CABA,Silla Gamer,Muebles,$ 250.0,4.0,Efectivo
4479,2025-11-16,106,Lucia Fernandez,TUCUMAN,Mouse Optico,Accesorios,$ 25.0,2.0,Transferencia
4480,21/07/2025,103,Luis Garcia.,CABA,Mouse Optico,Accesorios,$ 25.0,2.0,Tarjeta Credito
4481,2025-06-27,105,PEDRO GOMEZ,CORDOBA,Laptop Pro,Electronica,$ 1200.5,2.0,Tarjeta Credito
4482,2025-05-19,102,  marta Sanchez  ,ROSARIO,Monitor 24',Electronica,$ 350.0,1.0,Debito
4483,2025-07-21,103,Luis Garcia.,CABA,Cable HDMI,Cables,$ 15.75,5.0,Transferencia
4484,2025-03-15,101,JUAN PEREZ,CORDOBA,Laptop Pro,Electronica,$ 1200.5,2.0,Tarjeta Credito
4485,2025-06-08,104,Ana Lopez,Mendoza,Teclado Mecanico,Accesorios,$ 80.0,1.0,Tarjeta Credito
4486,2025-11-01,104,Ana Lopez,Mendoza,Mouse Optico,Accesorios,$ 25.0,1.0,Transferencia
4487,2025-11-15,104,Ana Lopez,Mendoza,Monitor 24',Electronica,$ 350.0,2.0,Transferencia
4488,2025-02-08,104,Ana Lopez,Mendoza,Teclado Mecanico,Accesorios,$ 80.0,3.0,Transferencia
4489,2025-03-07,106,Lucia Fernandez,TUCUMAN,Teclado Mecanico,Accesorios,$ 80.0,3.0,Debito
4490,08/12/2025,103,Luis Garcia.,CABA,Mouse Optico,Accesorios,$ 25.0,4.0,Efectivo
4491,2025-03-14,104,Ana Lopez,Mendoza,Laptop Pro,Electronica,$ 1200.5,4.0,Tarjeta Credito
4492,2025-01-14,104,Ana Lopez,Mendoza,Mouse Optico,Accesorios,,5.0,Efectivo
4493,2025-05-19,103,Luis Garcia.,CABA,Mouse Optico,Accesorios,$ 25.0,1.0,Tarjeta Credito
4494,2025-04-28,103,Luis Garcia.,CABA,Silla Gamer,Muebles,$ 250.0,3.0,Tarjeta Credito
4495,2025-03-13,103,Luis Garcia.,CABA,Mouse Optico,Accesorios,$ 25.0,3.0,Transferencia
4496,2025-09-22,106,Lucia Fernandez,TUCUMAN,Laptop Pro,Electronica,$ 1200.5,5.0,Debito
4497,2025-05-14,106,Lucia Fernandez,TUCUMAN,Mouse Optico,Accesorios,$ 25.0,3.0,Efectivo
4498,2025-02-17,102,  marta Sanchez  ,ROSARIO,Mouse Optico,Accesorios,$ 25.0,3.0,Efectivo
4499,2025-02-26,106,Lucia Fernandez,TUCUMAN,Cable HDMI,Cables,$ 15.75,1.0,Efectivo
4500,10/09/2025,105,PEDRO GOMEZ,CORDOBA,Teclado Mecanico,Accesorios,,4.0,Transferencia
4501,2025-03-29,102,  marta Sanchez  ,ROSARIO,Mouse Optico,Accesorios,$ 25.0,4.0,Efectivo
4502,2025-11-13,101,JUAN PEREZ,CORDOBA,Monitor 24',Electronica,$ 350.0,4.0,Efectivo
4503,2025-01-30,104,Ana Lopez,Mendoza,Monitor 24',Electronica,$ 350.0,5.0,Efectivo
4504,2025-09-29,106,Lucia Fernandez,TUCUMAN,Cable HDMI,Cables,$ 15.75,2.0,Efectivo
4505,2025-12-30,106,Lucia Fernandez,TUCUMAN,Teclado Mecanico,Accesorios,$ 80.0,2.0,Tarjeta Credito
4506,2025-05-17,106,Lucia Fernandez,TUCUMAN,Cable HDMI,Cables,$ 15.75,5.0,Transferencia
4507,2025-04-21,103,Luis Garcia.,CABA,Monitor 24',Electronica,$ 350.0,3.0,Efectivo
4508,2025-07-20,101,JUAN PEREZ,CORDOBA,Cable HDMI,Cables,$ 15.75,2.0,Efectivo
4509,2025-10-01,101,JUAN PEREZ,CORDOBA,Laptop Pro,Electronica,$ 1200.5,4.0,Transferencia
4510,30/03/2025,103,Luis Garcia.,CABA,Teclado Mecanico,Accesorios,$ 80.0,3.0,Transferencia
4511,2025-02-16,106,Lucia Fernandez,TUCUMAN,Laptop Pro,Electronica,$ 1200.5,2.0,Transferencia
4512,2025-05-28,103,Luis Garcia.,CABA,Laptop Pro,Electronica,$ 1200.5,1.0,Tarjeta Credito
4513,2025-12-02,105,PEDRO GOMEZ,CORDOBA,Silla Gamer,Muebles,$ 250.0,4.0,Tarjeta Credito
4514,2025-07-24,102,  marta Sanchez  ,ROSARIO,Teclado Mecanico,Accesorios,,3.0,Tarjeta Credito
4515,2025-08-09,105,PEDRO GOMEZ,CORDOBA,Monitor 24',Electronica,$ 350.0,3.0,Tarjeta Credito
4516,2025-04-29,101,JUAN PEREZ,CORDOBA,Silla Gamer,Muebles,$ 250.0,1.0,Transferencia
4517,2025-04-13,102,  marta Sanchez  ,ROSARIO,Monitor 24',Electronica,$ 350.0,2.0,Efectivo
4518,2025-02-14,104,Ana Lopez,Mendoza,Laptop Pro,Electronica,$ 1200.5,1.0,Tarjeta Credito
4519,2025-09-28,104,Ana Lopez,Mendoza,Laptop Pro,Electronica,$ 1200.5,1.0,Efectivo
4520,24/07/2025,104,Ana Lopez,Mendoza,Monitor 24',Electronica,$ 350.0,4.0,Tarjeta Credito
4521,2025-03-08,104,Ana Lopez,Mendoza,Teclado Mecanico,Accesorios,$ 80.0,5.0,Efectivo
4522,2025-10-21,101,JUAN PEREZ,CORDOBA,Laptop Pro,Electronica,$ 1200.5,2.0,Efectivo
4523,2025-08-16,104,Ana Lopez,Mendoza,Laptop Pro,Electronica,$ 1200.5,2.0,Tarjeta Credito
4524,2025-07-30,102,  marta Sanchez  ,ROSARIO,Mouse Optico,Accesorios,$ 25.0,5.0,Efectivo
4525,2025-02-17,103,Luis Garcia.,CABA,Silla Gamer,Muebles,$ 250.0,2.0,Tarjeta Credito
4526,2025-05-22,104,Ana Lopez,Mendoza,Monitor 24',Electronica,$ 350.0,2.0,Debito
4527,2025-08-29,102,  marta Sanchez  ,ROSARIO,Teclado Mecanico,Accesorios,$ 80.0,3.0,Debito
4528,2025-08-05,104,Ana Lopez,Mendoza,Laptop Pro,Electronica,$ 1200.5,3.0,Efectivo
4529,2025-01-24,102,  marta Sanchez  ,ROSARIO,Cable HDMI,Cables,$ 15.75,1.0,Debito
4530,21/02/2025,103,Luis Garcia.,CABA,Monitor 24',Electronica,$ 350.0,1.0,Debito
4531,2025-10-17,105,PEDRO GOMEZ,CORDOBA,Cable HDMI,Cables,$ 15.75,2.0,Tarjeta Credito
4532,2025-10-14,102,  marta Sanchez  ,ROSARIO,Monitor 24',Electronica,$ 350.0,3.0,Tarjeta Credito
4533,2025-04-23,104,Ana Lopez,Mendoza,Mouse Optico,Accesorios,$ 25.0,3.0,Transferencia
4534,2025-10-21,105,PEDRO GOMEZ,CORDOBA,Teclado Mecanico,Accesorios,$ 80.0,1.0,Transferencia
4535,2025-10-02,103,Luis Garcia.,CABA,Monitor 24',Electronica,$ 350.0,2.0,Debito
4536,2025-01-22,105,PEDRO GOMEZ,CORDOBA,Cable HDMI,Cables,$ 15.75,2.0,Debito
4537,2025-05-17,106,Lucia Fernandez,TUCUMAN,Silla Gamer,Muebles,$ 250.0,,Tarjeta Credito
4538,2025-04-27,105,PEDRO GOMEZ,CORDOBA,Monitor 24',Electronica,$ 350.0,3.0,Debito
4539,2025-03-31,106,Lucia Fernandez,TUCUMAN,Monitor 24',Electronica,$ 350.0,2.0,Efectivo
4540,09/01/2025,105,PEDRO GOMEZ,CORDOBA,Cable HDMI,Cables,$ 15.75,2.0,Debito
4541,2025-05-15,105,PEDRO GOMEZ,CORDOBA,Laptop Pro,Electronica,$ 1200.5,4.0,Debito
4542,2025-05-31,106,Lucia Fernandez,TUCUMAN,Laptop Pro,Electronica,$ 1200.5,5.0,Efectivo
4543,2025-08-23,103,Luis Garcia.,CABA,Mouse Optico,Accesorios,$ 25.0,1.0,Debito
4544,2025-08-01,106,Lucia Fernandez,TUCUMAN,Monitor 24',Electronica,$ 350.0,4.0,Transferencia
4545,2025-04-30,106,Lucia Fernandez,TUCUMAN,Teclado Mecanico,Accesorios,$ 80.0,1.0,Efectivo
4546,2025-12-22,106,Lucia Fernandez,TUCUMAN,Monitor 24',Electronica,$ 350.0,5.0,Tarjeta Credito
4547,2025-08-20,101,JUAN PEREZ,CORDOBA,Mouse Optico,Accesorios,$ 25.0,5.0,Tarjeta Credito
4548,2025-06-07,101,JUAN PEREZ,CORDOBA,Cable HDMI,Cables,$ 15.75,5.0,Debito
4549,2025-05-01,101,JUAN PEREZ,CORDOBA,Monitor 24',Electronica,$ 350.0,4.0,Tarjeta Credito
4550,27/04/2025,103,Luis Garcia.,CABA,Laptop Pro,Electronica,$ 1200.5,4.0,Transferencia
4551,2025-07-22,102,  marta Sanchez  ,ROSARIO,Laptop Pro,Electronica,$ 1200.5,2.0,Tarjeta Credito
4552,2025-12-25,104,Ana Lopez,Mendoza,Teclado Mecanico,Accesorios,$ 80.0,5.0,Transferencia
4553,2025-04-04,102,  marta Sanchez  ,ROSARIO,Silla Gamer,Muebles,$ 250.0,4.0,Efectivo
4554,2025-01-09,101,JUAN PEREZ,CORDOBA,Cable HDMI,Cables,$ 15.75,5.0,Debito
4555,2025-09-15,103,Luis Garcia.,CABA,Mouse Optico,Accesorios,$ 25.0,1.0,Debito
4556,2025-10-21,104,Ana Lopez,Mendoza,Mouse Optico,Accesorios,$ 25.0,2.0,Debito
4557,2025-06-11,104,Ana Lopez,Mendoza,Laptop Pro,Electronica,$ 1200.5,1.0,Efectivo
4558,2025-03-13,105,PEDRO GOMEZ,CORDOBA,Mouse Optico,Accesorios,$ 25.0,1.0,Efectivo
4559,2025-08-05,106,Lucia Fernandez,TUCUMAN,Cable HDMI,Cables,$ 15.75,5.0,Debito
4560,15/08/2025,106,Lucia Fernandez,TUCUMAN,Silla Gamer,Muebles,,2.0,Tarjeta Credito
4561,2025-03-25,101,JUAN PEREZ,CORDOBA,Teclado Mecanico,Accesorios,$ 80.0,1.0,Debito
4562,2025-10-25,102,  marta Sanchez  ,ROSARIO,Cable HDMI,Cables,$ 15.75,5.0,Tarjeta Credito
4563,2025-10-02,106,Lucia Fernandez,TUCUMAN,Cable HDMI,Cables,$ 15.75,5.0,Transferencia
4564,2025-06-15,104,Ana Lopez,Mendoza,Silla Gamer,Muebles,$ 250.0,2.0,Debito
4565,2025-01-04,101,JUAN PEREZ,CORDOBA,Teclado Mecanico,Accesorios,$ 80.0,3.0,Efectivo
4566,2025-10-28,102,  marta Sanchez  ,ROSARIO,Teclado Mecanico,Accesorios,$ 80.0,5.0,Transferencia
4567,2025-05-02,101,JUAN PEREZ,CORDOBA,Silla Gamer,Muebles,$ 250.0,5.0,Tarjeta Credito
4568,2025-07-03,101,JUAN PEREZ,CORDOBA,Monitor 24',Electronica,$ 350.0,4.0,Debito
4569,2025-11-03,101,JUAN PEREZ,CORDOBA,Teclado Mecanico,Accesorios,$ 80.0,5.0,Debito
4570,08/07/2025,102,  marta Sanchez  ,ROSARIO,Laptop Pro,Electronica,$ 1200.5,2.0,Efectivo
4571,2025-09-20,102,  marta Sanchez  ,ROSARIO,Cable HDMI,Cables,$ 15.75,2.0,Tarjeta Credito
4572,2025-12-22,106,Lucia Fernandez,TUCUMAN,Mouse Optico,Accesorios,$ 25.0,4.0,Tarjeta Credito
4573,2025-09-15,104,Ana Lopez,Mendoza,Teclado Mecanico,Accesorios,$ 80.0,,Debito
4574,2025-12-06,106,Lucia Fernandez,TUCUMAN,Monitor 24',Electronica,$ 350.0,5.0,Tarjeta Credito
4575,2025-11-30,101,JUAN PEREZ,CORDOBA,Teclado Mecanico,Accesorios,$ 80.0,5.0,Transferencia
4576,2025-02-17,106,Lucia Fernandez,TUCUMAN,Cable HDMI,Cables,$ 15.75,4.0,Tarjeta Credito
4577,2025-01-28,101,JUAN PEREZ,CORDOBA,Teclado Mecanico,Accesorios,$ 80.0,4.0,Efectivo
4578,2025-01-25,101,JUAN PEREZ,CORDOBA,Teclado Mecanico,Accesorios,$ 80.0,5.0,Tarjeta Credito
4579,2025-02-03,105,PEDRO GOMEZ,CORDOBA,Silla Gamer,Muebles,$ 250.0,5.0,Transferencia
4580,09/10/2025,105,PEDRO GOMEZ,CORDOBA,Teclado Mecanico,Accesorios,$ 80.0,3.0,Efectivo
4581,2025-01-16,105,PEDRO GOMEZ,CORDOBA,Monitor 24',Electronica,$ 350.0,,Transferencia
4582,2025-12-04,105,PEDRO GOMEZ,CORDOBA,Cable HDMI,Cables,$ 15.75,5.0,Transferencia
4583,2025-08-28,106,Lucia Fernandez,TUCUMAN,Silla Gamer,Muebles,$ 250.0,4.0,Tarjeta Credito
4584,2025-12-17,104,Ana Lopez,Mendoza,Cable HDMI,Cables,$ 15.75,4.0,Tarjeta Credito
4585,2025-07-27,102,  marta Sanchez  ,ROSARIO,Teclado Mecanico,Accesorios,$ 80.0,,Tarjeta Credito
4586,2025-01-09,105,PEDRO GOMEZ,CORDOBA,Mouse Optico,Accesorios,$ 25.0,1.0,Transferencia
4587,2025-12-11,104,Ana Lopez,Mendoza,Mouse Optico,Accesorios,$ 25.0,3.0,Transferencia
4588,2025-07-15,103,Luis Garcia.,CABA,Cable HDMI,Cables,$ 15.75,3.0,Efectivo
4589,2025-09-06,105,PEDRO GOMEZ,CORDOBA,Silla Gamer,Muebles,$ 250.0,1.0,Efectivo
4590,15/03/2025,106,Lucia Fernandez,TUCUMAN,Silla Gamer,Muebles,$ 250.0,3.0,Transferencia
4591,2025-01-10,104,Ana Lopez,Mendoza,Cable HDMI,Cables,$ 15.75,2.0,Transferencia
4592,2025-05-08,104,Ana Lopez,Mendoza,Monitor 24',Electronica,,3.0,Debito
4593,2025-01-31,104,Ana Lopez,Mendoza,Silla Gamer,Muebles,$ 250.0,4.0,Tarjeta Credito
4594,2025-05-05,102,  marta Sanchez  ,ROSARIO,Monitor 24',Electronica,$ 350.0,3.0,Tarjeta Credito
4595,2025-04-24,103,Luis Garcia.,CABA,Monitor 24',Electronica,$ 350.0,5.0,Tarjeta Credito
4596,2025-08-14,106,Lucia Fernandez,TUCUMAN,Cable HDMI,Cables,$ 15.75,3.0,Tarjeta Credito
4597,2025-12-26,102,  marta Sanchez  ,ROSARIO,Teclado Mecanico,Accesorios,$ 80.0,5.0,Transferencia
4598,2025-10-19,101,JUAN PEREZ,CORDOBA,Monitor 24',Electronica,$ 350.0,5.0,Efectivo
4599,2025-07-24,103,Luis Garcia.,CABA,Silla Gamer,Muebles,$ 250.0,2.0,Transferencia
4600,15/07/2025,104,Ana Lopez,Mendoza,Laptop Pro,Electronica,$ 1200.5,5.0,Debito
4601,2025-02-07,103,Luis Garcia.,CABA,Cable HDMI,Cables,$ 15.75,5.0,Debito
4602,2025-03-11,106,Lucia Fernandez,TUCUMAN,Mouse Optico,Accesorios,$ 25.0,2.0,Debito
4603,2025-07-30,102,  marta Sanchez  ,ROSARIO,Mouse Optico,Accesorios,$ 25.0,4.0,Debito
4604,2025-08-21,104,Ana Lopez,Mendoza,Laptop Pro,Electronica,$ 1200.5,4.0,Transferencia
4605,2025-07-13,102,  marta Sanchez  ,ROSARIO,Monitor 24',Electronica,$ 350.0,5.0,Transferencia
4606,2025-11-05,105,PEDRO GOMEZ,CORDOBA,Silla Gamer,Muebles,$ 250.0,2.0,Transferencia
4607,2025-09-02,103,Luis Garcia.,CABA,Cable HDMI,Cables,$ 15.75,5.0,Debito
4608,2025-08-19,106,Lucia Fernandez,TUCUMAN,Teclado Mecanico,Accesorios,$ 80.0,4.0,Tarjeta Credito
4609,2025-05-07,103,Luis Garcia.,CABA,Laptop Pro,Electronica,$ 1200.5,5.0,Efectivo
4610,18/02/2025,105,PEDRO GOMEZ,CORDOBA,Mouse Optico,Accesorios,$ 25.0,2.0,Tarjeta Credito
4611,2025-07-26,102,  marta Sanchez  ,ROSARIO,Mouse Optico,Accesorios,,,Tarjeta Credito
4612,2025-01-26,103,Luis Garcia.,CABA,Monitor 24',Electronica,$ 350.0,4.0,Debito
4613,2025-02-04,102,  marta Sanchez  ,ROSARIO,Cable HDMI,Cables,$ 15.75,2.0,Tarjeta Credito
4614,2025-10-16,103,Luis Garcia.,CABA,Silla Gamer,Muebles,$ 250.0,1.0,Transferencia
4615,2025-09-11,105,PEDRO GOMEZ,CORDOBA,Cable HDMI,Cables,$ 15.75,5.0,Debito
4616,2025-10-30,102,  marta Sanchez  ,ROSARIO,Laptop Pro,Electronica,$ 1200.5,3.0,Debito
4617,2025-12-08,103,Luis Garcia.,CABA,Mouse Optico,Accesorios,$ 25.0,1.0,Efectivo
4618,2025-11-29,105,PEDRO GOMEZ,CORDOBA,Silla Gamer,Muebles,$ 250.0,2.0,Efectivo
4619,2025-10-19,102,  marta Sanchez  ,ROSARIO,Laptop Pro,Electronica,$ 1200.5,4.0,Tarjeta Credito
4620,14/10/2025,105,PEDRO GOMEZ,CORDOBA,Monitor 24',Electronica,$ 350.0,5.0,Tarjeta Credito
4621,2025-07-25,106,Lucia Fernandez,TUCUMAN,Monitor 24',Electronica,$ 350.0,1.0,Debito
4622,2025-05-06,106,Lucia Fernandez,TUCUMAN,Monitor 24',Electronica,$ 350.0,,Debito
4623,2025-09-27,104,Ana Lopez,Mendoza,Laptop Pro,Electronica,$ 1200.5,4.0,Transferencia
4624,2025-11-25,106,Lucia Fernandez,TUCUMAN,Silla Gamer,Muebles,$ 250.0,1.0,Efectivo
4625,2025-09-09,102,  marta Sanchez  ,ROSARIO,Monitor 24',Electronica,$ 350.0,3.0,Transferencia
4626,2025-04-10,101,JUAN PEREZ,CORDOBA,Silla Gamer,Muebles,$ 250.0,4.0,Tarjeta Credito
4627,2025-09-12,101,JUAN PEREZ,CORDOBA,Laptop Pro,Electronica,$ 1200.5,2.0,Tarjeta Credito
4628,2025-02-01,104,Ana Lopez,Mendoza,Monitor 24',Electronica,$ 350.0,5.0,Transferencia
4629,2025-12-22,101,JUAN PEREZ,CORDOBA,Mouse Optico,Accesorios,$ 25.0,5.0,Tarjeta Credito
4630,22/09/2025,105,PEDRO GOMEZ,CORDOBA,Mouse Optico,Accesorios,$ 25.0,1.0,Transferencia
4631,2025-04-05,103,Luis Garcia.,CABA,Silla Gamer,Muebles,$ 250.0,3.0,Efectivo
4632,2025-10-09,104,Ana Lopez,Mendoza,Monitor 24',Electronica,$ 350.0,4.0,Debito
4633,2025-10-01,101,JUAN PEREZ,CORDOBA,Teclado Mecanico,Accesorios,$ 80.0,2.0,Efectivo
4634,2025-12-21,101,JUAN PEREZ,CORDOBA,Laptop Pro,Electronica,$ 1200.5,1.0,Tarjeta Credito
4635,2025-01-18,104,Ana Lopez,Mendoza,Silla Gamer,Muebles,$ 250.0,3.0,Tarjeta Credito
4636,2025-05-03,104,Ana Lopez,Mendoza,Silla Gamer,Muebles,$ 250.0,5.0,Efectivo
4637,2025-06-30,101,JUAN PEREZ,CORDOBA,Monitor 24',Electronica,$ 350.0,1.0,Tarjeta Credito
4638,2025-09-18,105,PEDRO GOMEZ,CORDOBA,Monitor 24',Electronica,,1.0,Tarjeta Credito
4639,2025-05-14,103,Luis Garcia.,CABA,Teclado Mecanico,Accesorios,$ 80.0,4.0,Efectivo
4640,08/12/2025,102,  marta Sanchez  ,ROSARIO,Cable HDMI,Cables,$ 15.75,4.0,Debito
4641,2025-05-26,101,JUAN PEREZ,CORDOBA,Laptop Pro,Electronica,,1.0,Efectivo
4642,2025-03-02,103,Luis Garcia.,CABA,Monitor 24',Electronica,$ 350.0,2.0,Transferencia
4643,2025-10-04,102,  marta Sanchez  ,ROSARIO,Laptop Pro,Electronica,,4.0,Debito
4644,2025-01-21,102,  marta Sanchez  ,ROSARIO,Silla Gamer,Muebles,$ 250.0,5.0,Debito
4645,2025-11-18,106,Lucia Fernandez,TUCUMAN,Monitor 24',Electronica,$ 350.0,4.0,Tarjeta Credito
4646,2025-06-14,102,  marta Sanchez  ,ROSARIO,Teclado Mecanico,Accesorios,$ 80.0,1.0,Debito
4647,2025-08-12,103,Luis Garcia.,CABA,Silla Gamer,Muebles,$ 250.0,2.0,Transferencia
4648,2025-08-02,103,Luis Garcia.,CABA,Silla Gamer,Muebles,$ 250.0,2.0,Debito
4649,2025-01-11,103,Luis Garcia.,CABA,Monitor 24',Electronica,$ 350.0,1.0,Debito
4650,16/09/2025,104,Ana Lopez,Mendoza,Laptop Pro,Electronica,$ 1200.5,4.0,Tarjeta Credito
4651,2025-01-22,105,PEDRO GOMEZ,CORDOBA,Mouse Optico,Accesorios,$ 25.0,5.0,Tarjeta Credito
4652,2025-12-21,105,PEDRO GOMEZ,CORDOBA,Silla Gamer,Muebles,$ 250.0,2.0,Tarjeta Credito
4653,2025-12-15,101,JUAN PEREZ,CORDOBA,Mouse Optico,Accesorios,$ 25.0,4.0,Debito
4654,2025-06-21,101,JUAN PEREZ,CORDOBA,Laptop Pro,Electronica,$ 1200.5,5.0,Tarjeta Credito
4655,2025-07-24,103,Luis Garcia.,CABA,Mouse Optico,Accesorios,$ 25.0,1.0,Debito
4656,2025-08-21,101,JUAN PEREZ,CORDOBA,Monitor 24',Electronica,$ 350.0,2.0,Transferencia
4657,2025-04-26,101,JUAN PEREZ,CORDOBA,Monitor 24',Electronica,$ 350.0,1.0,Debito
4658,2025-07-06,104,Ana Lopez,Mendoza,Monitor 24',Electronica,$ 350.0,1.0,Transferencia
4659,2025-02-10,106,Lucia Fernandez,TUCUMAN,Mouse Optico,Accesorios,$ 25.0,4.0,Tarjeta Credito
4660,23/06/2025,105,PEDRO GOMEZ,CORDOBA,Cable HDMI,Cables,$ 15.75,4.0,Debito
4661,2025-03-09,104,Ana Lopez,Mendoza,Teclado Mecanico,Accesorios,$ 80.0,3.0,Debito
4662,2025-04-29,101,JUAN PEREZ,CORDOBA,Monitor 24',Electronica,$ 350.0,4.0,Tarjeta Credito
4663,2025-06-04,106,Lucia Fernandez,TUCUMAN,Cable HDMI,Cables,,5.0,Debito
4664,2025-07-18,101,JUAN PEREZ,CORDOBA,Mouse Optico,Accesorios,$ 25.0,1.0,Debito
4665,2025-07-22,102,  marta Sanchez  ,ROSARIO,Laptop Pro,Electronica,$ 1200.5,1.0,Efectivo
4666,2025-09-29,101,JUAN PEREZ,CORDOBA,Mouse Optico,Accesorios,$ 25.0,4.0,Efectivo
4667,2025-10-07,101,JUAN PEREZ,CORDOBA,Cable HDMI,Cables,$ 15.75,,Transferencia
4668,2025-10-31,105,PEDRO GOMEZ,CORDOBA,Laptop Pro,Electronica,$ 1200.5,2.0,Tarjeta Credito
4669,2025-03-11,102,  marta Sanchez  ,ROSARIO,Monitor 24',Electronica,,2.0,Transferencia
4670,19/10/2025,104,Ana Lopez,Mendoza,Monitor 24',Electronica,$ 350.0,2.0,Tarjeta Credito
4671,2025-04-06,105,PEDRO GOMEZ,CORDOBA,Silla Gamer,Muebles,$ 250.0,5.0,Debito
4672,2025-08-26,101,JUAN PEREZ,CORDOBA,Mouse Optico,Accesorios,$ 25.0,4.0,Efectivo
4673,2025-05-12,106,Lucia Fernandez,TUCUMAN,Monitor 24',Electronica,$ 350.0,5.0,Transferencia
4674,2025-05-27,101,JUAN PEREZ,CORDOBA,Monitor 24',Electronica,$ 350.0,3.0,Efectivo
4675,2025-09-21,103,Luis Garcia.,CABA,Mouse Optico,Accesorios,$ 25.0,5.0,Tarjeta Credito
4676,2025-11-01,106,Lucia Fernandez,TUCUMAN,Cable HDMI,Cables,$ 15.75,5.0,Transferencia
4677,2025-06-19,103,Luis Garcia.,CABA,Monitor 24',Electronica,$ 350.0,2.0,Efectivo
4678,2025-09-10,102,  marta Sanchez  ,ROSARIO,Laptop Pro,Electronica,$ 1200.5,4.0,Debito
4679,2025-07-29,101,JUAN PEREZ,CORDOBA,Mouse Optico,Accesorios,$ 25.0,2.0,Efectivo
4680,16/01/2025,105,PEDRO GOMEZ,CORDOBA,Teclado Mecanico,Accesorios,$ 80.0,2.0,Debito
4681,2025-03-09,104,Ana Lopez,Mendoza,Laptop Pro,Electronica,$ 1200.5,1.0,Efectivo
4682,2025-01-14,105,PEDRO GOMEZ,CORDOBA,Monitor 24',Electronica,$ 350.0,1.0,Tarjeta Credito
4683,2025-12-14,104,Ana Lopez,Mendoza,Mouse Optico,Accesorios,$ 25.0,4.0,Debito
4684,2025-08-05,101,JUAN PEREZ,CORDOBA,Monitor 24',Electronica,$ 350.0,5.0,Tarjeta Credito
4685,2025-04-02,103,Luis Garcia.,CABA,Mouse Optico,Accesorios,$ 25.0,2.0,Efectivo
4686,2025-10-18,103,Luis Garcia.,CABA,Teclado Mecanico,Accesorios,$ 80.0,3.0,Efectivo
4687,2025-12-15,102,  marta Sanchez  ,ROSARIO,Laptop Pro,Electronica,$ 1200.5,4.0,Tarjeta Credito
4688,2025-08-24,103,Luis Garcia.,CABA,Silla Gamer,Muebles,$ 250.0,1.0,Debito
4689,2025-06-03,104,Ana Lopez,Mendoza,Silla Gamer,Muebles,$ 250.0,2.0,Debito
4690,05/03/2025,103,Luis Garcia.,CABA,Teclado Mecanico,Accesorios,$ 80.0,3.0,Debito
4691,2025-12-10,103,Luis Garcia.,CABA,Silla Gamer,Muebles,$ 250.0,1.0,Efectivo
4692,2025-01-26,106,Lucia Fernandez,TUCUMAN,Teclado Mecanico,Accesorios,$ 80.0,4.0,Debito
4693,2025-10-05,106,Lucia Fernandez,TUCUMAN,Laptop Pro,Electronica,$ 1200.5,1.0,Transferencia
4694,2025-11-05,102,  marta Sanchez  ,ROSARIO,Laptop Pro,Electronica,$ 1200.5,2.0,Transferencia
4695,2025-12-28,102,  marta Sanchez  ,ROSARIO,Silla Gamer,Muebles,$ 250.0,2.0,Transferencia
4696,2025-05-29,105,PEDRO GOMEZ,CORDOBA,Teclado Mecanico,Accesorios,$ 80.0,5.0,Transferencia
4697,2025-03-25,103,Luis Garcia.,CABA,Mouse Optico,Accesorios,$ 25.0,4.0,Debito
4698,2025-12-01,105,PEDRO GOMEZ,CORDOBA,Cable HDMI,Cables,$ 15.75,4.0,Transferencia
4699,2025-03-23,105,PEDRO GOMEZ,CORDOBA,Silla Gamer,Muebles,$ 250.0,3.0,Transferencia
4700,03/05/2025,101,JUAN PEREZ,CORDOBA,Mouse Optico,Accesorios,$ 25.0,1.0,Efectivo
4701,2025-02-03,106,Lucia Fernandez,TUCUMAN,Laptop Pro,Electronica,$ 1200.5,2.0,Efectivo
4702,2025-04-19,103,Luis Garcia.,CABA,Mouse Optico,Accesorios,$ 25.0,1.0,Transferencia
4703,2025-12-11,105,PEDRO GOMEZ,CORDOBA,Laptop Pro,Electronica,$ 1200.5,1.0,Efectivo
4704,2025-06-25,103,Luis Garcia.,CABA,Silla Gamer,Muebles,$ 250.0,4.0,Efectivo
4705,2025-12-20,104,Ana Lopez,Mendoza,Cable HDMI,Cables,$ 15.75,5.0,Transferencia
4706,2025-01-02,101,JUAN PEREZ,CORDOBA,Laptop Pro,Electronica,$ 1200.5,3.0,Transferencia
4707,2025-03-21,102,  marta Sanchez  ,ROSARIO,Silla Gamer,Muebles,$ 250.0,2.0,Transferencia
4708,2025-08-28,104,Ana Lopez,Mendoza,Teclado Mecanico,Accesorios,$ 80.0,1.0,Debito
4709,2025-12-25,106,Lucia Fernandez,TUCUMAN,Cable HDMI,Cables,$ 15.75,4.0,Efectivo
4710,15/01/2025,106,Lucia Fernandez,TUCUMAN,Teclado Mecanico,Accesorios,$ 80.0,2.0,Efectivo
4711,2025-07-13,101,JUAN PEREZ,CORDOBA,Mouse Optico,Accesorios,$ 25.0,3.0,Transferencia
4712,2025-06-05,105,PEDRO GOMEZ,CORDOBA,Cable HDMI,Cables,$ 15.75,1.0,Debito
4713,2025-01-28,106,Lucia Fernandez,TUCUMAN,Monitor 24',Electronica,$ 350.0,1.0,Debito
4714,2025-09-17,104,Ana Lopez,Mendoza,Monitor 24',Electronica,$ 350.0,2.0,Efectivo
4715,2025-08-09,105,PEDRO GOMEZ,CORDOBA,Laptop Pro,Electronica,$ 1200.5,,Tarjeta Credito
4716,2025-07-27,102,  marta Sanchez  ,ROSARIO,Silla Gamer,Muebles,$ 250.0,3.0,Debito
4717,2025-02-06,103,Luis Garcia.,CABA,Teclado Mecanico,Accesorios,$ 80.0,3.0,Debito
4718,2025-04-17,106,Lucia Fernandez,TUCUMAN,Cable HDMI,Cables,$ 15.75,5.0,Debito
4719,2025-10-05,106,Lucia Fernandez,TUCUMAN,Cable HDMI,Cables,$ 15.75,5.0,Tarjeta Credito
4720,28/12/2025,103,Luis Garcia.,CABA,Cable HDMI,Cables,$ 15.75,5.0,Efectivo
4721,2025-05-25,103,Luis Garcia.,CABA,Laptop Pro,Electronica,$ 1200.5,2.0,Transferencia
4722,2025-06-01,104,Ana Lopez,Mendoza,Teclado Mecanico,Accesorios,$ 80.0,2.0,Efectivo
4723,2025-03-08,104,Ana Lopez,Mendoza,Laptop Pro,Electronica,$ 1200.5,5.0,Tarjeta Credito
4724,2025-06-18,106,Lucia Fernandez,TUCUMAN,Laptop Pro,Electronica,$ 1200.5,3.0,Transferencia
4725,2025-01-03,103,Luis Garcia.,CABA,Laptop Pro,Electronica,$ 1200.5,4.0,Debito
4726,2025-03-25,106,Lucia Fernandez,TUCUMAN,Silla Gamer,Muebles,$ 250.0,5.0,Efectivo
4727,2025-03-30,104,Ana Lopez,Mendoza,Monitor 24',Electronica,$ 350.0,2.0,Efectivo
4728,2025-08-25,104,Ana Lopez,Mendoza,Silla Gamer,Muebles,$ 250.0,1.0,Transferencia
4729,2025-08-19,102,  marta Sanchez  ,ROSARIO,Mouse Optico,Accesorios,$ 25.0,4.0,Tarjeta Credito
4730,07/10/2025,103,Luis Garcia.,CABA,Silla Gamer,Muebles,$ 250.0,4.0,Tarjeta Credito
4731,2025-02-09,104,Ana Lopez,Mendoza,Silla Gamer,Muebles,$ 250.0,3.0,Efectivo
4732,2025-08-28,104,Ana Lopez,Mendoza,Monitor 24',Electronica,$ 350.0,5.0,Efectivo
4733,2025-12-14,104,Ana Lopez,Mendoza,Laptop Pro,Electronica,$ 1200.5,4.0,Efectivo
4734,2025-04-09,105,PEDRO GOMEZ,CORDOBA,Teclado Mecanico,Accesorios,$ 80.0,1.0,Debito
4735,2025-07-22,102,  marta Sanchez  ,ROSARIO,Mouse Optico,Accesorios,$ 25.0,5.0,Tarjeta Credito
4736,2025-08-02,105,PEDRO GOMEZ,CORDOBA,Mouse Optico,Accesorios,$ 25.0,1.0,Tarjeta Credito
4737,2025-07-02,104,Ana Lopez,Mendoza,Monitor 24',Electronica,$ 350.0,5.0,Debito
4738,2025-09-13,103,Luis Garcia.,CABA,Monitor 24',Electronica,$ 350.0,4.0,Efectivo
4739,2025-09-10,103,Luis Garcia.,CABA,Monitor 24',Electronica,$ 350.0,2.0,Efectivo
4740,21/05/2025,104,Ana Lopez,Mendoza,Teclado Mecanico,Accesorios,,5.0,Debito
4741,2025-08-01,103,Luis Garcia.,CABA,Cable HDMI,Cables,$ 15.75,3.0,Tarjeta Credito
4742,2025-08-01,103,Luis Garcia.,CABA,Laptop Pro,Electronica,$ 1200.5,1.0,Transferencia
4743,2025-06-04,102,  marta Sanchez  ,ROSARIO,Monitor 24',Electronica,$ 350.0,5.0,Debito
4744,2025-03-15,103,Luis Garcia.,CABA,Laptop Pro,Electronica,$ 1200.5,2.0,Debito
4745,2025-01-09,105,PEDRO GOMEZ,CORDOBA,Teclado Mecanico,Accesorios,$ 80.0,3.0,Debito
4746,2025-02-02,101,JUAN PEREZ,CORDOBA,Silla Gamer,Muebles,$ 250.0,4.0,Transferencia
4747,2025-06-02,101,JUAN PEREZ,CORDOBA,Cable HDMI,Cables,$ 15.75,2.0,Debito
4748,2025-01-24,101,JUAN PEREZ,CORDOBA,Mouse Optico,Accesorios,$ 25.0,1.0,Transferencia
4749,2025-05-23,101,JUAN PEREZ,CORDOBA,Cable HDMI,Cables,$ 15.75,5.0,Tarjeta Credito
4750,23/11/2025,105,PEDRO GOMEZ,CORDOBA,Teclado Mecanico,Accesorios,$ 80.0,5.0,Debito
4751,2025-03-11,105,PEDRO GOMEZ,CORDOBA,Teclado Mecanico,Accesorios,$ 80.0,2.0,Efectivo
4752,2025-07-05,101,JUAN PEREZ,CORDOBA,Mouse Optico,Accesorios,$ 25.0,1.0,Efectivo
4753,2025-08-26,103,Luis Garcia.,CABA,Laptop Pro,Electronica,$ 1200.5,4.0,Debito
4754,2025-01-08,103,Luis Garcia.,CABA,Cable HDMI,Cables,$ 15.75,2.0,Efectivo
4755,2025-06-22,106,Lucia Fernandez,TUCUMAN,Laptop Pro,Electronica,$ 1200.5,5.0,Tarjeta Credito
4756,2025-08-10,102,  marta Sanchez  ,ROSARIO,Silla Gamer,Muebles,,3.0,Efectivo
4757,2025-01-23,102,  marta Sanchez  ,ROSARIO,Silla Gamer,Muebles,$ 250.0,3.0,Transferencia
4758,2025-05-24,103,Luis Garcia.,CABA,Cable HDMI,Cables,$ 15.75,4.0,Transferencia
4759,2025-01-21,103,Luis Garcia.,CABA,Mouse Optico,Accesorios,$ 25.0,4.0,Debito
4760,30/09/2025,104,Ana Lopez,Mendoza,Monitor 24',Electronica,$ 350.0,3.0,Tarjeta Credito
4761,2025-02-04,106,Lucia Fernandez,TUCUMAN,Monitor 24',Electronica,$ 350.0,3.0,Transferencia
4762,2025-09-14,102,  marta Sanchez  ,ROSARIO,Laptop Pro,Electronica,$ 1200.5,5.0,Efectivo
4763,2025-07-22,106,Lucia Fernandez,TUCUMAN,Cable HDMI,Cables,$ 15.75,3.0,Tarjeta Credito
4764,2025-03-23,105,PEDRO GOMEZ,CORDOBA,Teclado Mecanico,Accesorios,$ 80.0,2.0,Debito
4765,2025-11-26,101,JUAN PEREZ,CORDOBA,Silla Gamer,Muebles,$ 250.0,5.0,Efectivo
4766,2025-08-04,102,  marta Sanchez  ,ROSARIO,Teclado Mecanico,Accesorios,$ 80.0,5.0,Transferencia
4767,2025-04-09,101,JUAN PEREZ,CORDOBA,Teclado Mecanico,Accesorios,$ 80.0,2.0,Transferencia
4768,2025-12-15,106,Lucia Fernandez,TUCUMAN,Silla Gamer,Muebles,$ 250.0,5.0,Tarjeta Credito
4769,2025-09-14,104,Ana Lopez,Mendoza,Cable HDMI,Cables,$ 15.75,4.0,Efectivo
4770,09/06/2025,103,Luis Garcia.,CABA,Cable HDMI,Cables,$ 15.75,1.0,Debito
4771,2025-03-10,102,  marta Sanchez  ,ROSARIO,Mouse Optico,Accesorios,$ 25.0,4.0,Tarjeta Credito
4772,2025-09-15,104,Ana Lopez,Mendoza,Cable HDMI,Cables,$ 15.75,2.0,Transferencia
4773,2025-12-14,102,  marta Sanchez  ,ROSARIO,Teclado Mecanico,Accesorios,$ 80.0,4.0,Efectivo
4774,2025-10-05,103,Luis Garcia.,CABA,Silla Gamer,Muebles,$ 250.0,5.0,Efectivo
4775,2025-10-25,104,Ana Lopez,Mendoza,Teclado Mecanico,Accesorios,$ 80.0,4.0,Debito
4776,2025-06-10,104,Ana Lopez,Mendoza,Monitor 24',Electronica,$ 350.0,5.0,Tarjeta Credito
4777,2025-04-18,104,Ana Lopez,Mendoza,Silla Gamer,Muebles,$ 250.0,5.0,Tarjeta Credito
4778,2025-11-05,103,Luis Garcia.,CABA,Teclado Mecanico,Accesorios,$ 80.0,3.0,Debito
4779,2025-10-09,102,  marta Sanchez  ,ROSARIO,Teclado Mecanico,Accesorios,$ 80.0,5.0,Debito
4780,26/09/2025,104,Ana Lopez,Mendoza,Mouse Optico,Accesorios,,1.0,Debito
4781,2025-03-19,104,Ana Lopez,Mendoza,Laptop Pro,Electronica,$ 1200.5,1.0,Transferencia
4782,2025-12-08,101,JUAN PEREZ,CORDOBA,Silla Gamer,Muebles,$ 250.0,3.0,Tarjeta Credito
4783,2025-02-21,105,PEDRO GOMEZ,CORDOBA,Cable HDMI,Cables,$ 15.75,5.0,Debito
4784,2025-09-19,106,Lucia Fernandez,TUCUMAN,Laptop Pro,Electronica,$ 1200.5,1.0,Debito
4785,2025-07-18,101,JUAN PEREZ,CORDOBA,Teclado Mecanico,Accesorios,$ 80.0,5.0,Tarjeta Credito
4786,2025-08-21,101,JUAN PEREZ,CORDOBA,Laptop Pro,Electronica,$ 1200.5,2.0,Transferencia
4787,2025-11-07,104,Ana Lopez,Mendoza,Cable HDMI,Cables,$ 15.75,5.0,Debito
4788,2025-11-08,106,Lucia Fernandez,TUCUMAN,Monitor 24',Electronica,$ 350.0,2.0,Efectivo
4789,2025-09-09,101,JUAN PEREZ,CORDOBA,Teclado Mecanico,Accesorios,$ 80.0,4.0,Transferencia
4790,01/07/2025,102,  marta Sanchez  ,ROSARIO,Monitor 24',Electronica,$ 350.0,,Debito
4791,2025-02-21,104,Ana Lopez,Mendoza,Mouse Optico,Accesorios,$ 25.0,2.0,Tarjeta Credito
4792,2025-06-24,103,Luis Garcia.,CABA,Monitor 24',Electronica,$ 350.0,3.0,Debito
4793,2025-07-03,106,Lucia Fernandez,TUCUMAN,Laptop Pro,Electronica,$ 1200.5,4.0,Transferencia
4794,2025-12-30,105,PEDRO GOMEZ,CORDOBA,Monitor 24',Electronica,$ 350.0,3.0,Efectivo
4795,2025-04-18,105,PEDRO GOMEZ,CORDOBA,Cable HDMI,Cables,$ 15.75,1.0,Efectivo
4796,2025-11-30,104,Ana Lopez,Mendoza,Laptop Pro,Electronica,$ 1200.5,2.0,Transferencia
4797,2025-01-26,106,Lucia Fernandez,TUCUMAN,Monitor 24',Electronica,$ 350.0,4.0,Tarjeta Credito
4798,2025-07-21,103,Luis Garcia.,CABA,Silla Gamer,Muebles,$ 250.0,5.0,Tarjeta Credito
4799,2025-10-26,106,Lucia Fernandez,TUCUMAN,Laptop Pro,Electronica,$ 1200.5,4.0,Debito
4800,14/03/2025,105,PEDRO GOMEZ,CORDOBA,Laptop Pro,Electronica,$ 1200.5,3.0,Efectivo
4801,2025-05-30,104,Ana Lopez,Mendoza,Cable HDMI,Cables,$ 15.75,5.0,Efectivo
4802,2025-08-05,101,JUAN PEREZ,CORDOBA,Mouse Optico,Accesorios,$ 25.0,3.0,Tarjeta Credito
4803,2025-04-22,101,JUAN PEREZ,CORDOBA,Teclado Mecanico,Accesorios,$ 80.0,4.0,Transferencia
4804,2025-12-05,104,Ana Lopez,Mendoza,Cable HDMI,Cables,$ 15.75,5.0,Debito
4805,2025-12-28,103,Luis Garcia.,CABA,Teclado Mecanico,Accesorios,$ 80.0,2.0,Debito
4806,2025-09-18,102,  marta Sanchez  ,ROSARIO,Laptop Pro,Electronica,$ 1200.5,2.0,Tarjeta Credito
4807,2025-02-15,102,  marta Sanchez  ,ROSARIO,Cable HDMI,Cables,$ 15.75,3.0,Transferencia
4808,2025-03-31,102,  marta Sanchez  ,ROSARIO,Mouse Optico,Accesorios,$ 25.0,3.0,Tarjeta Credito
4809,2025-11-17,105,PEDRO GOMEZ,CORDOBA,Monitor 24',Electronica,$ 350.0,5.0,Debito
4810,27/08/2025,104,Ana Lopez,Mendoza,Laptop Pro,Electronica,$ 1200.5,4.0,Debito
4811,2025-07-19,106,Lucia Fernandez,TUCUMAN,Monitor 24',Electronica,$ 350.0,5.0,Efectivo
4812,2025-11-29,105,PEDRO GOMEZ,CORDOBA,Monitor 24',Electronica,$ 350.0,3.0,Tarjeta Credito
4813,2025-08-15,104,Ana Lopez,Mendoza,Laptop Pro,Electronica,,,Transferencia
4814,2025-09-20,102,  marta Sanchez  ,ROSARIO,Laptop Pro,Electronica,$ 1200.5,5.0,Tarjeta Credito
4815,2025-02-20,106,Lucia Fernandez,TUCUMAN,Monitor 24',Electronica,$ 350.0,3.0,Debito
4816,2025-01-30,104,Ana Lopez,Mendoza,Silla Gamer,Muebles,$ 250.0,5.0,Transferencia
4817,2025-08-19,106,Lucia Fernandez,TUCUMAN,Teclado Mecanico,Accesorios,$ 80.0,2.0,Transferencia
4818,2025-05-28,105,PEDRO GOMEZ,CORDOBA,Teclado Mecanico,Accesorios,$ 80.0,2.0,Tarjeta Credito
4819,2025-11-21,102,  marta Sanchez  ,ROSARIO,Teclado Mecanico,Accesorios,$ 80.0,1.0,Debito
4820,01/03/2025,106,Lucia Fernandez,TUCUMAN,Mouse Optico,Accesorios,$ 25.0,4.0,Debito
4821,2025-11-04,104,Ana Lopez,Mendoza,Laptop Pro,Electronica,$ 1200.5,4.0,Debito
4822,2025-03-13,101,JUAN PEREZ,CORDOBA,Laptop Pro,Electronica,$ 1200.5,2.0,Efectivo
4823,2025-03-10,102,  marta Sanchez  ,ROSARIO,Laptop Pro,Electronica,$ 1200.5,2.0,Transferencia
4824,2025-10-29,103,Luis Garcia.,CABA,Cable HDMI,Cables,$ 15.75,2.0,Debito
4825,2025-04-24,104,Ana Lopez,Mendoza,Cable HDMI,Cables,$ 15.75,5.0,Tarjeta Credito
4826,2025-08-20,101,JUAN PEREZ,CORDOBA,Teclado Mecanico,Accesorios,$ 80.0,3.0,Efectivo
4827,2025-05-21,104,Ana Lopez,Mendoza,Laptop Pro,Electronica,$ 1200.5,2.0,Transferencia
4828,2025-08-23,103,Luis Garcia.,CABA,Laptop Pro,Electronica,$ 1200.5,3.0,Debito
4829,2025-07-12,103,Luis Garcia.,CABA,Mouse Optico,Accesorios,$ 25.0,4.0,Transferencia
4830,14/07/2025,104,Ana Lopez,Mendoza,Mouse Optico,Accesorios,$ 25.0,3.0,Debito
4831,2025-06-21,105,PEDRO GOMEZ,CORDOBA,Silla Gamer,Muebles,$ 250.0,2.0,Debito
4832,2025-07-12,106,Lucia Fernandez,TUCUMAN,Teclado Mecanico,Accesorios,$ 80.0,1.0,Efectivo
4833,2025-01-14,105,PEDRO GOMEZ,CORDOBA,Laptop Pro,Electronica,$ 1200.5,5.0,Efectivo
4834,2025-06-21,101,JUAN PEREZ,CORDOBA,Mouse Optico,Accesorios,$ 25.0,2.0,Efectivo
4835,2025-05-11,103,Luis Garcia.,CABA,Silla Gamer,Muebles,$ 250.0,2.0,Transferencia
4836,2025-04-28,105,PEDRO GOMEZ,CORDOBA,Cable HDMI,Cables,$ 15.75,2.0,Transferencia
4837,2025-07-04,101,JUAN PEREZ,CORDOBA,Monitor 24',Electronica,$ 350.0,1.0,Efectivo
4838,2025-05-30,106,Lucia Fernandez,TUCUMAN,Teclado Mecanico,Accesorios,$ 80.0,3.0,Tarjeta Credito
4839,2025-12-23,101,JUAN PEREZ,CORDOBA,Monitor 24',Electronica,$ 350.0,5.0,Debito
4840,20/04/2025,105,PEDRO GOMEZ,CORDOBA,Monitor 24',Electronica,$ 350.0,1.0,Efectivo
4841,2025-06-14,101,JUAN PEREZ,CORDOBA,Cable HDMI,Cables,$ 15.75,4.0,Debito
4842,2025-04-10,101,JUAN PEREZ,CORDOBA,Cable HDMI,Cables,$ 15.75,3.0,Tarjeta Credito
4843,2025-12-23,101,JUAN PEREZ,CORDOBA,Laptop Pro,Electronica,$ 1200.5,1.0,Efectivo
4844,2025-02-13,102,  marta Sanchez  ,ROSARIO,Cable HDMI,Cables,$ 15.75,3.0,Transferencia
4845,2025-10-01,104,Ana Lopez,Mendoza,Teclado Mecanico,Accesorios,$ 80.0,1.0,Debito
4846,2025-10-08,105,PEDRO GOMEZ,CORDOBA,Laptop Pro,Electronica,$ 1200.5,4.0,Efectivo
4847,2025-03-07,104,Ana Lopez,Mendoza,Monitor 24',Electronica,$ 350.0,1.0,Debito
4848,2025-11-30,106,Lucia Fernandez,TUCUMAN,Cable HDMI,Cables,$ 15.75,4.0,Transferencia
4849,2025-02-06,102,  marta Sanchez  ,ROSARIO,Silla Gamer,Muebles,$ 250.0,2.0,Tarjeta Credito
4850,28/01/2025,104,Ana Lopez,Mendoza,Laptop Pro,Electronica,$ 1200.5,5.0,Debito
4851,2025-12-20,103,Luis Garcia.,CABA,Silla Gamer,Muebles,$ 250.0,1.0,Efectivo
4852,2025-05-28,102,  marta Sanchez  ,ROSARIO,Mouse Optico,Accesorios,$ 25.0,2.0,Tarjeta Credito
4853,2025-09-03,104,Ana Lopez,Mendoza,Teclado Mecanico,Accesorios,,3.0,Efectivo
4854,2025-10-17,106,Lucia Fernandez,TUCUMAN,Cable HDMI,Cables,$ 15.75,4.0,Debito
4855,2025-09-23,102,  marta Sanchez  ,ROSARIO,Mouse Optico,Accesorios,$ 25.0,2.0,Efectivo
4856,2025-06-13,101,JUAN PEREZ,CORDOBA,Laptop Pro,Electronica,$ 1200.5,2.0,Transferencia
4857,2025-01-25,106,Lucia Fernandez,TUCUMAN,Mouse Optico,Accesorios,$ 25.0,1.0,Tarjeta Credito
4858,2025-11-11,106,Lucia Fernandez,TUCUMAN,Silla Gamer,Muebles,$ 250.0,1.0,Transferencia
4859,2025-06-07,103,Luis Garcia.,CABA,Cable HDMI,Cables,$ 15.75,2.0,Transferencia
4860,06/07/2025,106,Lucia Fernandez,TUCUMAN,Mouse Optico,Accesorios,$ 25.0,1.0,Transferencia
4861,2025-11-03,102,  marta Sanchez  ,ROSARIO,Mouse Optico,Accesorios,$ 25.0,4.0,Efectivo
4862,2025-04-21,103,Luis Garcia.,CABA,Mouse Optico,Accesorios,$ 25.0,3.0,Efectivo
4863,2025-08-08,105,PEDRO GOMEZ,CORDOBA,Teclado Mecanico,Accesorios,$ 80.0,5.0,Debito
4864,2025-05-18,104,Ana Lopez,Mendoza,Mouse Optico,Accesorios,$ 25.0,5.0,Efectivo
4865,2025-08-21,102,  marta Sanchez  ,ROSARIO,Teclado Mecanico,Accesorios,$ 80.0,2.0,Efectivo
4866,2025-10-09,106,Lucia Fernandez,TUCUMAN,Cable HDMI,Cables,$ 15.75,5.0,Debito
4867,2025-07-27,102,  marta Sanchez  ,ROSARIO,Monitor 24',Electronica,$ 350.0,2.0,Debito
4868,2025-06-20,104,Ana Lopez,Mendoza,Monitor 24',Electronica,$ 350.0,4.0,Debito
4869,2025-05-07,102,  marta Sanchez  ,ROSARIO,Monitor 24',Electronica,$ 350.0,5.0,Debito
4870,23/02/2025,104,Ana Lopez,Mendoza,Monitor 24',Electronica,$ 350.0,3.0,Transferencia
4871,2025-10-25,102,  marta Sanchez  ,ROSARIO,Teclado Mecanico,Accesorios,$ 80.0,4.0,Efectivo
4872,2025-06-12,104,Ana Lopez,Mendoza,Teclado Mecanico,Accesorios,$ 80.0,5.0,Debito
4873,2025-10-23,102,  marta Sanchez  ,ROSARIO,Silla Gamer,Muebles,$ 250.0,2.0,Transferencia
4874,2025-12-29,103,Luis Garcia.,CABA,Mouse Optico,Accesorios,$ 25.0,5.0,Transferencia
4875,2025-06-23,103,Luis Garcia.,CABA,Laptop Pro,Electronica,$ 1200.5,4.0,Debito
4876,2025-11-17,102,  marta Sanchez  ,ROSARIO,Silla Gamer,Muebles,$ 250.0,3.0,Transferencia
4877,2025-07-30,106,Lucia Fernandez,TUCUMAN,Monitor 24',Electronica,$ 350.0,4.0,Transferencia
4878,2025-01-14,106,Lucia Fernandez,TUCUMAN,Cable HDMI,Cables,$ 15.75,5.0,Transferencia
4879,2025-08-29,103,Luis Garcia.,CABA,Cable HDMI,Cables,$ 15.75,5.0,Tarjeta Credito
4880,01/07/2025,104,Ana Lopez,Mendoza,Laptop Pro,Electronica,$ 1200.5,5.0,Tarjeta Credito
4881,2025-09-21,101,JUAN PEREZ,CORDOBA,Teclado Mecanico,Accesorios,$ 80.0,1.0,Tarjeta Credito
4882,2025-09-12,102,  marta Sanchez  ,ROSARIO,Laptop Pro,Electronica,$ 1200.5,4.0,Tarjeta Credito
4883,2025-03-27,104,Ana Lopez,Mendoza,Silla Gamer,Muebles,$ 250.0,1.0,Efectivo
4884,2025-08-05,105,PEDRO GOMEZ,CORDOBA,Cable HDMI,Cables,$ 15.75,1.0,Transferencia
4885,2025-05-21,104,Ana Lopez,Mendoza,Silla Gamer,Muebles,$ 250.0,1.0,Efectivo
4886,2025-10-31,104,Ana Lopez,Mendoza,Mouse Optico,Accesorios,$ 25.0,4.0,Debito
4887,2025-11-25,102,  marta Sanchez  ,ROSARIO,Monitor 24',Electronica,$ 350.0,5.0,Transferencia
4888,2025-06-01,104,Ana Lopez,Mendoza,Silla Gamer,Muebles,$ 250.0,2.0,Tarjeta Credito
4889,2025-10-27,104,Ana Lopez,Mendoza,Mouse Optico,Accesorios,$ 25.0,3.0,Tarjeta Credito
4890,21/10/2025,102,  marta Sanchez  ,ROSARIO,Teclado Mecanico,Accesorios,$ 80.0,1.0,Tarjeta Credito
4891,2025-07-31,102,  marta Sanchez  ,ROSARIO,Silla Gamer,Muebles,$ 250.0,3.0,Debito
4892,2025-07-29,101,JUAN PEREZ,CORDOBA,Cable HDMI,Cables,$ 15.75,4.0,Transferencia
4893,2025-04-23,102,  marta Sanchez  ,ROSARIO,Monitor 24',Electronica,$ 350.0,4.0,Tarjeta Credito
4894,2025-10-20,102,  marta Sanchez  ,ROSARIO,Monitor 24',Electronica,,2.0,Efectivo
4895,2025-01-18,106,Lucia Fernandez,TUCUMAN,Cable HDMI,Cables,$ 15.75,2.0,Transferencia
4896,2025-04-21,103,Luis Garcia.,CABA,Monitor 24',Electronica,$ 350.0,4.0,Transferencia
4897,2025-10-01,106,Lucia Fernandez,TUCUMAN,Monitor 24',Electronica,$ 350.0,5.0,Efectivo
4898,2025-02-01,101,JUAN PEREZ,CORDOBA,Silla Gamer,Muebles,$ 250.0,4.0,Transferencia
4899,2025-05-09,101,JUAN PEREZ,CORDOBA,Laptop Pro,Electronica,$ 1200.5,4.0,Tarjeta Credito
4900,02/12/2025,103,Luis Garcia.,CABA,Cable HDMI,Cables,$ 15.75,1.0,Tarjeta Credito
4901,2025-12-02,101,JUAN PEREZ,CORDOBA,Monitor 24',Electronica,$ 350.0,1.0,Transferencia
4902,2025-08-02,105,PEDRO GOMEZ,CORDOBA,Cable HDMI,Cables,$ 15.75,4.0,Tarjeta Credito
4903,2025-11-14,106,Lucia Fernandez,TUCUMAN,Laptop Pro,Electronica,$ 1200.5,2.0,Tarjeta Credito
4904,2025-09-14,102,  marta Sanchez  ,ROSARIO,Monitor 24',Electronica,$ 350.0,3.0,Efectivo
4905,2025-04-18,102,  marta Sanchez  ,ROSARIO,Laptop Pro,Electronica,$ 1200.5,1.0,Debito
4906,2025-02-19,105,PEDRO GOMEZ,CORDOBA,Silla Gamer,Muebles,$ 250.0,5.0,Tarjeta Credito
4907,2025-07-15,102,  marta Sanchez  ,ROSARIO,Cable HDMI,Cables,$ 15.75,4.0,Tarjeta Credito
4908,2025-09-11,106,Lucia Fernandez,TUCUMAN,Laptop Pro,Electronica,$ 1200.5,1.0,Efectivo
4909,2025-06-05,101,JUAN PEREZ,CORDOBA,Mouse Optico,Accesorios,$ 25.0,1.0,Transferencia
4910,02/12/2025,105,PEDRO GOMEZ,CORDOBA,Cable HDMI,Cables,$ 15.75,2.0,Debito
4911,2025-06-12,106,Lucia Fernandez,TUCUMAN,Monitor 24',Electronica,$ 350.0,1.0,Transferencia
4912,2025-09-19,104,Ana Lopez,Mendoza,Teclado Mecanico,Accesorios,$ 80.0,4.0,Transferencia
4913,2025-05-03,105,PEDRO GOMEZ,CORDOBA,Laptop Pro,Electronica,$ 1200.5,1.0,Debito
4914,2025-02-26,103,Luis Garcia.,CABA,Cable HDMI,Cables,$ 15.75,5.0,Efectivo
4915,2025-11-25,102,  marta Sanchez  ,ROSARIO,Mouse Optico,Accesorios,$ 25.0,1.0,Tarjeta Credito
4916,2025-02-12,106,Lucia Fernandez,TUCUMAN,Mouse Optico,Accesorios,$ 25.0,1.0,Debito
4917,2025-08-10,105,PEDRO GOMEZ,CORDOBA,Silla Gamer,Muebles,$ 250.0,1.0,Debito
4918,2025-06-26,105,PEDRO GOMEZ,CORDOBA,Monitor 24',Electronica,$ 350.0,2.0,Debito
4919,2025-02-08,106,Lucia Fernandez,TUCUMAN,Monitor 24',Electronica,,3.0,Debito
4920,29/12/2025,106,Lucia Fernandez,TUCUMAN,Laptop Pro,Electronica,$ 1200.5,5.0,Efectivo
4921,2025-07-03,105,PEDRO GOMEZ,CORDOBA,Cable HDMI,Cables,$ 15.75,5.0,Transferencia
4922,2025-07-09,101,JUAN PEREZ,CORDOBA,Laptop Pro,Electronica,$ 1200.5,3.0,Debito
4923,2025-12-06,104,Ana Lopez,Mendoza,Monitor 24',Electronica,$ 350.0,3.0,Efectivo
4924,2025-08-18,102,  marta Sanchez  ,ROSARIO,Mouse Optico,Accesorios,$ 25.0,2.0,Debito
4925,2025-12-01,104,Ana Lopez,Mendoza,Mouse Optico,Accesorios,$ 25.0,3.0,Debito
4926,2025-01-12,101,JUAN PEREZ,CORDOBA,Teclado Mecanico,Accesorios,$ 80.0,3.0,Tarjeta Credito
4927,2025-07-13,102,  marta Sanchez  ,ROSARIO,Laptop Pro,Electronica,$ 1200.5,4.0,Transferencia
4928,2025-12-25,103,Luis Garcia.,CABA,Laptop Pro,Electronica,$ 1200.5,1.0,Tarjeta Credito
4929,2025-07-30,101,JUAN PEREZ,CORDOBA,Silla Gamer,Muebles,$ 250.0,3.0,Tarjeta Credito
4930,02/10/2025,104,Ana Lopez,Mendoza,Mouse Optico,Accesorios,$ 25.0,2.0,Transferencia
4931,2025-02-26,105,PEDRO GOMEZ,CORDOBA,Silla Gamer,Muebles,$ 250.0,2.0,Transferencia
4932,2025-10-10,102,  marta Sanchez  ,ROSARIO,Mouse Optico,Accesorios,$ 25.0,2.0,Efectivo
4933,2025-05-23,101,JUAN PEREZ,CORDOBA,Cable HDMI,Cables,$ 15.75,5.0,Transferencia
4934,2025-10-30,103,Luis Garcia.,CABA,Cable HDMI,Cables,$ 15.75,3.0,Tarjeta Credito
4935,2025-10-11,101,JUAN PEREZ,CORDOBA,Silla Gamer,Muebles,$ 250.0,1.0,Transferencia
4936,2025-12-27,103,Luis Garcia.,CABA,Laptop Pro,Electronica,$ 1200.5,1.0,Efectivo
4937,2025-08-15,102,  marta Sanchez  ,ROSARIO,Monitor 24',Electronica,$ 350.0,5.0,Transferencia
4938,2025-05-29,101,JUAN PEREZ,CORDOBA,Teclado Mecanico,Accesorios,$ 80.0,3.0,Debito
4939,2025-11-03,105,PEDRO GOMEZ,CORDOBA,Laptop Pro,Electronica,$ 1200.5,1.0,Transferencia
4940,07/02/2025,105,PEDRO GOMEZ,CORDOBA,Laptop Pro,Electronica,,5.0,Efectivo
4941,2025-05-05,106,Lucia Fernandez,TUCUMAN,Monitor 24',Electronica,$ 350.0,2.0,Tarjeta Credito
4942,2025-05-28,106,Lucia Fernandez,TUCUMAN,Monitor 24',Electronica,$ 350.0,4.0,Efectivo
4943,2025-03-07,106,Lucia Fernandez,TUCUMAN,Silla Gamer,Muebles,$ 250.0,5.0,Transferencia
4944,2025-04-24,101,JUAN PEREZ,CORDOBA,Teclado Mecanico,Accesorios,$ 80.0,5.0,Tarjeta Credito
4945,2025-08-26,106,Lucia Fernandez,TUCUMAN,Mouse Optico,Accesorios,$ 25.0,2.0,Tarjeta Credito
4946,2025-11-14,102,  marta Sanchez  ,ROSARIO,Silla Gamer,Muebles,$ 250.0,3.0,Transferencia
4947,2025-11-02,106,Lucia Fernandez,TUCUMAN,Teclado Mecanico,Accesorios,$ 80.0,3.0,Efectivo
4948,2025-07-10,103,Luis Garcia.,CABA,Teclado Mecanico,Accesorios,$ 80.0,1.0,Efectivo
4949,2025-01-01,102,  marta Sanchez  ,ROSARIO,Cable HDMI,Cables,$ 15.75,4.0,Tarjeta Credito
4950,03/07/2025,106,Lucia Fernandez,TUCUMAN,Monitor 24',Electronica,$ 350.0,5.0,Debito
4951,2025-02-04,101,JUAN PEREZ,CORDOBA,Teclado Mecanico,Accesorios,$ 80.0,4.0,Debito
4952,2025-08-20,102,  marta Sanchez  ,ROSARIO,Mouse Optico,Accesorios,$ 25.0,1.0,Tarjeta Credito
4953,2025-03-15,104,Ana Lopez,Mendoza,Monitor 24',Electronica,$ 350.0,2.0,Debito
4954,2025-02-05,106,Lucia Fernandez,TUCUMAN,Cable HDMI,Cables,$ 15.75,1.0,Transferencia
4955,2025-11-22,103,Luis Garcia.,CABA,Mouse Optico,Accesorios,,4.0,Debito
4956,2025-03-24,105,PEDRO GOMEZ,CORDOBA,Cable HDMI,Cables,$ 15.75,3.0,Efectivo
4957,2025-09-13,103,Luis Garcia.,CABA,Teclado Mecanico,Accesorios,$ 80.0,1.0,Efectivo
4958,2025-05-04,106,Lucia Fernandez,TUCUMAN,Mouse Optico,Accesorios,$ 25.0,2.0,Transferencia
4959,2025-01-03,103,Luis Garcia.,CABA,Cable HDMI,Cables,$ 15.75,4.0,Transferencia
4960,19/06/2025,103,Luis Garcia.,CABA,Laptop Pro,Electronica,$ 1200.5,4.0,Tarjeta Credito
4961,2025-06-23,103,Luis Garcia.,CABA,Cable HDMI,Cables,$ 15.75,5.0,Tarjeta Credito
4962,2025-09-13,104,Ana Lopez,Mendoza,Mouse Optico,Accesorios,$ 25.0,2.0,Efectivo
4963,2025-08-20,102,  marta Sanchez  ,ROSARIO,Monitor 24',Electronica,$ 350.0,2.0,Transferencia
4964,2025-11-14,106,Lucia Fernandez,TUCUMAN,Mouse Optico,Accesorios,$ 25.0,3.0,Efectivo
4965,2025-02-12,102,  marta Sanchez  ,ROSARIO,Mouse Optico,Accesorios,$ 25.0,2.0,Debito
4966,2025-05-24,102,  marta Sanchez  ,ROSARIO,Laptop Pro,Electronica,,5.0,Debito
4967,2025-12-20,104,Ana Lopez,Mendoza,Mouse Optico,Accesorios,$ 25.0,2.0,Tarjeta Credito
4968,2025-03-22,104,Ana Lopez,Mendoza,Monitor 24',Electronica,$ 350.0,1.0,Efectivo
4969,2025-08-26,101,JUAN PEREZ,CORDOBA,Teclado Mecanico,Accesorios,$ 80.0,1.0,Efectivo
4970,30/10/2025,106,Lucia Fernandez,TUCUMAN,Mouse Optico,Accesorios,$ 25.0,5.0,Transferencia
4971,2025-07-22,104,Ana Lopez,Mendoza,Laptop Pro,Electronica,$ 1200.5,3.0,Tarjeta Credito
4972,2025-04-29,102,  marta Sanchez  ,ROSARIO,Laptop Pro,Electronica,$ 1200.5,3.0,Efectivo
4973,2025-03-19,101,JUAN PEREZ,CORDOBA,Mouse Optico,Accesorios,,5.0,Tarjeta Credito
4974,2025-05-03,101,JUAN PEREZ,CORDOBA,Cable HDMI,Cables,$ 15.75,5.0,Transferencia
4975,2025-09-07,104,Ana Lopez,Mendoza,Cable HDMI,Cables,$ 15.75,1.0,Tarjeta Credito
4976,2025-10-25,102,  marta Sanchez  ,ROSARIO,Silla Gamer,Muebles,$ 250.0,4.0,Transferencia
4977,2025-07-12,102,  marta Sanchez  ,ROSARIO,Monitor 24',Electronica,$ 350.0,4.0,Tarjeta Credito
4978,2025-07-08,105,PEDRO GOMEZ,CORDOBA,Silla Gamer,Muebles,$ 250.0,1.0,Debito
4979,2025-03-15,105,PEDRO GOMEZ,CORDOBA,Cable HDMI,Cables,$ 15.75,3.0,Transferencia
4980,30/04/2025,102,  marta Sanchez  ,ROSARIO,Silla Gamer,Muebles,$ 250.0,4.0,Debito
4981,2025-05-26,105,PEDRO GOMEZ,CORDOBA,Laptop Pro,Electronica,$ 1200.5,3.0,Transferencia
4982,2025-03-02,104,Ana Lopez,Mendoza,Laptop Pro,Electronica,$ 1200.5,3.0,Transferencia
4983,2025-12-25,106,Lucia Fernandez,TUCUMAN,Cable HDMI,Cables,$ 15.75,4.0,Debito
4984,2025-12-31,104,Ana Lopez,Mendoza,Teclado Mecanico,Accesorios,$ 80.0,2.0,Debito
4985,2025-02-04,106,Lucia Fernandez,TUCUMAN,Teclado Mecanico,Accesorios,$ 80.0,2.0,Tarjeta Credito
4986,2025-06-14,106,Lucia Fernandez,TUCUMAN,Silla Gamer,Muebles,$ 250.0,1.0,Tarjeta Credito
4987,2025-05-06,102,  marta Sanchez  ,ROSARIO,Mouse Optico,Accesorios,$ 25.0,4.0,Debito
4988,2025-11-19,101,JUAN PEREZ,CORDOBA,Teclado Mecanico,Accesorios,$ 80.0,2.0,Efectivo
4989,2025-03-19,102,  marta Sanchez  ,ROSARIO,Mouse Optico,Accesorios,$ 25.0,5.0,Efectivo
4990,06/02/2025,105,PEDRO GOMEZ,CORDOBA,Mouse Optico,Accesorios,$ 25.0,5.0,Efectivo
4991,2025-07-08,106,Lucia Fernandez,TUCUMAN,Cable HDMI,Cables,$ 15.75,1.0,Tarjeta Credito
4992,2025-11-07,103,Luis Garcia.,CABA,Mouse Optico,Accesorios,$ 25.0,1.0,Transferencia
4993,2025-05-06,104,Ana Lopez,Mendoza,Monitor 24',Electronica,$ 350.0,2.0,Transferencia
4994,2025-02-07,106,Lucia Fernandez,TUCUMAN,Silla Gamer,Muebles,$ 250.0,3.0,Debito
4995,2025-04-17,104,Ana Lopez,Mendoza,Cable HDMI,Cables,$ 15.75,5.0,Efectivo
4996,2025-12-04,101,JUAN PEREZ,CORDOBA,Teclado Mecanico,Accesorios,$ 80.0,4.0,Debito
4997,2025-02-06,103,Luis Garcia.,CABA,Cable HDMI,Cables,$ 15.75,2.0,Transferencia
4998,2025-02-20,101,JUAN PEREZ,CORDOBA,Laptop Pro,Electronica,$ 1200.5,1.0,Debito
4999,2025-12-25,103,Luis Garcia.,CABA,Mouse Optico,Accesorios,$ 25.0,4.0,Debito
5000,02/02/2025,102,  marta Sanchez  ,ROSARIO,Monitor 24',Electronica,$ 350.0,3.0,Efectivo
5001,2025-05-08,103,Luis Garcia.,CABA,Mouse Optico,Accesorios,$ 25.0,4.0,Efectivo
5002,2025-08-29,104,Ana Lopez,Mendoza,Cable HDMI,Cables,$ 15.75,4.0,Efectivo
5003,2025-03-23,105,PEDRO GOMEZ,CORDOBA,Teclado Mecanico,Accesorios,$ 80.0,5.0,Efectivo
5004,2025-03-03,106,Lucia Fernandez,TUCUMAN,Monitor 24',Electronica,,2.0,Efectivo
5005,2025-10-24,101,JUAN PEREZ,CORDOBA,Teclado Mecanico,Accesorios,$ 80.0,3.0,Debito
5006,2025-02-26,105,PEDRO GOMEZ,CORDOBA,Monitor 24',Electronica,$ 350.0,4.0,Transferencia
5007,2025-12-31,104,Ana Lopez,Mendoza,Teclado Mecanico,Accesorios,$ 80.0,2.0,Efectivo
5008,2025-11-11,106,Lucia Fernandez,TUCUMAN,Laptop Pro,Electronica,$ 1200.5,3.0,Efectivo
5009,2025-03-09,102,  marta Sanchez  ,ROSARIO,Laptop Pro,Electronica,$ 1200.5,3.0,Tarjeta Credito
5010,11/04/2025,102,  marta Sanchez  ,ROSARIO,Mouse Optico,Accesorios,$ 25.0,5.0,Tarjeta Credito
5011,2025-09-10,103,Luis Garcia.,CABA,Monitor 24',Electronica,$ 350.0,2.0,Efectivo
5012,2025-05-30,101,JUAN PEREZ,CORDOBA,Cable HDMI,Cables,$ 15.75,1.0,Transferencia
5013,2025-11-09,102,  marta Sanchez  ,ROSARIO,Silla Gamer,Muebles,$ 250.0,4.0,Transferencia
5014,2025-08-16,102,  marta Sanchez  ,ROSARIO,Mouse Optico,Accesorios,$ 25.0,1.0,Efectivo
5015,2025-07-22,103,Luis Garcia.,CABA,Laptop Pro,Electronica,$ 1200.5,4.0,Tarjeta Credito
5016,2025-07-28,104,Ana Lopez,Mendoza,Mouse Optico,Accesorios,$ 25.0,5.0,Debito
5017,2025-02-27,102,  marta Sanchez  ,ROSARIO,Laptop Pro,Electronica,$ 1200.5,2.0,Tarjeta Credito
5018,2025-12-13,101,JUAN PEREZ,CORDOBA,Silla Gamer,Muebles,$ 250.0,3.0,Transferencia
5019,2025-10-06,104,Ana Lopez,Mendoza,Monitor 24',Electronica,$ 350.0,2.0,Debito
5020,23/10/2025,104,Ana Lopez,Mendoza,Silla Gamer,Muebles,$ 250.0,5.0,Transferencia
5021,2025-11-06,106,Lucia Fernandez,TUCUMAN,Cable HDMI,Cables,$ 15.75,1.0,Transferencia
5022,2025-06-21,104,Ana Lopez,Mendoza,Laptop Pro,Electronica,$ 1200.5,3.0,Debito
5023,2025-01-13,105,PEDRO GOMEZ,CORDOBA,Mouse Optico,Accesorios,$ 25.0,4.0,Efectivo
5024,2025-01-27,105,PEDRO GOMEZ,CORDOBA,Silla Gamer,Muebles,$ 250.0,3.0,Efectivo
5025,2025-04-21,101,JUAN PEREZ,CORDOBA,Cable HDMI,Cables,$ 15.75,1.0,Tarjeta Credito
5026,2025-05-30,101,JUAN PEREZ,CORDOBA,Monitor 24',Electronica,$ 350.0,5.0,Tarjeta Credito
5027,2025-04-21,105,PEDRO GOMEZ,CORDOBA,Laptop Pro,Electronica,$ 1200.5,5.0,Tarjeta Credito
5028,2025-11-23,103,Luis Garcia.,CABA,Monitor 24',Electronica,$ 350.0,3.0,Transferencia
5029,2025-07-27,101,JUAN PEREZ,CORDOBA,Monitor 24',Electronica,$ 350.0,1.0,Transferencia
5030,25/09/2025,103,Luis Garcia.,CABA,Mouse Optico,Accesorios,$ 25.0,5.0,Transferencia
5031,2025-08-23,104,Ana Lopez,Mendoza,Monitor 24',Electronica,$ 350.0,2.0,Tarjeta Credito
5032,2025-01-07,105,PEDRO GOMEZ,CORDOBA,Silla Gamer,Muebles,$ 250.0,3.0,Debito
5033,2025-02-26,103,Luis Garcia.,CABA,Teclado Mecanico,Accesorios,$ 80.0,5.0,Efectivo
5034,2025-11-08,101,JUAN PEREZ,CORDOBA,Laptop Pro,Electronica,,1.0,Debito
5035,2025-12-22,105,PEDRO GOMEZ,CORDOBA,Cable HDMI,Cables,$ 15.75,4.0,Tarjeta Credito
5036,2025-02-24,104,Ana Lopez,Mendoza,Laptop Pro,Electronica,$ 1200.5,4.0,Debito
5037,2025-10-19,101,JUAN PEREZ,CORDOBA,Laptop Pro,Electronica,$ 1200.5,4.0,Debito
5038,2025-12-31,103,Luis Garcia.,CABA,Cable HDMI,Cables,$ 15.75,2.0,Debito
5039,2025-01-22,101,JUAN PEREZ,CORDOBA,Teclado Mecanico,Accesorios,$ 80.0,3.0,Transferencia
5040,11/05/2025,103,Luis Garcia.,CABA,Mouse Optico,Accesorios,$ 25.0,5.0,Efectivo
5041,2025-08-14,104,Ana Lopez,Mendoza,Monitor 24',Electronica,$ 350.0,2.0,Efectivo
5042,2025-10-24,102,  marta Sanchez  ,ROSARIO,Mouse Optico,Accesorios,$ 25.0,5.0,Transferencia
5043,2025-07-18,103,Luis Garcia.,CABA,Mouse Optico,Accesorios,$ 25.0,4.0,Debito
5044,2025-01-23,103,Luis Garcia.,CABA,Cable HDMI,Cables,$ 15.75,3.0,Debito
5045,2025-09-06,104,Ana Lopez,Mendoza,Cable HDMI,Cables,$ 15.75,2.0,Tarjeta Credito
5046,2025-06-24,102,  marta Sanchez  ,ROSARIO,Cable HDMI,Cables,$ 15.75,4.0,Transferencia
5047,2025-08-09,104,Ana Lopez,Mendoza,Teclado Mecanico,Accesorios,$ 80.0,2.0,Efectivo
5048,2025-11-23,103,Luis Garcia.,CABA,Laptop Pro,Electronica,$ 1200.5,1.0,Transferencia
5049,2025-09-23,103,Luis Garcia.,CABA,Mouse Optico,Accesorios,$ 25.0,1.0,Transferencia
5050,28/08/2025,101,JUAN PEREZ,CORDOBA,Cable HDMI,Cables,$ 15.75,1.0,Debito
5051,2025-01-05,102,  marta Sanchez  ,ROSARIO,Silla Gamer,Muebles,$ 250.0,2.0,Transferencia
5052,2025-08-29,104,Ana Lopez,Mendoza,Teclado Mecanico,Accesorios,$ 80.0,1.0,Tarjeta Credito
5053,2025-03-13,105,PEDRO GOMEZ,CORDOBA,Monitor 24',Electronica,$ 350.0,4.0,Debito
5054,2025-11-05,102,  marta Sanchez  ,ROSARIO,Laptop Pro,Electronica,$ 1200.5,1.0,Transferencia
5055,2025-03-14,101,JUAN PEREZ,CORDOBA,Laptop Pro,Electronica,$ 1200.5,2.0,Efectivo
5056,2025-09-08,106,Lucia Fernandez,TUCUMAN,Monitor 24',Electronica,$ 350.0,1.0,Efectivo
5057,2025-09-05,106,Lucia Fernandez,TUCUMAN,Silla Gamer,Muebles,$ 250.0,4.0,Debito
5058,2025-12-31,101,JUAN PEREZ,CORDOBA,Cable HDMI,Cables,$ 15.75,5.0,Debito
5059,2025-07-06,101,JUAN PEREZ,CORDOBA,Teclado Mecanico,Accesorios,$ 80.0,4.0,Debito
5060,01/06/2025,104,Ana Lopez,Mendoza,Teclado Mecanico,Accesorios,,4.0,Transferencia
5061,2025-05-17,102,  marta Sanchez  ,ROSARIO,Monitor 24',Electronica,,3.0,Transferencia
5062,2025-03-12,102,  marta Sanchez  ,ROSARIO,Monitor 24',Electronica,$ 350.0,3.0,Transferencia
5063,2025-04-13,104,Ana Lopez,Mendoza,Cable HDMI,Cables,$ 15.75,1.0,Tarjeta Credito
5064,2025-11-16,103,Luis Garcia.,CABA,Mouse Optico,Accesorios,$ 25.0,3.0,Efectivo
5065,2025-05-05,104,Ana Lopez,Mendoza,Silla Gamer,Muebles,$ 250.0,3.0,Debito
5066,2025-02-28,106,Lucia Fernandez,TUCUMAN,Cable HDMI,Cables,$ 15.75,1.0,Tarjeta Credito
5067,2025-07-23,101,JUAN PEREZ,CORDOBA,Laptop Pro,Electronica,$ 1200.5,4.0,Tarjeta Credito
5068,2025-01-17,101,JUAN PEREZ,CORDOBA,Cable HDMI,Cables,$ 15.75,5.0,Transferencia
5069,2025-08-28,106,Lucia Fernandez,TUCUMAN,Monitor 24',Electronica,$ 350.0,5.0,Transferencia
5070,28/05/2025,102,  marta Sanchez  ,ROSARIO,Monitor 24',Electronica,$ 350.0,3.0,Debito
5071,2025-04-06,101,JUAN PEREZ,CORDOBA,Cable HDMI,Cables,$ 15.75,4.0,Tarjeta Credito
5072,2025-05-05,103,Luis Garcia.,CABA,Teclado Mecanico,Accesorios,$ 80.0,4.0,Debito
5073,2025-05-03,103,Luis Garcia.,CABA,Silla Gamer,Muebles,$ 250.0,2.0,Tarjeta Credito
5074,2025-03-13,104,Ana Lopez,Mendoza,Silla Gamer,Muebles,$ 250.0,3.0,Transferencia
5075,2025-06-08,105,PEDRO GOMEZ,CORDOBA,Mouse Optico,Accesorios,$ 25.0,5.0,Transferencia
5076,2025-12-09,106,Lucia Fernandez,TUCUMAN,Teclado Mecanico,Accesorios,$ 80.0,,Tarjeta Credito
5077,2025-12-12,106,Lucia Fernandez,TUCUMAN,Silla Gamer,Muebles,$ 250.0,4.0,Tarjeta Credito
5078,2025-12-08,101,JUAN PEREZ,CORDOBA,Monitor 24',Electronica,$ 350.0,3.0,Tarjeta Credito
5079,2025-10-14,105,PEDRO GOMEZ,CORDOBA,Laptop Pro,Electronica,$ 1200.5,2.0,Debito
5080,30/11/2025,101,JUAN PEREZ,CORDOBA,Teclado Mecanico,Accesorios,$ 80.0,2.0,Transferencia
5081,2025-12-02,103,Luis Garcia.,CABA,Teclado Mecanico,Accesorios,$ 80.0,2.0,Tarjeta Credito
5082,2025-01-30,101,JUAN PEREZ,CORDOBA,Laptop Pro,Electronica,$ 1200.5,5.0,Transferencia
5083,2025-08-16,101,JUAN PEREZ,CORDOBA,Cable HDMI,Cables,$ 15.75,3.0,Tarjeta Credito
5084,2025-11-26,102,  marta Sanchez  ,ROSARIO,Cable HDMI,Cables,$ 15.75,3.0,Tarjeta Credito
5085,2025-11-04,103,Luis Garcia.,CABA,Cable HDMI,Cables,$ 15.75,1.0,Transferencia
5086,2025-12-28,101,JUAN PEREZ,CORDOBA,Monitor 24',Electronica,$ 350.0,4.0,Tarjeta Credito
5087,2025-07-21,102,  marta Sanchez  ,ROSARIO,Teclado Mecanico,Accesorios,$ 80.0,1.0,Tarjeta Credito
5088,2025-12-12,102,  marta Sanchez  ,ROSARIO,Mouse Optico,Accesorios,$ 25.0,3.0,Efectivo
5089,2025-05-12,104,Ana Lopez,Mendoza,Silla Gamer,Muebles,$ 250.0,3.0,Transferencia
5090,19/01/2025,101,JUAN PEREZ,CORDOBA,Laptop Pro,Electronica,$ 1200.5,2.0,Transferencia
5091,2025-08-10,101,JUAN PEREZ,CORDOBA,Cable HDMI,Cables,$ 15.75,4.0,Efectivo
5092,2025-10-13,102,  marta Sanchez  ,ROSARIO,Laptop Pro,Electronica,$ 1200.5,3.0,Transferencia
5093,2025-11-07,106,Lucia Fernandez,TUCUMAN,Teclado Mecanico,Accesorios,$ 80.0,3.0,Tarjeta Credito
5094,2025-07-27,106,Lucia Fernandez,TUCUMAN,Laptop Pro,Electronica,$ 1200.5,1.0,Debito
5095,2025-03-06,104,Ana Lopez,Mendoza,Teclado Mecanico,Accesorios,$ 80.0,2.0,Debito
5096,2025-10-06,102,  marta Sanchez  ,ROSARIO,Teclado Mecanico,Accesorios,$ 80.0,3.0,Tarjeta Credito
5097,2025-12-02,101,JUAN PEREZ,CORDOBA,Silla Gamer,Muebles,$ 250.0,2.0,Debito
5098,2025-10-31,104,Ana Lopez,Mendoza,Mouse Optico,Accesorios,$ 25.0,4.0,Debito
5099,2025-09-21,105,PEDRO GOMEZ,CORDOBA,Silla Gamer,Muebles,,2.0,Debito
5100,13/02/2025,106,Lucia Fernandez,TUCUMAN,Teclado Mecanico,Accesorios,$ 80.0,3.0,Transferencia
5101,2025-11-25,102,  marta Sanchez  ,ROSARIO,Cable HDMI,Cables,$ 15.75,5.0,Tarjeta Credito
5102,2025-10-25,104,Ana Lopez,Mendoza,Monitor 24',Electronica,$ 350.0,5.0,Tarjeta Credito
5103,2025-06-24,102,  marta Sanchez  ,ROSARIO,Monitor 24',Electronica,$ 350.0,2.0,Debito
5104,2025-09-11,103,Luis Garcia.,CABA,Cable HDMI,Cables,$ 15.75,2.0,Efectivo
5105,2025-01-13,106,Lucia Fernandez,TUCUMAN,Cable HDMI,Cables,$ 15.75,3.0,Tarjeta Credito
5106,2025-07-18,104,Ana Lopez,Mendoza,Laptop Pro,Electronica,$ 1200.5,2.0,Tarjeta Credito
5107,2025-06-30,102,  marta Sanchez  ,ROSARIO,Cable HDMI,Cables,$ 15.75,1.0,Debito
5108,2025-02-28,101,JUAN PEREZ,CORDOBA,Silla Gamer,Muebles,$ 250.0,4.0,Tarjeta Credito
5109,2025-07-04,101,JUAN PEREZ,CORDOBA,Silla Gamer,Muebles,$ 250.0,,Transferencia
5110,01/11/2025,103,Luis Garcia.,CABA,Monitor 24',Electronica,$ 350.0,4.0,Debito
5111,2025-08-26,103,Luis Garcia.,CABA,Silla Gamer,Muebles,$ 250.0,1.0,Transferencia
5112,2025-01-10,105,PEDRO GOMEZ,CORDOBA,Mouse Optico,Accesorios,$ 25.0,2.0,Efectivo
5113,2025-02-02,106,Lucia Fernandez,TUCUMAN,Laptop Pro,Electronica,$ 1200.5,1.0,Debito
5114,2025-10-20,103,Luis Garcia.,CABA,Mouse Optico,Accesorios,$ 25.0,5.0,Efectivo
5115,2025-03-24,102,  marta Sanchez  ,ROSARIO,Mouse Optico,Accesorios,$ 25.0,5.0,Transferencia
5116,2025-10-15,101,JUAN PEREZ,CORDOBA,Silla Gamer,Muebles,,1.0,Tarjeta Credito
5117,2025-04-11,104,Ana Lopez,Mendoza,Silla Gamer,Muebles,,3.0,Transferencia
5118,2025-12-30,104,Ana Lopez,Mendoza,Silla Gamer,Muebles,$ 250.0,5.0,Debito
5119,2025-08-29,103,Luis Garcia.,CABA,Mouse Optico,Accesorios,$ 25.0,3.0,Tarjeta Credito
5120,11/09/2025,106,Lucia Fernandez,TUCUMAN,Monitor 24',Electronica,$ 350.0,3.0,Efectivo
5121,2025-11-02,104,Ana Lopez,Mendoza,Silla Gamer,Muebles,$ 250.0,4.0,Efectivo
5122,2025-07-14,101,JUAN PEREZ,CORDOBA,Silla Gamer,Muebles,$ 250.0,2.0,Efectivo
5123,2025-05-10,106,Lucia Fernandez,TUCUMAN,Monitor 24',Electronica,$ 350.0,3.0,Tarjeta Credito
5124,2025-12-02,103,Luis Garcia.,CABA,Teclado Mecanico,Accesorios,$ 80.0,5.0,Debito
5125,2025-04-12,103,Luis Garcia.,CABA,Cable HDMI,Cables,$ 15.75,5.0,Transferencia
5126,2025-04-28,103,Luis Garcia.,CABA,Cable HDMI,Cables,$ 15.75,5.0,Debito
5127,2025-08-02,106,Lucia Fernandez,TUCUMAN,Mouse Optico,Accesorios,$ 25.0,4.0,Efectivo
5128,2025-05-04,105,PEDRO GOMEZ,CORDOBA,Monitor 24',Electronica,$ 350.0,4.0,Debito
5129,2025-08-30,103,Luis Garcia.,CABA,Cable HDMI,Cables,,5.0,Efectivo
5130,30/11/2025,102,  marta Sanchez  ,ROSARIO,Mouse Optico,Accesorios,$ 25.0,5.0,Transferencia
5131,2025-05-09,106,Lucia Fernandez,TUCUMAN,Silla Gamer,Muebles,$ 250.0,4.0,Efectivo
5132,2025-07-02,105,PEDRO GOMEZ,CORDOBA,Laptop Pro,Electronica,,3.0,Efectivo
5133,2025-01-17,101,JUAN PEREZ,CORDOBA,Monitor 24',Electronica,$ 350.0,4.0,Debito
5134,2025-01-05,102,  marta Sanchez  ,ROSARIO,Silla Gamer,Muebles,$ 250.0,2.0,Transferencia
5135,2025-12-23,105,PEDRO GOMEZ,CORDOBA,Laptop Pro,Electronica,$ 1200.5,4.0,Transferencia
5136,2025-05-19,105,PEDRO GOMEZ,CORDOBA,Monitor 24',Electronica,$ 350.0,1.0,Transferencia
5137,2025-02-02,105,PEDRO GOMEZ,CORDOBA,Laptop Pro,Electronica,$ 1200.5,3.0,Tarjeta Credito
5138,2025-12-13,103,Luis Garcia.,CABA,Laptop Pro,Electronica,$ 1200.5,1.0,Efectivo
5139,2025-12-03,103,Luis Garcia.,CABA,Laptop Pro,Electronica,$ 1200.5,3.0,Transferencia
5140,03/02/2025,103,Luis Garcia.,CABA,Mouse Optico,Accesorios,$ 25.0,3.0,Transferencia
5141,2025-11-14,102,  marta Sanchez  ,ROSARIO,Teclado Mecanico,Accesorios,$ 80.0,2.0,Tarjeta Credito
5142,2025-02-21,106,Lucia Fernandez,TUCUMAN,Silla Gamer,Muebles,$ 250.0,3.0,Tarjeta Credito
5143,2025-07-25,103,Luis Garcia.,CABA,Mouse Optico,Accesorios,$ 25.0,3.0,Transferencia
5144,2025-12-12,105,PEDRO GOMEZ,CORDOBA,Teclado Mecanico,Accesorios,$ 80.0,3.0,Tarjeta Credito
5145,2025-09-26,106,Lucia Fernandez,TUCUMAN,Laptop Pro,Electronica,$ 1200.5,2.0,Efectivo
5146,2025-06-25,103,Luis Garcia.,CABA,Monitor 24',Electronica,$ 350.0,4.0,Tarjeta Credito
5147,2025-02-11,105,PEDRO GOMEZ,CORDOBA,Silla Gamer,Muebles,$ 250.0,1.0,Debito
5148,2025-06-26,106,Lucia Fernandez,TUCUMAN,Monitor 24',Electronica,$ 350.0,2.0,Debito
5149,2025-08-02,106,Lucia Fernandez,TUCUMAN,Laptop Pro,Electronica,$ 1200.5,1.0,Debito
5150,07/05/2025,104,Ana Lopez,Mendoza,Mouse Optico,Accesorios,$ 25.0,2.0,Tarjeta Credito
5151,2025-09-01,106,Lucia Fernandez,TUCUMAN,Monitor 24',Electronica,$ 350.0,2.0,Debito
5152,2025-03-30,103,Luis Garcia.,CABA,Laptop Pro,Electronica,$ 1200.5,3.0,Tarjeta Credito
5153,2025-08-15,105,PEDRO GOMEZ,CORDOBA,Silla Gamer,Muebles,$ 250.0,,Tarjeta Credito
5154,2025-04-30,104,Ana Lopez,Mendoza,Cable HDMI,Cables,$ 15.75,2.0,Tarjeta Credito
5155,2025-11-03,102,  marta Sanchez  ,ROSARIO,Cable HDMI,Cables,$ 15.75,4.0,Tarjeta Credito
5156,2025-01-17,103,Luis Garcia.,CABA,Monitor 24',Electronica,$ 350.0,5.0,Transferencia
5157,2025-12-27,102,  marta Sanchez  ,ROSARIO,Silla Gamer,Muebles,$ 250.0,1.0,Transferencia
5158,2025-04-28,102,  marta Sanchez  ,ROSARIO,Monitor 24',Electronica,$ 350.0,5.0,Tarjeta Credito
5159,2025-06-26,103,Luis Garcia.,CABA,Cable HDMI,Cables,$ 15.75,3.0,Transferencia
5160,09/07/2025,101,JUAN PEREZ,CORDOBA,Mouse Optico,Accesorios,$ 25.0,3.0,Efectivo
5161,2025-03-16,101,JUAN PEREZ,CORDOBA,Silla Gamer,Muebles,$ 250.0,2.0,Tarjeta Credito
5162,2025-03-09,102,  marta Sanchez  ,ROSARIO,Monitor 24',Electronica,$ 350.0,4.0,Debito
5163,2025-11-07,104,Ana Lopez,Mendoza,Mouse Optico,Accesorios,$ 25.0,3.0,Efectivo
5164,2025-05-27,105,PEDRO GOMEZ,CORDOBA,Laptop Pro,Electronica,$ 1200.5,1.0,Transferencia
5165,2025-05-08,106,Lucia Fernandez,TUCUMAN,Monitor 24',Electronica,$ 350.0,2.0,Tarjeta Credito
5166,2025-12-01,101,JUAN PEREZ,CORDOBA,Silla Gamer,Muebles,$ 250.0,5.0,Debito
5167,2025-12-14,104,Ana Lopez,Mendoza,Laptop Pro,Electronica,$ 1200.5,4.0,Transferencia
5168,2025-02-28,106,Lucia Fernandez,TUCUMAN,Cable HDMI,Cables,$ 15.75,5.0,Transferencia
5169,2025-02-02,104,Ana Lopez,Mendoza,Monitor 24',Electronica,$ 350.0,2.0,Tarjeta Credito
5170,17/12/2025,104,Ana Lopez,Mendoza,Mouse Optico,Accesorios,$ 25.0,5.0,Debito
5171,2025-03-21,102,  marta Sanchez  ,ROSARIO,Cable HDMI,Cables,$ 15.75,2.0,Debito
5172,2025-06-14,105,PEDRO GOMEZ,CORDOBA,Laptop Pro,Electronica,$ 1200.5,4.0,Debito
5173,2025-07-03,101,JUAN PEREZ,CORDOBA,Laptop Pro,Electronica,$ 1200.5,4.0,Debito
5174,2025-11-26,101,JUAN PEREZ,CORDOBA,Teclado Mecanico,Accesorios,$ 80.0,5.0,Tarjeta Credito
5175,2025-01-29,103,Luis Garcia.,CABA,Mouse Optico,Accesorios,$ 25.0,1.0,Transferencia
5176,2025-11-27,101,JUAN PEREZ,CORDOBA,Mouse Optico,Accesorios,$ 25.0,2.0,Debito
5177,2025-01-18,105,PEDRO GOMEZ,CORDOBA,Cable HDMI,Cables,$ 15.75,3.0,Efectivo
5178,2025-11-01,101,JUAN PEREZ,CORDOBA,Mouse Optico,Accesorios,$ 25.0,4.0,Tarjeta Credito
5179,2025-01-25,102,  marta Sanchez  ,ROSARIO,Silla Gamer,Muebles,$ 250.0,2.0,Efectivo
5180,20/12/2025,104,Ana Lopez,Mendoza,Silla Gamer,Muebles,$ 250.0,1.0,Transferencia
5181,2025-10-05,102,  marta Sanchez  ,ROSARIO,Teclado Mecanico,Accesorios,$ 80.0,2.0,Transferencia
5182,2025-02-06,104,Ana Lopez,Mendoza,Mouse Optico,Accesorios,,1.0,Transferencia
5183,2025-07-12,102,  marta Sanchez  ,ROSARIO,Monitor 24',Electronica,$ 350.0,2.0,Transferencia
5184,2025-05-01,101,JUAN PEREZ,CORDOBA,Laptop Pro,Electronica,$ 1200.5,3.0,Transferencia
5185,2025-10-09,102,  marta Sanchez  ,ROSARIO,Laptop Pro,Electronica,$ 1200.5,1.0,Debito
5186,2025-11-23,105,PEDRO GOMEZ,CORDOBA,Laptop Pro,Electronica,$ 1200.5,1.0,Transferencia
5187,2025-12-13,105,PEDRO GOMEZ,CORDOBA,Cable HDMI,Cables,$ 15.75,4.0,Transferencia
5188,2025-11-04,106,Lucia Fernandez,TUCUMAN,Teclado Mecanico,Accesorios,,5.0,Efectivo
5189,2025-08-08,106,Lucia Fernandez,TUCUMAN,Teclado Mecanico,Accesorios,$ 80.0,1.0,Efectivo
5190,12/05/2025,102,  marta Sanchez  ,ROSARIO,Laptop Pro,Electronica,$ 1200.5,1.0,Debito
5191,2025-02-28,101,JUAN PEREZ,CORDOBA,Teclado Mecanico,Accesorios,$ 80.0,3.0,Tarjeta Credito
5192,2025-09-30,106,Lucia Fernandez,TUCUMAN,Silla Gamer,Muebles,$ 250.0,2.0,Transferencia
5193,2025-09-28,104,Ana Lopez,Mendoza,Laptop Pro,Electronica,$ 1200.5,5.0,Tarjeta Credito
5194,2025-11-26,105,PEDRO GOMEZ,CORDOBA,Monitor 24',Electronica,$ 350.0,3.0,Debito
5195,2025-03-14,105,PEDRO GOMEZ,CORDOBA,Teclado Mecanico,Accesorios,$ 80.0,4.0,Tarjeta Credito
5196,2025-08-21,105,PEDRO GOMEZ,CORDOBA,Mouse Optico,Accesorios,$ 25.0,4.0,Debito
5197,2025-03-01,106,Lucia Fernandez,TUCUMAN,Silla Gamer,Muebles,$ 250.0,5.0,Debito
5198,2025-05-04,102,  marta Sanchez  ,ROSARIO,Teclado Mecanico,Accesorios,$ 80.0,2.0,Debito
5199,2025-10-06,104,Ana Lopez,Mendoza,Teclado Mecanico,Accesorios,$ 80.0,3.0,Debito
5200,20/02/2025,102,  marta Sanchez  ,ROSARIO,Teclado Mecanico,Accesorios,$ 80.0,5.0,Debito
5201,2025-01-24,106,Lucia Fernandez,TUCUMAN,Monitor 24',Electronica,$ 350.0,3.0,Debito
5202,2025-06-02,101,JUAN PEREZ,CORDOBA,Monitor 24',Electronica,$ 350.0,2.0,Debito
5203,2025-04-22,104,Ana Lopez,Mendoza,Mouse Optico,Accesorios,,1.0,Tarjeta Credito
5204,2025-02-19,104,Ana Lopez,Mendoza,Teclado Mecanico,Accesorios,$ 80.0,1.0,Efectivo
5205,2025-09-19,102,  marta Sanchez  ,ROSARIO,Monitor 24',Electronica,$ 350.0,5.0,Debito
5206,2025-05-15,102,  marta Sanchez  ,ROSARIO,Teclado Mecanico,Accesorios,$ 80.0,4.0,Efectivo
5207,2025-10-17,104,Ana Lopez,Mendoza,Cable HDMI,Cables,$ 15.75,4.0,Tarjeta Credito
5208,2025-10-10,102,  marta Sanchez  ,ROSARIO,Teclado Mecanico,Accesorios,$ 80.0,1.0,Tarjeta Credito
5209,2025-04-23,103,Luis Garcia.,CABA,Cable HDMI,Cables,$ 15.75,2.0,Debito
5210,20/12/2025,106,Lucia Fernandez,TUCUMAN,Mouse Optico,Accesorios,$ 25.0,5.0,Transferencia
5211,2025-12-28,106,Lucia Fernandez,TUCUMAN,Mouse Optico,Accesorios,$ 25.0,2.0,Debito
5212,2025-06-18,101,JUAN PEREZ,CORDOBA,Teclado Mecanico,Accesorios,$ 80.0,1.0,Efectivo
5213,2025-12-18,101,JUAN PEREZ,CORDOBA,Teclado Mecanico,Accesorios,$ 80.0,5.0,Debito
5214,2025-09-20,102,  marta Sanchez  ,ROSARIO,Mouse Optico,Accesorios,$ 25.0,5.0,Transferencia
5215,2025-10-02,101,JUAN PEREZ,CORDOBA,Laptop Pro,Electronica,$ 1200.5,4.0,Tarjeta Credito
5216,2025-12-13,104,Ana Lopez,Mendoza,Monitor 24',Electronica,$ 350.0,5.0,Efectivo
5217,2025-05-26,105,PEDRO GOMEZ,CORDOBA,Teclado Mecanico,Accesorios,$ 80.0,5.0,Tarjeta Credito
5218,2025-03-11,103,Luis Garcia.,CABA,Mouse Optico,Accesorios,$ 25.0,3.0,Debito
5219,2025-07-02,103,Luis Garcia.,CABA,Teclado Mecanico,Accesorios,$ 80.0,5.0,Tarjeta Credito
5220,09/02/2025,101,JUAN PEREZ,CORDOBA,Teclado Mecanico,Accesorios,$ 80.0,3.0,Debito
5221,2025-07-28,102,  marta Sanchez  ,ROSARIO,Laptop Pro,Electronica,$ 1200.5,5.0,Debito
5222,2025-08-18,103,Luis Garcia.,CABA,Monitor 24',Electronica,$ 350.0,4.0,Tarjeta Credito
5223,2025-06-06,104,Ana Lopez,Mendoza,Cable HDMI,Cables,$ 15.75,5.0,Tarjeta Credito
5224,2025-04-19,101,JUAN PEREZ,CORDOBA,Cable HDMI,Cables,$ 15.75,5.0,Tarjeta Credito
5225,2025-03-27,104,Ana Lopez,Mendoza,Cable HDMI,Cables,$ 15.75,2.0,Tarjeta Credito
5226,2025-08-07,104,Ana Lopez,Mendoza,Laptop Pro,Electronica,$ 1200.5,2.0,Tarjeta Credito
5227,2025-12-20,104,Ana Lopez,Mendoza,Mouse Optico,Accesorios,$ 25.0,2.0,Tarjeta Credito
5228,2025-09-27,104,Ana Lopez,Mendoza,Cable HDMI,Cables,$ 15.75,1.0,Efectivo
5229,2025-01-29,106,Lucia Fernandez,TUCUMAN,Cable HDMI,Cables,$ 15.75,5.0,Efectivo
5230,10/07/2025,106,Lucia Fernandez,TUCUMAN,Monitor 24',Electronica,$ 350.0,2.0,Efectivo
5231,2025-05-01,106,Lucia Fernandez,TUCUMAN,Teclado Mecanico,Accesorios,$ 80.0,5.0,Tarjeta Credito
5232,2025-05-23,102,  marta Sanchez  ,ROSARIO,Teclado Mecanico,Accesorios,$ 80.0,2.0,Transferencia
5233,2025-02-24,103,Luis Garcia.,CABA,Monitor 24',Electronica,$ 350.0,5.0,Transferencia
5234,2025-02-04,103,Luis Garcia.,CABA,Cable HDMI,Cables,$ 15.75,3.0,Debito
5235,2025-02-24,104,Ana Lopez,Mendoza,Mouse Optico,Accesorios,$ 25.0,2.0,Debito
5236,2025-12-23,101,JUAN PEREZ,CORDOBA,Laptop Pro,Electronica,$ 1200.5,5.0,Efectivo
5237,2025-02-20,103,Luis Garcia.,CABA,Monitor 24',Electronica,$ 350.0,5.0,Efectivo
5238,2025-02-18,103,Luis Garcia.,CABA,Mouse Optico,Accesorios,$ 25.0,1.0,Transferencia
5239,2025-11-03,101,JUAN PEREZ,CORDOBA,Teclado Mecanico,Accesorios,$ 80.0,3.0,Tarjeta Credito
5240,08/08/2025,106,Lucia Fernandez,TUCUMAN,Cable HDMI,Cables,$ 15.75,5.0,Debito
5241,2025-05-23,102,  marta Sanchez  ,ROSARIO,Silla Gamer,Muebles,$ 250.0,5.0,Transferencia
5242,2025-08-24,106,Lucia Fernandez,TUCUMAN,Laptop Pro,Electronica,$ 1200.5,2.0,Efectivo
5243,2025-08-03,106,Lucia Fernandez,TUCUMAN,Laptop Pro,Electronica,$ 1200.5,2.0,Transferencia
5244,2025-04-09,105,PEDRO GOMEZ,CORDOBA,Teclado Mecanico,Accesorios,$ 80.0,4.0,Transferencia
5245,2025-12-03,101,JUAN PEREZ,CORDOBA,Teclado Mecanico,Accesorios,$ 80.0,1.0,Transferencia
5246,2025-11-30,103,Luis Garcia.,CABA,Mouse Optico,Accesorios,$ 25.0,3.0,Tarjeta Credito
5247,2025-09-26,106,Lucia Fernandez,TUCUMAN,Cable HDMI,Cables,$ 15.75,2.0,Tarjeta Credito
5248,2025-05-06,104,Ana Lopez,Mendoza,Silla Gamer,Muebles,$ 250.0,3.0,Efectivo
5249,2025-10-06,101,JUAN PEREZ,CORDOBA,Laptop Pro,Electronica,$ 1200.5,3.0,Efectivo
5250,11/10/2025,102,  marta Sanchez  ,ROSARIO,Monitor 24',Electronica,$ 350.0,1.0,Transferencia
5251,2025-05-06,106,Lucia Fernandez,TUCUMAN,Monitor 24',Electronica,$ 350.0,1.0,Efectivo
5252,2025-06-29,104,Ana Lopez,Mendoza,Teclado Mecanico,Accesorios,$ 80.0,1.0,Debito
5253,2025-06-22,106,Lucia Fernandez,TUCUMAN,Laptop Pro,Electronica,$ 1200.5,5.0,Efectivo
5254,2025-09-11,101,JUAN PEREZ,CORDOBA,Monitor 24',Electronica,$ 350.0,5.0,Tarjeta Credito
5255,2025-01-20,102,  marta Sanchez  ,ROSARIO,Teclado Mecanico,Accesorios,$ 80.0,2.0,Efectivo
5256,2025-12-17,103,Luis Garcia.,CABA,Laptop Pro,Electronica,$ 1200.5,2.0,Debito
5257,2025-02-06,101,JUAN PEREZ,CORDOBA,Silla Gamer,Muebles,,4.0,Efectivo
5258,2025-04-03,105,PEDRO GOMEZ,CORDOBA,Monitor 24',Electronica,$ 350.0,2.0,Tarjeta Credito
5259,2025-05-04,106,Lucia Fernandez,TUCUMAN,Mouse Optico,Accesorios,$ 25.0,4.0,Debito
5260,27/03/2025,105,PEDRO GOMEZ,CORDOBA,Mouse Optico,Accesorios,$ 25.0,5.0,Debito
5261,2025-05-09,101,JUAN PEREZ,CORDOBA,Cable HDMI,Cables,$ 15.75,5.0,Transferencia
5262,2025-01-09,105,PEDRO GOMEZ,CORDOBA,Silla Gamer,Muebles,$ 250.0,3.0,Transferencia
5263,2025-11-20,103,Luis Garcia.,CABA,Silla Gamer,Muebles,$ 250.0,4.0,Debito
5264,2025-09-20,106,Lucia Fernandez,TUCUMAN,Mouse Optico,Accesorios,$ 25.0,2.0,Transferencia
5265,2025-09-22,103,Luis Garcia.,CABA,Silla Gamer,Muebles,$ 250.0,2.0,Efectivo
5266,2025-07-09,102,  marta Sanchez  ,ROSARIO,Teclado Mecanico,Accesorios,$ 80.0,5.0,Debito
5267,2025-05-11,104,Ana Lopez,Mendoza,Cable HDMI,Cables,$ 15.75,3.0,Efectivo
5268,2025-05-08,102,  marta Sanchez  ,ROSARIO,Monitor 24',Electronica,$ 350.0,5.0,Transferencia
5269,2025-06-25,105,PEDRO GOMEZ,CORDOBA,Monitor 24',Electronica,,3.0,Tarjeta Credito
5270,25/03/2025,105,PEDRO GOMEZ,CORDOBA,Monitor 24',Electronica,$ 350.0,5.0,Efectivo
5271,2025-09-03,105,PEDRO GOMEZ,CORDOBA,Monitor 24',Electronica,$ 350.0,2.0,Debito
5272,2025-05-26,105,PEDRO GOMEZ,CORDOBA,Teclado Mecanico,Accesorios,$ 80.0,1.0,Debito
5273,2025-01-23,104,Ana Lopez,Mendoza,Monitor 24',Electronica,$ 350.0,5.0,Transferencia
5274,2025-10-31,101,JUAN PEREZ,CORDOBA,Laptop Pro,Electronica,$ 1200.5,2.0,Debito
5275,2025-05-26,102,  marta Sanchez  ,ROSARIO,Monitor 24',Electronica,$ 350.0,4.0,Debito
5276,2025-08-09,105,PEDRO GOMEZ,CORDOBA,Teclado Mecanico,Accesorios,$ 80.0,5.0,Efectivo
5277,2025-07-29,104,Ana Lopez,Mendoza,Laptop Pro,Electronica,$ 1200.5,1.0,Debito
5278,2025-02-13,105,PEDRO GOMEZ,CORDOBA,Laptop Pro,Electronica,$ 1200.5,1.0,Tarjeta Credito
5279,2025-09-26,101,JUAN PEREZ,CORDOBA,Mouse Optico,Accesorios,$ 25.0,4.0,Tarjeta Credito
5280,03/09/2025,103,Luis Garcia.,CABA,Teclado Mecanico,Accesorios,$ 80.0,3.0,Tarjeta Credito
5281,2025-02-09,106,Lucia Fernandez,TUCUMAN,Monitor 24',Electronica,$ 350.0,1.0,Tarjeta Credito
5282,2025-12-06,104,Ana Lopez,Mendoza,Teclado Mecanico,Accesorios,$ 80.0,2.0,Transferencia
5283,2025-04-17,103,Luis Garcia.,CABA,Silla Gamer,Muebles,$ 250.0,4.0,Efectivo
5284,2025-06-15,101,JUAN PEREZ,CORDOBA,Monitor 24',Electronica,$ 350.0,,Efectivo
5285,2025-12-29,104,Ana Lopez,Mendoza,Teclado Mecanico,Accesorios,$ 80.0,4.0,Efectivo
5286,2025-03-11,103,Luis Garcia.,CABA,Laptop Pro,Electronica,$ 1200.5,3.0,Transferencia
5287,2025-02-06,105,PEDRO GOMEZ,CORDOBA,Teclado Mecanico,Accesorios,$ 80.0,5.0,Transferencia
5288,2025-03-05,103,Luis Garcia.,CABA,Teclado Mecanico,Accesorios,$ 80.0,2.0,Efectivo
5289,2025-05-04,101,JUAN PEREZ,CORDOBA,Silla Gamer,Muebles,$ 250.0,4.0,Debito
5290,12/07/2025,106,Lucia Fernandez,TUCUMAN,Mouse Optico,Accesorios,$ 25.0,1.0,Debito
5291,2025-11-28,102,  marta Sanchez  ,ROSARIO,Cable HDMI,Cables,$ 15.75,4.0,Tarjeta Credito
5292,2025-04-11,106,Lucia Fernandez,TUCUMAN,Teclado Mecanico,Accesorios,$ 80.0,1.0,Tarjeta Credito
5293,2025-03-14,101,JUAN PEREZ,CORDOBA,Laptop Pro,Electronica,$ 1200.5,5.0,Efectivo
5294,2025-11-29,101,JUAN PEREZ,CORDOBA,Cable HDMI,Cables,$ 15.75,5.0,Efectivo
5295,2025-09-08,102,  marta Sanchez  ,ROSARIO,Silla Gamer,Muebles,$ 250.0,4.0,Tarjeta Credito
5296,2025-06-17,102,  marta Sanchez  ,ROSARIO,Teclado Mecanico,Accesorios,$ 80.0,2.0,Debito
5297,2025-06-05,102,  marta Sanchez  ,ROSARIO,Monitor 24',Electronica,$ 350.0,5.0,Efectivo
5298,2025-11-03,104,Ana Lopez,Mendoza,Cable HDMI,Cables,$ 15.75,2.0,Transferencia
5299,2025-02-06,101,JUAN PEREZ,CORDOBA,Cable HDMI,Cables,$ 15.75,2.0,Efectivo
5300,04/08/2025,104,Ana Lopez,Mendoza,Silla Gamer,Muebles,$ 250.0,1.0,Debito
5301,2025-08-17,102,  marta Sanchez  ,ROSARIO,Laptop Pro,Electronica,$ 1200.5,4.0,Debito
5302,2025-12-12,104,Ana Lopez,Mendoza,Mouse Optico,Accesorios,$ 25.0,2.0,Debito
5303,2025-06-10,104,Ana Lopez,Mendoza,Cable HDMI,Cables,$ 15.75,5.0,Debito
5304,2025-09-11,104,Ana Lopez,Mendoza,Monitor 24',Electronica,$ 350.0,5.0,Efectivo
5305,2025-11-29,106,Lucia Fernandez,TUCUMAN,Monitor 24',Electronica,$ 350.0,5.0,Efectivo
5306,2025-07-01,102,  marta Sanchez  ,ROSARIO,Cable HDMI,Cables,$ 15.75,4.0,Efectivo
5307,2025-09-01,101,JUAN PEREZ,CORDOBA,Mouse Optico,Accesorios,$ 25.0,4.0,Efectivo
5308,2025-03-18,101,JUAN PEREZ,CORDOBA,Monitor 24',Electronica,,4.0,Debito
5309,2025-06-07,103,Luis Garcia.,CABA,Laptop Pro,Electronica,$ 1200.5,3.0,Tarjeta Credito
5310,30/08/2025,101,JUAN PEREZ,CORDOBA,Monitor 24',Electronica,$ 350.0,2.0,Tarjeta Credito
5311,2025-01-30,105,PEDRO GOMEZ,CORDOBA,Cable HDMI,Cables,$ 15.75,1.0,Efectivo
5312,2025-07-29,106,Lucia Fernandez,TUCUMAN,Laptop Pro,Electronica,$ 1200.5,5.0,Transferencia
5313,2025-05-29,102,  marta Sanchez  ,ROSARIO,Silla Gamer,Muebles,$ 250.0,5.0,Efectivo
5314,2025-08-05,106,Lucia Fernandez,TUCUMAN,Silla Gamer,Muebles,$ 250.0,2.0,Transferencia
5315,2025-07-30,106,Lucia Fernandez,TUCUMAN,Mouse Optico,Accesorios,$ 25.0,1.0,Tarjeta Credito
5316,2025-01-15,103,Luis Garcia.,CABA,Teclado Mecanico,Accesorios,$ 80.0,1.0,Tarjeta Credito
5317,2025-05-06,101,JUAN PEREZ,CORDOBA,Silla Gamer,Muebles,$ 250.0,3.0,Debito
5318,2025-11-04,101,JUAN PEREZ,CORDOBA,Laptop Pro,Electronica,$ 1200.5,5.0,Debito
5319,2025-02-14,103,Luis Garcia.,CABA,Laptop Pro,Electronica,$ 1200.5,3.0,Transferencia
5320,22/05/2025,106,Lucia Fernandez,TUCUMAN,Teclado Mecanico,Accesorios,$ 80.0,3.0,Debito
5321,2025-02-17,104,Ana Lopez,Mendoza,Teclado Mecanico,Accesorios,$ 80.0,4.0,Debito
5322,2025-05-24,106,Lucia Fernandez,TUCUMAN,Laptop Pro,Electronica,$ 1200.5,4.0,Debito
5323,2025-07-16,106,Lucia Fernandez,TUCUMAN,Silla Gamer,Muebles,$ 250.0,5.0,Tarjeta Credito
5324,2025-12-31,106,Lucia Fernandez,TUCUMAN,Monitor 24',Electronica,$ 350.0,5.0,Efectivo
5325,2025-11-25,101,JUAN PEREZ,CORDOBA,Cable HDMI,Cables,$ 15.75,2.0,Transferencia
5326,2025-01-02,106,Lucia Fernandez,TUCUMAN,Mouse Optico,Accesorios,$ 25.0,2.0,Debito
5327,2025-01-09,104,Ana Lopez,Mendoza,Monitor 24',Electronica,$ 350.0,2.0,Debito
5328,2025-02-04,102,  marta Sanchez  ,ROSARIO,Mouse Optico,Accesorios,$ 25.0,2.0,Tarjeta Credito
5329,2025-07-12,105,PEDRO GOMEZ,CORDOBA,Teclado Mecanico,Accesorios,,4.0,Transferencia
5330,30/10/2025,102,  marta Sanchez  ,ROSARIO,Cable HDMI,Cables,$ 15.75,5.0,Efectivo
5331,2025-08-22,102,  marta Sanchez  ,ROSARIO,Monitor 24',Electronica,$ 350.0,2.0,Tarjeta Credito
5332,2025-11-07,102,  marta Sanchez  ,ROSARIO,Monitor 24',Electronica,$ 350.0,2.0,Transferencia
5333,2025-11-27,105,PEDRO GOMEZ,CORDOBA,Teclado Mecanico,Accesorios,$ 80.0,1.0,Debito
5334,2025-09-12,104,Ana Lopez,Mendoza,Monitor 24',Electronica,$ 350.0,1.0,Transferencia
5335,2025-09-16,103,Luis Garcia.,CABA,Laptop Pro,Electronica,$ 1200.5,,Efectivo
5336,2025-04-11,105,PEDRO GOMEZ,CORDOBA,Monitor 24',Electronica,$ 350.0,4.0,Efectivo
5337,2025-06-28,105,PEDRO GOMEZ,CORDOBA,Laptop Pro,Electronica,$ 1200.5,5.0,Efectivo
5338,2025-12-22,106,Lucia Fernandez,TUCUMAN,Mouse Optico,Accesorios,$ 25.0,3.0,Efectivo
5339,2025-01-30,105,PEDRO GOMEZ,CORDOBA,Cable HDMI,Cables,$ 15.75,1.0,Transferencia
5340,19/06/2025,105,PEDRO GOMEZ,CORDOBA,Teclado Mecanico,Accesorios,$ 80.0,1.0,Debito
5341,2025-11-14,104,Ana Lopez,Mendoza,Monitor 24',Electronica,$ 350.0,1.0,Transferencia
5342,2025-10-20,103,Luis Garcia.,CABA,Cable HDMI,Cables,$ 15.75,1.0,Tarjeta Credito
5343,2025-02-03,102,  marta Sanchez  ,ROSARIO,Cable HDMI,Cables,$ 15.75,2.0,Efectivo
5344,2025-11-07,102,  marta Sanchez  ,ROSARIO,Silla Gamer,Muebles,$ 250.0,2.0,Tarjeta Credito
5345,2025-07-09,106,Lucia Fernandez,TUCUMAN,Cable HDMI,Cables,$ 15.75,2.0,Tarjeta Credito
5346,2025-02-22,105,PEDRO GOMEZ,CORDOBA,Silla Gamer,Muebles,$ 250.0,2.0,Debito
5347,2025-02-16,102,  marta Sanchez  ,ROSARIO,Monitor 24',Electronica,$ 350.0,4.0,Tarjeta Credito
5348,2025-02-12,102,  marta Sanchez  ,ROSARIO,Mouse Optico,Accesorios,$ 25.0,3.0,Transferencia
5349,2025-06-14,101,JUAN PEREZ,CORDOBA,Laptop Pro,Electronica,$ 1200.5,3.0,Efectivo
5350,14/08/2025,101,JUAN PEREZ,CORDOBA,Teclado Mecanico,Accesorios,$ 80.0,1.0,Tarjeta Credito
5351,2025-07-28,105,PEDRO GOMEZ,CORDOBA,Silla Gamer,Muebles,$ 250.0,3.0,Efectivo
5352,2025-12-29,104,Ana Lopez,Mendoza,Teclado Mecanico,Accesorios,$ 80.0,3.0,Efectivo
5353,2025-10-13,103,Luis Garcia.,CABA,Laptop Pro,Electronica,$ 1200.5,5.0,Tarjeta Credito
5354,2025-11-11,102,  marta Sanchez  ,ROSARIO,Teclado Mecanico,Accesorios,$ 80.0,3.0,Transferencia
5355,2025-06-07,101,JUAN PEREZ,CORDOBA,Teclado Mecanico,Accesorios,$ 80.0,1.0,Tarjeta Credito
5356,2025-12-22,104,Ana Lopez,Mendoza,Laptop Pro,Electronica,$ 1200.5,4.0,Tarjeta Credito
5357,2025-12-26,101,JUAN PEREZ,CORDOBA,Laptop Pro,Electronica,$ 1200.5,2.0,Efectivo
5358,2025-03-05,102,  marta Sanchez  ,ROSARIO,Silla Gamer,Muebles,$ 250.0,5.0,Transferencia
5359,2025-02-12,102,  marta Sanchez  ,ROSARIO,Silla Gamer,Muebles,$ 250.0,4.0,Transferencia
5360,13/11/2025,106,Lucia Fernandez,TUCUMAN,Teclado Mecanico,Accesorios,$ 80.0,2.0,Tarjeta Credito
5361,2025-11-20,105,PEDRO GOMEZ,CORDOBA,Mouse Optico,Accesorios,$ 25.0,1.0,Tarjeta Credito
5362,2025-10-19,101,JUAN PEREZ,CORDOBA,Monitor 24',Electronica,$ 350.0,3.0,Debito
5363,2025-10-10,102,  marta Sanchez  ,ROSARIO,Mouse Optico,Accesorios,$ 25.0,2.0,Transferencia
5364,2025-01-24,102,  marta Sanchez  ,ROSARIO,Laptop Pro,Electronica,$ 1200.5,3.0,Efectivo
5365,2025-03-07,105,PEDRO GOMEZ,CORDOBA,Teclado Mecanico,Accesorios,$ 80.0,4.0,Tarjeta Credito
5366,2025-06-29,102,  marta Sanchez  ,ROSARIO,Cable HDMI,Cables,$ 15.75,1.0,Efectivo
5367,2025-11-25,106,Lucia Fernandez,TUCUMAN,Cable HDMI,Cables,,5.0,Debito
5368,2025-01-23,101,JUAN PEREZ,CORDOBA,Teclado Mecanico,Accesorios,$ 80.0,2.0,Efectivo
5369,2025-07-03,101,JUAN PEREZ,CORDOBA,Teclado Mecanico,Accesorios,$ 80.0,3.0,Debito
5370,07/11/2025,104,Ana Lopez,Mendoza,Silla Gamer,Muebles,$ 250.0,5.0,Tarjeta Credito
5371,2025-11-21,103,Luis Garcia.,CABA,Laptop Pro,Electronica,$ 1200.5,5.0,Efectivo
5372,2025-12-19,104,Ana Lopez,Mendoza,Teclado Mecanico,Accesorios,$ 80.0,4.0,Efectivo
5373,2025-08-09,106,Lucia Fernandez,TUCUMAN,Monitor 24',Electronica,$ 350.0,5.0,Debito
5374,2025-09-19,105,PEDRO GOMEZ,CORDOBA,Cable HDMI,Cables,$ 15.75,3.0,Debito
5375,2025-11-16,106,Lucia Fernandez,TUCUMAN,Cable HDMI,Cables,$ 15.75,4.0,Tarjeta Credito
5376,2025-03-07,104,Ana Lopez,Mendoza,Silla Gamer,Muebles,$ 250.0,5.0,Tarjeta Credito
5377,2025-04-10,101,JUAN PEREZ,CORDOBA,Laptop Pro,Electronica,$ 1200.5,,Efectivo
5378,2025-05-22,104,Ana Lopez,Mendoza,Cable HDMI,Cables,$ 15.75,1.0,Tarjeta Credito
5379,2025-01-09,102,  marta Sanchez  ,ROSARIO,Cable HDMI,Cables,$ 15.75,3.0,Efectivo
5380,14/10/2025,106,Lucia Fernandez,TUCUMAN,Mouse Optico,Accesorios,$ 25.0,3.0,Efectivo
5381,2025-12-31,101,JUAN PEREZ,CORDOBA,Cable HDMI,Cables,$ 15.75,5.0,Tarjeta Credito
5382,2025-06-07,103,Luis Garcia.,CABA,Mouse Optico,Accesorios,$ 25.0,5.0,Efectivo
5383,2025-07-29,101,JUAN PEREZ,CORDOBA,Silla Gamer,Muebles,$ 250.0,5.0,Efectivo
5384,2025-03-06,106,Lucia Fernandez,TUCUMAN,Mouse Optico,Accesorios,$ 25.0,1.0,Efectivo
5385,2025-07-26,105,PEDRO GOMEZ,CORDOBA,Cable HDMI,Cables,$ 15.75,4.0,Efectivo
5386,2025-12-05,104,Ana Lopez,Mendoza,Silla Gamer,Muebles,$ 250.0,3.0,Transferencia
5387,2025-03-26,102,  marta Sanchez  ,ROSARIO,Cable HDMI,Cables,$ 15.75,1.0,Transferencia
5388,2025-07-11,102,  marta Sanchez  ,ROSARIO,Mouse Optico,Accesorios,$ 25.0,5.0,Efectivo
5389,2025-06-02,104,Ana Lopez,Mendoza,Cable HDMI,Cables,$ 15.75,4.0,Debito
5390,15/09/2025,106,Lucia Fernandez,TUCUMAN,Teclado Mecanico,Accesorios,,3.0,Efectivo
5391,2025-09-03,105,PEDRO GOMEZ,CORDOBA,Mouse Optico,Accesorios,$ 25.0,5.0,Efectivo
5392,2025-06-21,105,PEDRO GOMEZ,CORDOBA,Teclado Mecanico,Accesorios,$ 80.0,2.0,Tarjeta Credito
5393,2025-06-26,104,Ana Lopez,Mendoza,Monitor 24',Electronica,$ 350.0,5.0,Transferencia
5394,2025-11-15,105,PEDRO GOMEZ,CORDOBA,Silla Gamer,Muebles,$ 250.0,4.0,Efectivo
5395,2025-02-02,101,JUAN PEREZ,CORDOBA,Silla Gamer,Muebles,$ 250.0,5.0,Debito
5396,2025-08-08,106,Lucia Fernandez,TUCUMAN,Mouse Optico,Accesorios,$ 25.0,1.0,Debito
5397,2025-06-21,104,Ana Lopez,Mendoza,Monitor 24',Electronica,$ 350.0,3.0,Efectivo
5398,2025-11-25,101,JUAN PEREZ,CORDOBA,Monitor 24',Electronica,$ 350.0,5.0,Debito
5399,2025-11-03,104,Ana Lopez,Mendoza,Cable HDMI,Cables,$ 15.75,1.0,Tarjeta Credito
5400,29/06/2025,105,PEDRO GOMEZ,CORDOBA,Mouse Optico,Accesorios,$ 25.0,1.0,Tarjeta Credito
5401,2025-01-20,104,Ana Lopez,Mendoza,Mouse Optico,Accesorios,$ 25.0,5.0,Debito
5402,2025-03-21,106,Lucia Fernandez,TUCUMAN,Silla Gamer,Muebles,$ 250.0,2.0,Efectivo
5403,2025-04-21,105,PEDRO GOMEZ,CORDOBA,Silla Gamer,Muebles,$ 250.0,2.0,Debito
5404,2025-10-11,104,Ana Lopez,Mendoza,Teclado Mecanico,Accesorios,,3.0,Debito
5405,2025-01-26,106,Lucia Fernandez,TUCUMAN,Silla Gamer,Muebles,$ 250.0,5.0,Tarjeta Credito
5406,2025-04-15,103,Luis Garcia.,CABA,Laptop Pro,Electronica,$ 1200.5,1.0,Tarjeta Credito
5407,2025-08-13,103,Luis Garcia.,CABA,Mouse Optico,Accesorios,$ 25.0,5.0,Debito
5408,2025-09-06,104,Ana Lopez,Mendoza,Silla Gamer,Muebles,$ 250.0,3.0,Efectivo
5409,2025-06-26,104,Ana Lopez,Mendoza,Laptop Pro,Electronica,$ 1200.5,4.0,Tarjeta Credito
5410,06/09/2025,105,PEDRO GOMEZ,CORDOBA,Teclado Mecanico,Accesorios,$ 80.0,4.0,Transferencia
5411,2025-01-25,104,Ana Lopez,Mendoza,Mouse Optico,Accesorios,$ 25.0,4.0,Efectivo
5412,2025-02-02,105,PEDRO GOMEZ,CORDOBA,Cable HDMI,Cables,$ 15.75,5.0,Efectivo
5413,2025-11-17,104,Ana Lopez,Mendoza,Teclado Mecanico,Accesorios,$ 80.0,5.0,Efectivo
5414,2025-03-29,106,Lucia Fernandez,TUCUMAN,Laptop Pro,Electronica,$ 1200.5,3.0,Efectivo
5415,2025-12-03,106,Lucia Fernandez,TUCUMAN,Silla Gamer,Muebles,$ 250.0,1.0,Debito
5416,2025-06-13,104,Ana Lopez,Mendoza,Monitor 24',Electronica,$ 350.0,2.0,Debito
5417,2025-05-14,102,  marta Sanchez  ,ROSARIO,Teclado Mecanico,Accesorios,$ 80.0,4.0,Debito
5418,2025-05-17,106,Lucia Fernandez,TUCUMAN,Cable HDMI,Cables,$ 15.75,4.0,Tarjeta Credito
5419,2025-02-12,104,Ana Lopez,Mendoza,Monitor 24',Electronica,$ 350.0,5.0,Tarjeta Credito
5420,03/02/2025,105,PEDRO GOMEZ,CORDOBA,Cable HDMI,Cables,$ 15.75,1.0,Transferencia
5421,2025-12-19,105,PEDRO GOMEZ,CORDOBA,Silla Gamer,Muebles,$ 250.0,3.0,Transferencia
5422,2025-12-11,103,Luis Garcia.,CABA,Mouse Optico,Accesorios,$ 25.0,5.0,Transferencia
5423,2025-05-06,105,PEDRO GOMEZ,CORDOBA,Silla Gamer,Muebles,$ 250.0,5.0,Debito
5424,2025-08-16,103,Luis Garcia.,CABA,Teclado Mecanico,Accesorios,$ 80.0,3.0,Tarjeta Credito
5425,2025-07-05,104,Ana Lopez,Mendoza,Laptop Pro,Electronica,$ 1200.5,3.0,Transferencia
5426,2025-04-24,106,Lucia Fernandez,TUCUMAN,Monitor 24',Electronica,$ 350.0,4.0,Debito
5427,2025-07-30,101,JUAN PEREZ,CORDOBA,Monitor 24',Electronica,$ 350.0,2.0,Tarjeta Credito
5428,2025-11-10,105,PEDRO GOMEZ,CORDOBA,Monitor 24',Electronica,$ 350.0,4.0,Transferencia
5429,2025-06-27,103,Luis Garcia.,CABA,Laptop Pro,Electronica,$ 1200.5,4.0,Tarjeta Credito
5430,25/01/2025,101,JUAN PEREZ,CORDOBA,Silla Gamer,Muebles,$ 250.0,3.0,Debito
5431,2025-05-28,104,Ana Lopez,Mendoza,Mouse Optico,Accesorios,$ 25.0,1.0,Efectivo
5432,2025-09-05,106,Lucia Fernandez,TUCUMAN,Cable HDMI,Cables,$ 15.75,3.0,Debito
5433,2025-07-25,105,PEDRO GOMEZ,CORDOBA,Monitor 24',Electronica,$ 350.0,3.0,Debito
5434,2025-07-21,103,Luis Garcia.,CABA,Laptop Pro,Electronica,$ 1200.5,3.0,Debito
5435,2025-12-07,102,  marta Sanchez  ,ROSARIO,Cable HDMI,Cables,$ 15.75,2.0,Efectivo
5436,2025-10-10,103,Luis Garcia.,CABA,Monitor 24',Electronica,,5.0,Efectivo
5437,2025-11-03,104,Ana Lopez,Mendoza,Silla Gamer,Muebles,$ 250.0,5.0,Tarjeta Credito
5438,2025-07-26,106,Lucia Fernandez,TUCUMAN,Teclado Mecanico,Accesorios,,5.0,Efectivo
5439,2025-03-02,106,Lucia Fernandez,TUCUMAN,Silla Gamer,Muebles,$ 250.0,2.0,Transferencia
5440,02/12/2025,106,Lucia Fernandez,TUCUMAN,Silla Gamer,Muebles,$ 250.0,4.0,Tarjeta Credito
5441,2025-08-27,103,Luis Garcia.,CABA,Laptop Pro,Electronica,$ 1200.5,5.0,Debito
5442,2025-02-19,106,Lucia Fernandez,TUCUMAN,Silla Gamer,Muebles,$ 250.0,5.0,Debito
5443,2025-05-06,106,Lucia Fernandez,TUCUMAN,Silla Gamer,Muebles,$ 250.0,3.0,Efectivo
5444,2025-01-22,105,PEDRO GOMEZ,CORDOBA,Monitor 24',Electronica,$ 350.0,3.0,Efectivo
5445,2025-01-19,106,Lucia Fernandez,TUCUMAN,Teclado Mecanico,Accesorios,$ 80.0,5.0,Debito
5446,2025-02-09,101,JUAN PEREZ,CORDOBA,Laptop Pro,Electronica,$ 1200.5,1.0,Tarjeta Credito
5447,2025-01-19,101,JUAN PEREZ,CORDOBA,Teclado Mecanico,Accesorios,$ 80.0,3.0,Tarjeta Credito
5448,2025-08-10,104,Ana Lopez,Mendoza,Cable HDMI,Cables,$ 15.75,5.0,Efectivo
5449,2025-02-20,103,Luis Garcia.,CABA,Silla Gamer,Muebles,$ 250.0,1.0,Efectivo
5450,07/12/2025,105,PEDRO GOMEZ,CORDOBA,Mouse Optico,Accesorios,$ 25.0,5.0,Debito
5451,2025-12-13,104,Ana Lopez,Mendoza,Teclado Mecanico,Accesorios,$ 80.0,4.0,Debito
5452,2025-12-11,102,  marta Sanchez  ,ROSARIO,Monitor 24',Electronica,$ 350.0,5.0,Debito
5453,2025-01-30,101,JUAN PEREZ,CORDOBA,Teclado Mecanico,Accesorios,$ 80.0,5.0,Transferencia
5454,2025-04-20,103,Luis Garcia.,CABA,Laptop Pro,Electronica,$ 1200.5,1.0,Transferencia
5455,2025-02-08,105,PEDRO GOMEZ,CORDOBA,Laptop Pro,Electronica,$ 1200.5,4.0,Efectivo
5456,2025-11-22,102,  marta Sanchez  ,ROSARIO,Teclado Mecanico,Accesorios,$ 80.0,4.0,Debito
5457,2025-06-10,106,Lucia Fernandez,TUCUMAN,Mouse Optico,Accesorios,$ 25.0,5.0,Debito
5458,2025-12-22,104,Ana Lopez,Mendoza,Laptop Pro,Electronica,$ 1200.5,2.0,Tarjeta Credito
5459,2025-08-22,106,Lucia Fernandez,TUCUMAN,Laptop Pro,Electronica,$ 1200.5,3.0,Debito
5460,20/03/2025,103,Luis Garcia.,CABA,Cable HDMI,Cables,$ 15.75,2.0,Efectivo
5461,2025-08-01,102,  marta Sanchez  ,ROSARIO,Silla Gamer,Muebles,$ 250.0,5.0,Efectivo
5462,2025-03-14,106,Lucia Fernandez,TUCUMAN,Laptop Pro,Electronica,$ 1200.5,5.0,Debito
5463,2025-02-23,104,Ana Lopez,Mendoza,Cable HDMI,Cables,$ 15.75,2.0,Transferencia
5464,2025-05-16,102,  marta Sanchez  ,ROSARIO,Laptop Pro,Electronica,$ 1200.5,2.0,Debito
5465,2025-10-27,101,JUAN PEREZ,CORDOBA,Laptop Pro,Electronica,$ 1200.5,5.0,Transferencia
5466,2025-06-06,103,Luis Garcia.,CABA,Cable HDMI,Cables,$ 15.75,3.0,Debito
5467,2025-11-19,103,Luis Garcia.,CABA,Silla Gamer,Muebles,$ 250.0,2.0,Transferencia
5468,2025-06-12,103,Luis Garcia.,CABA,Silla Gamer,Muebles,$ 250.0,1.0,Tarjeta Credito
5469,2025-12-07,106,Lucia Fernandez,TUCUMAN,Cable HDMI,Cables,$ 15.75,3.0,Tarjeta Credito
5470,19/08/2025,102,  marta Sanchez  ,ROSARIO,Teclado Mecanico,Accesorios,$ 80.0,3.0,Transferencia
5471,2025-10-10,101,JUAN PEREZ,CORDOBA,Mouse Optico,Accesorios,$ 25.0,1.0,Transferencia
5472,2025-08-08,104,Ana Lopez,Mendoza,Silla Gamer,Muebles,$ 250.0,5.0,Efectivo
5473,2025-05-14,104,Ana Lopez,Mendoza,Laptop Pro,Electronica,$ 1200.5,1.0,Tarjeta Credito
5474,2025-09-25,103,Luis Garcia.,CABA,Silla Gamer,Muebles,$ 250.0,3.0,Tarjeta Credito
5475,2025-04-05,101,JUAN PEREZ,CORDOBA,Laptop Pro,Electronica,$ 1200.5,4.0,Tarjeta Credito
5476,2025-09-18,102,  marta Sanchez  ,ROSARIO,Laptop Pro,Electronica,$ 1200.5,3.0,Debito
5477,2025-10-21,104,Ana Lopez,Mendoza,Laptop Pro,Electronica,,4.0,Debito
5478,2025-05-02,101,JUAN PEREZ,CORDOBA,Cable HDMI,Cables,$ 15.75,5.0,Efectivo
5479,2025-08-04,101,JUAN PEREZ,CORDOBA,Teclado Mecanico,Accesorios,$ 80.0,1.0,Debito
5480,13/09/2025,102,  marta Sanchez  ,ROSARIO,Laptop Pro,Electronica,$ 1200.5,5.0,Debito
5481,2025-12-03,105,PEDRO GOMEZ,CORDOBA,Laptop Pro,Electronica,$ 1200.5,5.0,Transferencia
5482,2025-12-10,101,JUAN PEREZ,CORDOBA,Mouse Optico,Accesorios,$ 25.0,3.0,Debito
5483,2025-08-08,103,Luis Garcia.,CABA,Cable HDMI,Cables,$ 15.75,5.0,Tarjeta Credito
5484,2025-06-15,104,Ana Lopez,Mendoza,Laptop Pro,Electronica,$ 1200.5,2.0,Tarjeta Credito
5485,2025-10-19,104,Ana Lopez,Mendoza,Monitor 24',Electronica,,4.0,Tarjeta Credito
5486,2025-03-08,102,  marta Sanchez  ,ROSARIO,Monitor 24',Electronica,$ 350.0,1.0,Debito
5487,2025-03-05,106,Lucia Fernandez,TUCUMAN,Laptop Pro,Electronica,$ 1200.5,3.0,Tarjeta Credito
5488,2025-10-06,102,  marta Sanchez  ,ROSARIO,Teclado Mecanico,Accesorios,$ 80.0,1.0,Debito
5489,2025-03-02,103,Luis Garcia.,CABA,Mouse Optico,Accesorios,$ 25.0,1.0,Transferencia
5490,12/03/2025,106,Lucia Fernandez,TUCUMAN,Teclado Mecanico,Accesorios,$ 80.0,2.0,Debito
5491,2025-03-31,101,JUAN PEREZ,CORDOBA,Mouse Optico,Accesorios,$ 25.0,1.0,Debito
5492,2025-09-21,103,Luis Garcia.,CABA,Monitor 24',Electronica,,5.0,Transferencia
5493,2025-10-07,102,  marta Sanchez  ,ROSARIO,Monitor 24',Electronica,$ 350.0,3.0,Transferencia
5494,2025-11-24,106,Lucia Fernandez,TUCUMAN,Cable HDMI,Cables,$ 15.75,4.0,Transferencia
5495,2025-09-03,103,Luis Garcia.,CABA,Laptop Pro,Electronica,$ 1200.5,4.0,Transferencia
5496,2025-06-26,106,Lucia Fernandez,TUCUMAN,Silla Gamer,Muebles,$ 250.0,1.0,Efectivo
5497,2025-03-19,101,JUAN PEREZ,CORDOBA,Laptop Pro,Electronica,$ 1200.5,1.0,Efectivo
5498,2025-11-22,103,Luis Garcia.,CABA,Cable HDMI,Cables,$ 15.75,5.0,Tarjeta Credito
5499,2025-11-05,102,  marta Sanchez  ,ROSARIO,Monitor 24',Electronica,$ 350.0,4.0,Tarjeta Credito
5500,14/01/2025,104,Ana Lopez,Mendoza,Silla Gamer,Muebles,$ 250.0,5.0,Debito
5501,2025-06-05,101,JUAN PEREZ,CORDOBA,Cable HDMI,Cables,$ 15.75,4.0,Tarjeta Credito
5502,2025-07-20,103,Luis Garcia.,CABA,Laptop Pro,Electronica,$ 1200.5,5.0,Efectivo
5503,2025-08-18,102,  marta Sanchez  ,ROSARIO,Mouse Optico,Accesorios,$ 25.0,5.0,Debito
5504,2025-08-26,104,Ana Lopez,Mendoza,Teclado Mecanico,Accesorios,$ 80.0,1.0,Tarjeta Credito
5505,2025-04-25,104,Ana Lopez,Mendoza,Monitor 24',Electronica,$ 350.0,5.0,Debito
5506,2025-12-09,106,Lucia Fernandez,TUCUMAN,Silla Gamer,Muebles,$ 250.0,4.0,Transferencia
5507,2025-04-26,101,JUAN PEREZ,CORDOBA,Mouse Optico,Accesorios,$ 25.0,4.0,Debito
5508,2025-05-16,103,Luis Garcia.,CABA,Teclado Mecanico,Accesorios,$ 80.0,1.0,Efectivo
5509,2025-10-01,105,PEDRO GOMEZ,CORDOBA,Monitor 24',Electronica,$ 350.0,4.0,Transferencia
5510,17/02/2025,101,JUAN PEREZ,CORDOBA,Cable HDMI,Cables,$ 15.75,3.0,Efectivo
5511,2025-01-27,102,  marta Sanchez  ,ROSARIO,Teclado Mecanico,Accesorios,$ 80.0,5.0,Efectivo
5512,2025-06-03,105,PEDRO GOMEZ,CORDOBA,Silla Gamer,Muebles,$ 250.0,1.0,Tarjeta Credito
5513,2025-09-05,101,JUAN PEREZ,CORDOBA,Laptop Pro,Electronica,$ 1200.5,4.0,Efectivo
5514,2025-05-29,104,Ana Lopez,Mendoza,Monitor 24',Electronica,$ 350.0,3.0,Debito
5515,2025-10-17,102,  marta Sanchez  ,ROSARIO,Cable HDMI,Cables,$ 15.75,4.0,Transferencia
5516,2025-06-22,103,Luis Garcia.,CABA,Cable HDMI,Cables,$ 15.75,1.0,Transferencia
5517,2025-11-08,105,PEDRO GOMEZ,CORDOBA,Laptop Pro,Electronica,$ 1200.5,4.0,Efectivo
5518,2025-01-06,106,Lucia Fernandez,TUCUMAN,Teclado Mecanico,Accesorios,$ 80.0,5.0,Transferencia
5519,2025-07-28,106,Lucia Fernandez,TUCUMAN,Silla Gamer,Muebles,$ 250.0,4.0,Debito
5520,15/08/2025,101,JUAN PEREZ,CORDOBA,Cable HDMI,Cables,$ 15.75,4.0,Efectivo
5521,2025-12-01,104,Ana Lopez,Mendoza,Laptop Pro,Electronica,$ 1200.5,4.0,Transferencia
5522,2025-09-12,104,Ana Lopez,Mendoza,Mouse Optico,Accesorios,$ 25.0,4.0,Tarjeta Credito
5523,2025-01-29,106,Lucia Fernandez,TUCUMAN,Laptop Pro,Electronica,$ 1200.5,3.0,Tarjeta Credito
5524,2025-11-02,102,  marta Sanchez  ,ROSARIO,Cable HDMI,Cables,$ 15.75,1.0,Debito
5525,2025-03-27,105,PEDRO GOMEZ,CORDOBA,Silla Gamer,Muebles,$ 250.0,2.0,Transferencia
5526,2025-04-21,101,JUAN PEREZ,CORDOBA,Mouse Optico,Accesorios,$ 25.0,3.0,Efectivo
5527,2025-07-25,104,Ana Lopez,Mendoza,Laptop Pro,Electronica,$ 1200.5,4.0,Efectivo
5528,2025-12-15,106,Lucia Fernandez,TUCUMAN,Mouse Optico,Accesorios,$ 25.0,3.0,Transferencia
5529,2025-08-13,102,  marta Sanchez  ,ROSARIO,Monitor 24',Electronica,$ 350.0,2.0,Efectivo
5530,16/09/2025,101,JUAN PEREZ,CORDOBA,Mouse Optico,Accesorios,$ 25.0,1.0,Tarjeta Credito
5531,2025-05-10,104,Ana Lopez,Mendoza,Monitor 24',Electronica,$ 350.0,3.0,Efectivo
5532,2025-06-24,105,PEDRO GOMEZ,CORDOBA,Teclado Mecanico,Accesorios,$ 80.0,5.0,Tarjeta Credito
5533,2025-07-05,103,Luis Garcia.,CABA,Mouse Optico,Accesorios,$ 25.0,2.0,Tarjeta Credito
5534,2025-08-16,103,Luis Garcia.,CABA,Mouse Optico,Accesorios,$ 25.0,2.0,Efectivo
5535,2025-09-03,103,Luis Garcia.,CABA,Laptop Pro,Electronica,$ 1200.5,4.0,Debito
5536,2025-01-15,105,PEDRO GOMEZ,CORDOBA,Teclado Mecanico,Accesorios,$ 80.0,5.0,Transferencia
5537,2025-05-08,102,  marta Sanchez  ,ROSARIO,Laptop Pro,Electronica,$ 1200.5,1.0,Tarjeta Credito
5538,2025-06-16,105,PEDRO GOMEZ,CORDOBA,Silla Gamer,Muebles,$ 250.0,2.0,Transferencia
5539,2025-10-17,105,PEDRO GOMEZ,CORDOBA,Teclado Mecanico,Accesorios,$ 80.0,5.0,Debito
5540,09/02/2025,102,  marta Sanchez  ,ROSARIO,Silla Gamer,Muebles,$ 250.0,3.0,Efectivo
5541,2025-10-23,104,Ana Lopez,Mendoza,Mouse Optico,Accesorios,$ 25.0,5.0,Debito
5542,2025-02-28,103,Luis Garcia.,CABA,Monitor 24',Electronica,$ 350.0,2.0,Tarjeta Credito
5543,2025-01-10,104,Ana Lopez,Mendoza,Laptop Pro,Electronica,$ 1200.5,2.0,Debito
5544,2025-12-17,103,Luis Garcia.,CABA,Monitor 24',Electronica,$ 350.0,2.0,Transferencia
5545,2025-12-02,106,Lucia Fernandez,TUCUMAN,Silla Gamer,Muebles,$ 250.0,4.0,Efectivo
5546,2025-05-20,103,Luis Garcia.,CABA,Monitor 24',Electronica,$ 350.0,4.0,Transferencia
5547,2025-02-04,106,Lucia Fernandez,TUCUMAN,Silla Gamer,Muebles,$ 250.0,4.0,Debito
5548,2025-06-13,102,  marta Sanchez  ,ROSARIO,Teclado Mecanico,Accesorios,$ 80.0,,Tarjeta Credito
5549,2025-07-27,103,Luis Garcia.,CABA,Mouse Optico,Accesorios,$ 25.0,3.0,Efectivo
5550,28/04/2025,102,  marta Sanchez  ,ROSARIO,Laptop Pro,Electronica,$ 1200.5,4.0,Efectivo
5551,2025-10-05,103,Luis Garcia.,CABA,Silla Gamer,Muebles,$ 250.0,2.0,Tarjeta Credito
5552,2025-09-17,105,PEDRO GOMEZ,CORDOBA,Monitor 24',Electronica,$ 350.0,2.0,Transferencia
5553,2025-12-29,104,Ana Lopez,Mendoza,Cable HDMI,Cables,$ 15.75,1.0,Efectivo
5554,2025-11-01,103,Luis Garcia.,CABA,Teclado Mecanico,Accesorios,$ 80.0,4.0,Tarjeta Credito
5555,2025-12-06,103,Luis Garcia.,CABA,Silla Gamer,Muebles,$ 250.0,1.0,Debito
5556,2025-07-06,101,JUAN PEREZ,CORDOBA,Laptop Pro,Electronica,,4.0,Debito
5557,2025-12-09,105,PEDRO GOMEZ,CORDOBA,Teclado Mecanico,Accesorios,$ 80.0,3.0,Tarjeta Credito
5558,2025-01-24,105,PEDRO GOMEZ,CORDOBA,Mouse Optico,Accesorios,$ 25.0,5.0,Efectivo
5559,2025-04-27,102,  marta Sanchez  ,ROSARIO,Mouse Optico,Accesorios,$ 25.0,4.0,Tarjeta Credito
5560,28/11/2025,103,Luis Garcia.,CABA,Cable HDMI,Cables,$ 15.75,5.0,Efectivo
5561,2025-10-31,105,PEDRO GOMEZ,CORDOBA,Mouse Optico,Accesorios,$ 25.0,3.0,Efectivo
5562,2025-08-08,101,JUAN PEREZ,CORDOBA,Laptop Pro,Electronica,$ 1200.5,4.0,Tarjeta Credito
5563,2025-03-26,103,Luis Garcia.,CABA,Cable HDMI,Cables,$ 15.75,4.0,Efectivo
5564,2025-12-23,104,Ana Lopez,Mendoza,Monitor 24',Electronica,$ 350.0,3.0,Transferencia
5565,2025-08-28,103,Luis Garcia.,CABA,Cable HDMI,Cables,$ 15.75,2.0,Debito
5566,2025-11-04,102,  marta Sanchez  ,ROSARIO,Monitor 24',Electronica,$ 350.0,2.0,Tarjeta Credito
5567,2025-12-01,102,  marta Sanchez  ,ROSARIO,Monitor 24',Electronica,$ 350.0,4.0,Debito
5568,2025-08-11,102,  marta Sanchez  ,ROSARIO,Silla Gamer,Muebles,$ 250.0,2.0,Efectivo
5569,2025-11-22,103,Luis Garcia.,CABA,Mouse Optico,Accesorios,$ 25.0,3.0,Efectivo
5570,23/09/2025,105,PEDRO GOMEZ,CORDOBA,Teclado Mecanico,Accesorios,$ 80.0,4.0,Efectivo
5571,2025-06-22,104,Ana Lopez,Mendoza,Laptop Pro,Electronica,$ 1200.5,3.0,Transferencia
5572,2025-11-28,105,PEDRO GOMEZ,CORDOBA,Silla Gamer,Muebles,,5.0,Tarjeta Credito
5573,2025-10-01,102,  marta Sanchez  ,ROSARIO,Monitor 24',Electronica,$ 350.0,2.0,Efectivo
5574,2025-08-03,104,Ana Lopez,Mendoza,Cable HDMI,Cables,$ 15.75,1.0,Efectivo
5575,2025-02-03,101,JUAN PEREZ,CORDOBA,Cable HDMI,Cables,$ 15.75,2.0,Debito
5576,2025-05-28,104,Ana Lopez,Mendoza,Mouse Optico,Accesorios,$ 25.0,2.0,Transferencia
5577,2025-11-01,103,Luis Garcia.,CABA,Monitor 24',Electronica,$ 350.0,4.0,Transferencia
5578,2025-02-13,101,JUAN PEREZ,CORDOBA,Cable HDMI,Cables,$ 15.75,1.0,Tarjeta Credito
5579,2025-03-17,106,Lucia Fernandez,TUCUMAN,Monitor 24',Electronica,$ 350.0,1.0,Debito
5580,22/07/2025,102,  marta Sanchez  ,ROSARIO,Mouse Optico,Accesorios,$ 25.0,4.0,Efectivo
5581,2025-01-07,104,Ana Lopez,Mendoza,Cable HDMI,Cables,$ 15.75,5.0,Efectivo
5582,2025-04-25,102,  marta Sanchez  ,ROSARIO,Cable HDMI,Cables,$ 15.75,5.0,Efectivo
5583,2025-03-25,104,Ana Lopez,Mendoza,Monitor 24',Electronica,$ 350.0,2.0,Efectivo
5584,2025-12-17,105,PEDRO GOMEZ,CORDOBA,Teclado Mecanico,Accesorios,$ 80.0,4.0,Tarjeta Credito
5585,2025-11-01,103,Luis Garcia.,CABA,Mouse Optico,Accesorios,,4.0,Transferencia
5586,2025-08-27,106,Lucia Fernandez,TUCUMAN,Monitor 24',Electronica,$ 350.0,3.0,Tarjeta Credito
5587,2025-04-14,101,JUAN PEREZ,CORDOBA,Silla Gamer,Muebles,$ 250.0,5.0,Tarjeta Credito
5588,2025-01-29,106,Lucia Fernandez,TUCUMAN,Silla Gamer,Muebles,$ 250.0,4.0,Tarjeta Credito
5589,2025-06-04,106,Lucia Fernandez,TUCUMAN,Monitor 24',Electronica,$ 350.0,2.0,Efectivo
5590,04/12/2025,103,Luis Garcia.,CABA,Monitor 24',Electronica,$ 350.0,3.0,Transferencia
5591,2025-03-05,106,Lucia Fernandez,TUCUMAN,Mouse Optico,Accesorios,$ 25.0,2.0,Tarjeta Credito
5592,2025-08-15,106,Lucia Fernandez,TUCUMAN,Teclado Mecanico,Accesorios,$ 80.0,3.0,Transferencia
5593,2025-06-06,105,PEDRO GOMEZ,CORDOBA,Mouse Optico,Accesorios,$ 25.0,4.0,Tarjeta Credito
5594,2025-04-19,103,Luis Garcia.,CABA,Monitor 24',Electronica,$ 350.0,2.0,Efectivo
5595,2025-08-29,102,  marta Sanchez  ,ROSARIO,Cable HDMI,Cables,$ 15.75,4.0,Transferencia
5596,2025-02-20,102,  marta Sanchez  ,ROSARIO,Cable HDMI,Cables,$ 15.75,4.0,Transferencia
5597,2025-05-08,103,Luis Garcia.,CABA,Monitor 24',Electronica,$ 350.0,2.0,Tarjeta Credito
5598,2025-08-05,102,  marta Sanchez  ,ROSARIO,Mouse Optico,Accesorios,$ 25.0,2.0,Efectivo
5599,2025-01-12,104,Ana Lopez,Mendoza,Monitor 24',Electronica,$ 350.0,2.0,Debito
5600,04/05/2025,102,  marta Sanchez  ,ROSARIO,Laptop Pro,Electronica,$ 1200.5,1.0,Debito
5601,2025-05-08,101,JUAN PEREZ,CORDOBA,Mouse Optico,Accesorios,$ 25.0,1.0,Debito
5602,2025-07-07,106,Lucia Fernandez,TUCUMAN,Laptop Pro,Electronica,$ 1200.5,4.0,Tarjeta Credito
5603,2025-11-21,105,PEDRO GOMEZ,CORDOBA,Monitor 24',Electronica,$ 350.0,2.0,Transferencia
5604,2025-12-12,106,Lucia Fernandez,TUCUMAN,Silla Gamer,Muebles,$ 250.0,3.0,Tarjeta Credito
5605,2025-11-14,101,JUAN PEREZ,CORDOBA,Cable HDMI,Cables,$ 15.75,1.0,Transferencia
5606,2025-09-19,103,Luis Garcia.,CABA,Mouse Optico,Accesorios,$ 25.0,4.0,Tarjeta Credito
5607,2025-05-08,105,PEDRO GOMEZ,CORDOBA,Laptop Pro,Electronica,$ 1200.5,3.0,Tarjeta Credito
5608,2025-04-25,103,Luis Garcia.,CABA,Silla Gamer,Muebles,$ 250.0,3.0,Tarjeta Credito
5609,2025-08-29,105,PEDRO GOMEZ,CORDOBA,Silla Gamer,Muebles,$ 250.0,3.0,Efectivo
5610,20/07/2025,104,Ana Lopez,Mendoza,Laptop Pro,Electronica,$ 1200.5,5.0,Transferencia
5611,2025-05-06,103,Luis Garcia.,CABA,Teclado Mecanico,Accesorios,,1.0,Debito
5612,2025-12-10,102,  marta Sanchez  ,ROSARIO,Laptop Pro,Electronica,$ 1200.5,3.0,Debito
5613,2025-03-09,102,  marta Sanchez  ,ROSARIO,Monitor 24',Electronica,,4.0,Debito
5614,2025-01-22,101,JUAN PEREZ,CORDOBA,Monitor 24',Electronica,$ 350.0,5.0,Debito
5615,2025-12-08,105,PEDRO GOMEZ,CORDOBA,Monitor 24',Electronica,$ 350.0,4.0,Tarjeta Credito
5616,2025-12-18,103,Luis Garcia.,CABA,Mouse Optico,Accesorios,$ 25.0,1.0,Tarjeta Credito
5617,2025-01-20,106,Lucia Fernandez,TUCUMAN,Cable HDMI,Cables,$ 15.75,3.0,Debito
5618,2025-01-26,106,Lucia Fernandez,TUCUMAN,Laptop Pro,Electronica,$ 1200.5,4.0,Tarjeta Credito
5619,2025-04-17,105,PEDRO GOMEZ,CORDOBA,Cable HDMI,Cables,,4.0,Tarjeta Credito
5620,12/10/2025,104,Ana Lopez,Mendoza,Mouse Optico,Accesorios,$ 25.0,5.0,Debito
5621,2025-06-30,106,Lucia Fernandez,TUCUMAN,Cable HDMI,Cables,$ 15.75,3.0,Debito
5622,2025-06-29,105,PEDRO GOMEZ,CORDOBA,Laptop Pro,Electronica,$ 1200.5,4.0,Efectivo
5623,2025-10-02,104,Ana Lopez,Mendoza,Cable HDMI,Cables,$ 15.75,2.0,Tarjeta Credito
5624,2025-03-21,101,JUAN PEREZ,CORDOBA,Teclado Mecanico,Accesorios,$ 80.0,1.0,Tarjeta Credito
5625,2025-05-29,106,Lucia Fernandez,TUCUMAN,Silla Gamer,Muebles,$ 250.0,4.0,Transferencia
5626,2025-05-25,103,Luis Garcia.,CABA,Teclado Mecanico,Accesorios,,1.0,Transferencia
5627,2025-11-06,101,JUAN PEREZ,CORDOBA,Teclado Mecanico,Accesorios,$ 80.0,5.0,Efectivo
5628,2025-05-11,101,JUAN PEREZ,CORDOBA,Silla Gamer,Muebles,$ 250.0,5.0,Transferencia
5629,2025-02-10,104,Ana Lopez,Mendoza,Teclado Mecanico,Accesorios,$ 80.0,5.0,Tarjeta Credito
5630,27/09/2025,104,Ana Lopez,Mendoza,Teclado Mecanico,Accesorios,$ 80.0,3.0,Tarjeta Credito
5631,2025-09-09,105,PEDRO GOMEZ,CORDOBA,Monitor 24',Electronica,$ 350.0,3.0,Efectivo
5632,2025-06-29,104,Ana Lopez,Mendoza,Laptop Pro,Electronica,$ 1200.5,4.0,Transferencia
5633,2025-02-15,103,Luis Garcia.,CABA,Mouse Optico,Accesorios,$ 25.0,4.0,Transferencia
5634,2025-01-09,105,PEDRO GOMEZ,CORDOBA,Mouse Optico,Accesorios,$ 25.0,5.0,Efectivo
5635,2025-04-20,104,Ana Lopez,Mendoza,Monitor 24',Electronica,$ 350.0,4.0,Debito
5636,2025-12-13,102,  marta Sanchez  ,ROSARIO,Laptop Pro,Electronica,$ 1200.5,5.0,Debito
5637,2025-03-24,101,JUAN PEREZ,CORDOBA,Cable HDMI,Cables,$ 15.75,3.0,Debito
5638,2025-01-07,106,Lucia Fernandez,TUCUMAN,Mouse Optico,Accesorios,$ 25.0,1.0,Transferencia
5639,2025-06-22,103,Luis Garcia.,CABA,Monitor 24',Electronica,$ 350.0,3.0,Efectivo
5640,17/09/2025,105,PEDRO GOMEZ,CORDOBA,Laptop Pro,Electronica,$ 1200.5,5.0,Transferencia
5641,2025-07-25,105,PEDRO GOMEZ,CORDOBA,Teclado Mecanico,Accesorios,$ 80.0,5.0,Debito
5642,2025-07-13,102,  marta Sanchez  ,ROSARIO,Monitor 24',Electronica,$ 350.0,2.0,Efectivo
5643,2025-04-23,102,  marta Sanchez  ,ROSARIO,Cable HDMI,Cables,$ 15.75,1.0,Tarjeta Credito
5644,2025-06-10,103,Luis Garcia.,CABA,Mouse Optico,Accesorios,$ 25.0,2.0,Tarjeta Credito
5645,2026-01-01,104,Ana Lopez,Mendoza,Silla Gamer,Muebles,$ 250.0,5.0,Debito
5646,2025-07-31,103,Luis Garcia.,CABA,Monitor 24',Electronica,$ 350.0,5.0,Debito
5647,2025-07-03,106,Lucia Fernandez,TUCUMAN,Mouse Optico,Accesorios,$ 25.0,4.0,Transferencia
5648,2025-03-21,102,  marta Sanchez  ,ROSARIO,Monitor 24',Electronica,$ 350.0,4.0,Tarjeta Credito
5649,2025-03-07,101,JUAN PEREZ,CORDOBA,Mouse Optico,Accesorios,$ 25.0,3.0,Tarjeta Credito
5650,28/08/2025,103,Luis Garcia.,CABA,Teclado Mecanico,Accesorios,$ 80.0,1.0,Transferencia
5651,2025-12-04,103,Luis Garcia.,CABA,Laptop Pro,Electronica,$ 1200.5,1.0,Efectivo
5652,2025-11-19,101,JUAN PEREZ,CORDOBA,Cable HDMI,Cables,$ 15.75,1.0,Efectivo
5653,2025-07-26,101,JUAN PEREZ,CORDOBA,Teclado Mecanico,Accesorios,$ 80.0,1.0,Transferencia
5654,2025-03-07,102,  marta Sanchez  ,ROSARIO,Cable HDMI,Cables,$ 15.75,3.0,Debito
5655,2025-01-18,106,Lucia Fernandez,TUCUMAN,Cable HDMI,Cables,$ 15.75,2.0,Debito
5656,2025-03-13,101,JUAN PEREZ,CORDOBA,Monitor 24',Electronica,$ 350.0,5.0,Efectivo
5657,2025-03-21,103,Luis Garcia.,CABA,Monitor 24',Electronica,,3.0,Transferencia
5658,2025-10-06,103,Luis Garcia.,CABA,Cable HDMI,Cables,$ 15.75,1.0,Transferencia
5659,2025-08-25,104,Ana Lopez,Mendoza,Mouse Optico,Accesorios,$ 25.0,2.0,Tarjeta Credito
5660,17/01/2025,101,JUAN PEREZ,CORDOBA,Cable HDMI,Cables,$ 15.75,4.0,Tarjeta Credito
5661,2025-11-06,103,Luis Garcia.,CABA,Laptop Pro,Electronica,$ 1200.5,4.0,Tarjeta Credito
5662,2025-01-13,104,Ana Lopez,Mendoza,Laptop Pro,Electronica,$ 1200.5,1.0,Tarjeta Credito
5663,2025-11-12,101,JUAN PEREZ,CORDOBA,Cable HDMI,Cables,$ 15.75,4.0,Transferencia
5664,2025-09-06,103,Luis Garcia.,CABA,Silla Gamer,Muebles,$ 250.0,2.0,Efectivo
5665,2025-04-23,101,JUAN PEREZ,CORDOBA,Laptop Pro,Electronica,$ 1200.5,2.0,Tarjeta Credito
5666,2025-02-26,105,PEDRO GOMEZ,CORDOBA,Laptop Pro,Electronica,$ 1200.5,5.0,Tarjeta Credito
5667,2025-06-25,103,Luis Garcia.,CABA,Laptop Pro,Electronica,$ 1200.5,2.0,Transferencia
5668,2025-03-01,103,Luis Garcia.,CABA,Silla Gamer,Muebles,$ 250.0,1.0,Efectivo
5669,2025-01-20,103,Luis Garcia.,CABA,Teclado Mecanico,Accesorios,$ 80.0,5.0,Efectivo
5670,21/08/2025,101,JUAN PEREZ,CORDOBA,Teclado Mecanico,Accesorios,$ 80.0,5.0,Debito
5671,2025-02-05,105,PEDRO GOMEZ,CORDOBA,Mouse Optico,Accesorios,,3.0,Debito
5672,2025-08-31,103,Luis Garcia.,CABA,Monitor 24',Electronica,$ 350.0,4.0,Efectivo
5673,2025-11-04,106,Lucia Fernandez,TUCUMAN,Teclado Mecanico,Accesorios,$ 80.0,3.0,Tarjeta Credito
5674,2025-08-19,102,  marta Sanchez  ,ROSARIO,Mouse Optico,Accesorios,$ 25.0,5.0,Debito
5675,2025-04-28,101,JUAN PEREZ,CORDOBA,Cable HDMI,Cables,$ 15.75,2.0,Debito
5676,2025-05-28,106,Lucia Fernandez,TUCUMAN,Cable HDMI,Cables,$ 15.75,4.0,Efectivo
5677,2025-07-17,101,JUAN PEREZ,CORDOBA,Laptop Pro,Electronica,,4.0,Efectivo
5678,2025-12-26,102,  marta Sanchez  ,ROSARIO,Laptop Pro,Electronica,$ 1200.5,4.0,Debito
5679,2025-12-17,102,  marta Sanchez  ,ROSARIO,Laptop Pro,Electronica,$ 1200.5,5.0,Debito
5680,01/06/2025,106,Lucia Fernandez,TUCUMAN,Monitor 24',Electronica,$ 350.0,3.0,Transferencia
5681,2025-07-18,104,Ana Lopez,Mendoza,Laptop Pro,Electronica,$ 1200.5,3.0,Debito
5682,2025-07-24,103,Luis Garcia.,CABA,Cable HDMI,Cables,$ 15.75,5.0,Debito
5683,2025-10-26,106,Lucia Fernandez,TUCUMAN,Silla Gamer,Muebles,$ 250.0,5.0,Efectivo
5684,2025-08-28,105,PEDRO GOMEZ,CORDOBA,Laptop Pro,Electronica,,4.0,Tarjeta Credito
5685,2025-08-22,101,JUAN PEREZ,CORDOBA,Laptop Pro,Electronica,$ 1200.5,,Tarjeta Credito
5686,2025-04-24,104,Ana Lopez,Mendoza,Teclado Mecanico,Accesorios,$ 80.0,3.0,Transferencia
5687,2025-08-16,102,  marta Sanchez  ,ROSARIO,Laptop Pro,Electronica,$ 1200.5,1.0,Debito
5688,2025-12-27,101,JUAN PEREZ,CORDOBA,Cable HDMI,Cables,$ 15.75,1.0,Efectivo
5689,2025-03-29,105,PEDRO GOMEZ,CORDOBA,Laptop Pro,Electronica,$ 1200.5,3.0,Tarjeta Credito
5690,31/10/2025,103,Luis Garcia.,CABA,Monitor 24',Electronica,$ 350.0,2.0,Transferencia
5691,2025-09-23,106,Lucia Fernandez,TUCUMAN,Silla Gamer,Muebles,$ 250.0,4.0,Efectivo
5692,2025-04-28,103,Luis Garcia.,CABA,Mouse Optico,Accesorios,$ 25.0,1.0,Transferencia
5693,2025-07-04,106,Lucia Fernandez,TUCUMAN,Mouse Optico,Accesorios,$ 25.0,,Tarjeta Credito
5694,2025-12-22,103,Luis Garcia.,CABA,Cable HDMI,Cables,$ 15.75,4.0,Debito
5695,2025-07-17,103,Luis Garcia.,CABA,Mouse Optico,Accesorios,$ 25.0,5.0,Debito
5696,2025-05-01,106,Lucia Fernandez,TUCUMAN,Teclado Mecanico,Accesorios,$ 80.0,5.0,Efectivo
5697,2025-03-21,104,Ana Lopez,Mendoza,Silla Gamer,Muebles,$ 250.0,2.0,Transferencia
5698,2025-06-28,106,Lucia Fernandez,TUCUMAN,Cable HDMI,Cables,$ 15.75,3.0,Transferencia
5699,2025-09-03,105,PEDRO GOMEZ,CORDOBA,Mouse Optico,Accesorios,$ 25.0,4.0,Tarjeta Credito
5700,10/02/2025,103,Luis Garcia.,CABA,Silla Gamer,Muebles,$ 250.0,3.0,Transferencia
5701,2025-11-08,101,JUAN PEREZ,CORDOBA,Teclado Mecanico,Accesorios,$ 80.0,4.0,Tarjeta Credito
5702,2025-10-14,103,Luis Garcia.,CABA,Monitor 24',Electronica,$ 350.0,2.0,Efectivo
5703,2025-03-06,104,Ana Lopez,Mendoza,Cable HDMI,Cables,$ 15.75,4.0,Transferencia
5704,2025-07-21,103,Luis Garcia.,CABA,Laptop Pro,Electronica,$ 1200.5,5.0,Transferencia
5705,2025-07-21,103,Luis Garcia.,CABA,Monitor 24',Electronica,$ 350.0,5.0,Debito
5706,2025-06-01,101,JUAN PEREZ,CORDOBA,Laptop Pro,Electronica,$ 1200.5,3.0,Efectivo
5707,2025-04-29,104,Ana Lopez,Mendoza,Laptop Pro,Electronica,$ 1200.5,2.0,Debito
5708,2025-10-04,106,Lucia Fernandez,TUCUMAN,Laptop Pro,Electronica,$ 1200.5,5.0,Transferencia
5709,2025-03-06,103,Luis Garcia.,CABA,Monitor 24',Electronica,$ 350.0,1.0,Efectivo
5710,30/03/2025,101,JUAN PEREZ,CORDOBA,Cable HDMI,Cables,$ 15.75,1.0,Tarjeta Credito
5711,2025-01-29,101,JUAN PEREZ,CORDOBA,Silla Gamer,Muebles,$ 250.0,1.0,Debito
5712,2025-08-24,101,JUAN PEREZ,CORDOBA,Cable HDMI,Cables,$ 15.75,3.0,Tarjeta Credito
5713,2025-04-29,102,  marta Sanchez  ,ROSARIO,Laptop Pro,Electronica,,5.0,Transferencia
5714,2025-09-29,106,Lucia Fernandez,TUCUMAN,Mouse Optico,Accesorios,$ 25.0,4.0,Tarjeta Credito
5715,2025-12-29,106,Lucia Fernandez,TUCUMAN,Silla Gamer,Muebles,$ 250.0,4.0,Transferencia
5716,2025-04-22,102,  marta Sanchez  ,ROSARIO,Silla Gamer,Muebles,$ 250.0,3.0,Tarjeta Credito
5717,2025-08-27,104,Ana Lopez,Mendoza,Silla Gamer,Muebles,$ 250.0,4.0,Efectivo
5718,2025-08-03,103,Luis Garcia.,CABA,Silla Gamer,Muebles,$ 250.0,1.0,Transferencia
5719,2025-07-30,102,  marta Sanchez  ,ROSARIO,Laptop Pro,Electronica,$ 1200.5,4.0,Efectivo
5720,16/07/2025,101,JUAN PEREZ,CORDOBA,Teclado Mecanico,Accesorios,$ 80.0,2.0,Tarjeta Credito
5721,2025-07-31,102,  marta Sanchez  ,ROSARIO,Mouse Optico,Accesorios,$ 25.0,4.0,Transferencia
5722,2025-04-07,104,Ana Lopez,Mendoza,Cable HDMI,Cables,$ 15.75,5.0,Tarjeta Credito
5723,2025-08-11,104,Ana Lopez,Mendoza,Teclado Mecanico,Accesorios,$ 80.0,2.0,Transferencia
5724,2025-02-04,105,PEDRO GOMEZ,CORDOBA,Silla Gamer,Muebles,$ 250.0,2.0,Efectivo
5725,2025-03-18,102,  marta Sanchez  ,ROSARIO,Cable HDMI,Cables,$ 15.75,4.0,Debito
5726,2025-07-14,101,JUAN PEREZ,CORDOBA,Mouse Optico,Accesorios,$ 25.0,5.0,Efectivo
5727,2025-10-18,105,PEDRO GOMEZ,CORDOBA,Cable HDMI,Cables,$ 15.75,2.0,Efectivo
5728,2025-08-01,102,  marta Sanchez  ,ROSARIO,Cable HDMI,Cables,$ 15.75,5.0,Efectivo
5729,2025-11-19,102,  marta Sanchez  ,ROSARIO,Silla Gamer,Muebles,$ 250.0,5.0,Debito
5730,01/03/2025,105,PEDRO GOMEZ,CORDOBA,Laptop Pro,Electronica,$ 1200.5,2.0,Transferencia
5731,2025-05-12,101,JUAN PEREZ,CORDOBA,Teclado Mecanico,Accesorios,,1.0,Efectivo
5732,2025-09-03,105,PEDRO GOMEZ,CORDOBA,Teclado Mecanico,Accesorios,$ 80.0,3.0,Tarjeta Credito
5733,2025-12-24,106,Lucia Fernandez,TUCUMAN,Teclado Mecanico,Accesorios,$ 80.0,5.0,Debito
5734,2025-03-29,105,PEDRO GOMEZ,CORDOBA,Laptop Pro,Electronica,$ 1200.5,2.0,Tarjeta Credito
5735,2025-05-17,106,Lucia Fernandez,TUCUMAN,Silla Gamer,Muebles,$ 250.0,4.0,Transferencia
5736,2025-04-02,101,JUAN PEREZ,CORDOBA,Teclado Mecanico,Accesorios,$ 80.0,4.0,Tarjeta Credito
5737,2025-04-08,102,  marta Sanchez  ,ROSARIO,Mouse Optico,Accesorios,$ 25.0,5.0,Tarjeta Credito
5738,2025-06-13,102,  marta Sanchez  ,ROSARIO,Cable HDMI,Cables,$ 15.75,5.0,Debito
5739,2025-08-22,104,Ana Lopez,Mendoza,Mouse Optico,Accesorios,$ 25.0,2.0,Efectivo
5740,11/06/2025,104,Ana Lopez,Mendoza,Cable HDMI,Cables,$ 15.75,2.0,Efectivo
5741,2025-05-18,106,Lucia Fernandez,TUCUMAN,Teclado Mecanico,Accesorios,$ 80.0,4.0,Transferencia
5742,2025-01-07,104,Ana Lopez,Mendoza,Teclado Mecanico,Accesorios,$ 80.0,2.0,Efectivo
5743,2025-08-26,104,Ana Lopez,Mendoza,Silla Gamer,Muebles,$ 250.0,2.0,Efectivo
5744,2025-03-24,105,PEDRO GOMEZ,CORDOBA,Monitor 24',Electronica,$ 350.0,1.0,Tarjeta Credito
5745,2025-05-08,103,Luis Garcia.,CABA,Teclado Mecanico,Accesorios,,2.0,Transferencia
5746,2025-11-23,106,Lucia Fernandez,TUCUMAN,Monitor 24',Electronica,$ 350.0,2.0,Transferencia
5747,2025-08-30,101,JUAN PEREZ,CORDOBA,Laptop Pro,Electronica,$ 1200.5,2.0,Tarjeta Credito
5748,2025-08-14,102,  marta Sanchez  ,ROSARIO,Silla Gamer,Muebles,$ 250.0,3.0,Efectivo
5749,2025-03-18,105,PEDRO GOMEZ,CORDOBA,Monitor 24',Electronica,$ 350.0,1.0,Tarjeta Credito
5750,12/01/2025,105,PEDRO GOMEZ,CORDOBA,Teclado Mecanico,Accesorios,$ 80.0,4.0,Efectivo
5751,2025-08-12,106,Lucia Fernandez,TUCUMAN,Laptop Pro,Electronica,$ 1200.5,5.0,Debito
5752,2025-07-22,102,  marta Sanchez  ,ROSARIO,Silla Gamer,Muebles,$ 250.0,3.0,Efectivo
5753,2025-12-17,103,Luis Garcia.,CABA,Laptop Pro,Electronica,$ 1200.5,,Efectivo
5754,2025-09-20,101,JUAN PEREZ,CORDOBA,Laptop Pro,Electronica,$ 1200.5,5.0,Efectivo
5755,2025-03-07,106,Lucia Fernandez,TUCUMAN,Mouse Optico,Accesorios,$ 25.0,1.0,Tarjeta Credito
5756,2025-01-06,102,  marta Sanchez  ,ROSARIO,Teclado Mecanico,Accesorios,$ 80.0,2.0,Efectivo
5757,2025-12-01,101,JUAN PEREZ,CORDOBA,Mouse Optico,Accesorios,$ 25.0,,Transferencia
5758,2025-12-16,106,Lucia Fernandez,TUCUMAN,Monitor 24',Electronica,$ 350.0,3.0,Transferencia
5759,2025-04-15,104,Ana Lopez,Mendoza,Monitor 24',Electronica,$ 350.0,5.0,Transferencia
5760,07/11/2025,105,PEDRO GOMEZ,CORDOBA,Laptop Pro,Electronica,$ 1200.5,4.0,Transferencia
5761,2025-08-07,101,JUAN PEREZ,CORDOBA,Teclado Mecanico,Accesorios,$ 80.0,4.0,Efectivo
5762,2025-04-16,101,JUAN PEREZ,CORDOBA,Mouse Optico,Accesorios,$ 25.0,3.0,Efectivo
5763,2025-07-19,101,JUAN PEREZ,CORDOBA,Laptop Pro,Electronica,$ 1200.5,5.0,Debito
5764,2025-12-18,101,JUAN PEREZ,CORDOBA,Laptop Pro,Electronica,$ 1200.5,3.0,Tarjeta Credito
5765,2025-12-02,101,JUAN PEREZ,CORDOBA,Monitor 24',Electronica,$ 350.0,2.0,Debito
5766,2025-09-22,106,Lucia Fernandez,TUCUMAN,Mouse Optico,Accesorios,,1.0,Tarjeta Credito
5767,2025-06-12,103,Luis Garcia.,CABA,Laptop Pro,Electronica,$ 1200.5,4.0,Debito
5768,2025-04-10,101,JUAN PEREZ,CORDOBA,Silla Gamer,Muebles,$ 250.0,3.0,Efectivo
5769,2025-05-06,102,  marta Sanchez  ,ROSARIO,Silla Gamer,Muebles,$ 250.0,5.0,Tarjeta Credito
5770,08/10/2025,103,Luis Garcia.,CABA,Cable HDMI,Cables,$ 15.75,4.0,Efectivo
5771,2025-05-19,102,  marta Sanchez  ,ROSARIO,Monitor 24',Electronica,$ 350.0,3.0,Debito
5772,2025-06-24,104,Ana Lopez,Mendoza,Mouse Optico,Accesorios,$ 25.0,5.0,Efectivo
5773,2025-02-14,101,JUAN PEREZ,CORDOBA,Laptop Pro,Electronica,$ 1200.5,2.0,Efectivo
5774,2025-12-18,103,Luis Garcia.,CABA,Cable HDMI,Cables,$ 15.75,4.0,Transferencia
5775,2025-04-24,104,Ana Lopez,Mendoza,Laptop Pro,Electronica,$ 1200.5,5.0,Tarjeta Credito
5776,2025-05-11,102,  marta Sanchez  ,ROSARIO,Laptop Pro,Electronica,$ 1200.5,5.0,Tarjeta Credito
5777,2025-08-30,106,Lucia Fernandez,TUCUMAN,Cable HDMI,Cables,$ 15.75,1.0,Efectivo
5778,2025-11-08,102,  marta Sanchez  ,ROSARIO,Mouse Optico,Accesorios,$ 25.0,3.0,Efectivo
5779,2025-07-06,106,Lucia Fernandez,TUCUMAN,Silla Gamer,Muebles,$ 250.0,3.0,Efectivo
5780,15/08/2025,105,PEDRO GOMEZ,CORDOBA,Teclado Mecanico,Accesorios,$ 80.0,5.0,Tarjeta Credito
5781,2025-04-07,101,JUAN PEREZ,CORDOBA,Silla Gamer,Muebles,$ 250.0,5.0,Transferencia
5782,2025-06-06,101,JUAN PEREZ,CORDOBA,Silla Gamer,Muebles,$ 250.0,2.0,Debito
5783,2025-12-16,103,Luis Garcia.,CABA,Monitor 24',Electronica,$ 350.0,1.0,Efectivo
5784,2025-08-26,105,PEDRO GOMEZ,CORDOBA,Cable HDMI,Cables,$ 15.75,1.0,Efectivo
5785,2025-04-03,106,Lucia Fernandez,TUCUMAN,Mouse Optico,Accesorios,$ 25.0,4.0,Debito
5786,2025-09-21,101,JUAN PEREZ,CORDOBA,Laptop Pro,Electronica,$ 1200.5,1.0,Transferencia
5787,2025-11-22,106,Lucia Fernandez,TUCUMAN,Cable HDMI,Cables,$ 15.75,5.0,Transferencia
5788,2025-09-11,101,JUAN PEREZ,CORDOBA,Silla Gamer,Muebles,$ 250.0,1.0,Transferencia
5789,2025-11-06,106,Lucia Fernandez,TUCUMAN,Cable HDMI,Cables,$ 15.75,5.0,Transferencia
5790,21/11/2025,104,Ana Lopez,Mendoza,Laptop Pro,Electronica,$ 1200.5,4.0,Tarjeta Credito
5791,2025-09-24,102,  marta Sanchez  ,ROSARIO,Mouse Optico,Accesorios,$ 25.0,5.0,Efectivo
5792,2025-07-07,102,  marta Sanchez  ,ROSARIO,Cable HDMI,Cables,$ 15.75,5.0,Debito
5793,2025-02-23,105,PEDRO GOMEZ,CORDOBA,Silla Gamer,Muebles,$ 250.0,2.0,Debito
5794,2025-05-05,104,Ana Lopez,Mendoza,Silla Gamer,Muebles,$ 250.0,5.0,Tarjeta Credito
5795,2025-08-29,106,Lucia Fernandez,TUCUMAN,Laptop Pro,Electronica,$ 1200.5,5.0,Efectivo
5796,2025-08-25,103,Luis Garcia.,CABA,Monitor 24',Electronica,$ 350.0,3.0,Efectivo
5797,2025-01-23,103,Luis Garcia.,CABA,Laptop Pro,Electronica,$ 1200.5,2.0,Debito
5798,2025-11-24,102,  marta Sanchez  ,ROSARIO,Teclado Mecanico,Accesorios,$ 80.0,2.0,Efectivo
5799,2025-10-18,104,Ana Lopez,Mendoza,Monitor 24',Electronica,$ 350.0,3.0,Transferencia
5800,30/11/2025,103,Luis Garcia.,CABA,Cable HDMI,Cables,$ 15.75,5.0,Efectivo
5801,2025-12-30,106,Lucia Fernandez,TUCUMAN,Silla Gamer,Muebles,$ 250.0,4.0,Debito
5802,2025-06-10,103,Luis Garcia.,CABA,Cable HDMI,Cables,$ 15.75,4.0,Efectivo
5803,2025-10-10,104,Ana Lopez,Mendoza,Silla Gamer,Muebles,$ 250.0,3.0,Transferencia
5804,2025-01-20,103,Luis Garcia.,CABA,Silla Gamer,Muebles,$ 250.0,2.0,Tarjeta Credito
5805,2025-12-10,104,Ana Lopez,Mendoza,Silla Gamer,Muebles,$ 250.0,4.0,Debito
5806,2025-12-18,104,Ana Lopez,Mendoza,Laptop Pro,Electronica,$ 1200.5,1.0,Tarjeta Credito
5807,2025-10-01,104,Ana Lopez,Mendoza,Cable HDMI,Cables,$ 15.75,2.0,Transferencia
5808,2025-12-31,102,  marta Sanchez  ,ROSARIO,Silla Gamer,Muebles,$ 250.0,2.0,Transferencia
5809,2025-10-28,104,Ana Lopez,Mendoza,Cable HDMI,Cables,$ 15.75,5.0,Efectivo
5810,06/04/2025,106,Lucia Fernandez,TUCUMAN,Laptop Pro,Electronica,$ 1200.5,2.0,Debito
5811,2025-03-23,103,Luis Garcia.,CABA,Mouse Optico,Accesorios,$ 25.0,3.0,Tarjeta Credito
5812,2025-08-19,103,Luis Garcia.,CABA,Cable HDMI,Cables,$ 15.75,1.0,Transferencia
5813,2025-05-06,102,  marta Sanchez  ,ROSARIO,Mouse Optico,Accesorios,$ 25.0,3.0,Debito
5814,2025-01-18,105,PEDRO GOMEZ,CORDOBA,Monitor 24',Electronica,$ 350.0,3.0,Efectivo
5815,2025-08-20,103,Luis Garcia.,CABA,Silla Gamer,Muebles,$ 250.0,2.0,Tarjeta Credito
5816,2025-02-28,101,JUAN PEREZ,CORDOBA,Teclado Mecanico,Accesorios,$ 80.0,4.0,Efectivo
5817,2025-10-16,103,Luis Garcia.,CABA,Monitor 24',Electronica,$ 350.0,4.0,Tarjeta Credito
5818,2025-10-10,102,  marta Sanchez  ,ROSARIO,Laptop Pro,Electronica,$ 1200.5,5.0,Tarjeta Credito
5819,2025-09-02,106,Lucia Fernandez,TUCUMAN,Mouse Optico,Accesorios,$ 25.0,1.0,Debito
5820,13/08/2025,103,Luis Garcia.,CABA,Laptop Pro,Electronica,$ 1200.5,2.0,Transferencia
5821,2025-11-29,102,  marta Sanchez  ,ROSARIO,Cable HDMI,Cables,$ 15.75,1.0,Efectivo
5822,2025-05-26,104,Ana Lopez,Mendoza,Monitor 24',Electronica,$ 350.0,2.0,Tarjeta Credito
5823,2025-07-09,103,Luis Garcia.,CABA,Monitor 24',Electronica,$ 350.0,5.0,Efectivo
5824,2025-07-28,101,JUAN PEREZ,CORDOBA,Mouse Optico,Accesorios,$ 25.0,1.0,Debito
5825,2025-10-03,104,Ana Lopez,Mendoza,Teclado Mecanico,Accesorios,$ 80.0,2.0,Transferencia
5826,2025-09-07,106,Lucia Fernandez,TUCUMAN,Mouse Optico,Accesorios,$ 25.0,5.0,Tarjeta Credito
5827,2025-07-30,103,Luis Garcia.,CABA,Silla Gamer,Muebles,,2.0,Debito
5828,2025-12-05,105,PEDRO GOMEZ,CORDOBA,Teclado Mecanico,Accesorios,$ 80.0,4.0,Tarjeta Credito
5829,2025-04-05,102,  marta Sanchez  ,ROSARIO,Silla Gamer,Muebles,$ 250.0,3.0,Efectivo
5830,25/07/2025,106,Lucia Fernandez,TUCUMAN,Laptop Pro,Electronica,$ 1200.5,1.0,Debito
5831,2025-01-13,106,Lucia Fernandez,TUCUMAN,Teclado Mecanico,Accesorios,$ 80.0,3.0,Tarjeta Credito
5832,2025-01-29,102,  marta Sanchez  ,ROSARIO,Laptop Pro,Electronica,$ 1200.5,3.0,Efectivo
5833,2025-08-23,105,PEDRO GOMEZ,CORDOBA,Laptop Pro,Electronica,$ 1200.5,2.0,Tarjeta Credito
5834,2025-02-07,104,Ana Lopez,Mendoza,Mouse Optico,Accesorios,$ 25.0,2.0,Transferencia
5835,2025-11-22,105,PEDRO GOMEZ,CORDOBA,Silla Gamer,Muebles,$ 250.0,5.0,Transferencia
5836,2025-11-29,105,PEDRO GOMEZ,CORDOBA,Teclado Mecanico,Accesorios,$ 80.0,3.0,Transferencia
5837,2025-02-13,101,JUAN PEREZ,CORDOBA,Teclado Mecanico,Accesorios,$ 80.0,1.0,Tarjeta Credito
5838,2025-03-16,105,PEDRO GOMEZ,CORDOBA,Mouse Optico,Accesorios,$ 25.0,4.0,Efectivo
5839,2025-01-28,102,  marta Sanchez  ,ROSARIO,Teclado Mecanico,Accesorios,$ 80.0,3.0,Debito
5840,02/10/2025,106,Lucia Fernandez,TUCUMAN,Cable HDMI,Cables,$ 15.75,5.0,Transferencia
5841,2025-04-10,101,JUAN PEREZ,CORDOBA,Teclado Mecanico,Accesorios,$ 80.0,5.0,Tarjeta Credito
5842,2025-08-04,101,JUAN PEREZ,CORDOBA,Mouse Optico,Accesorios,$ 25.0,3.0,Efectivo
5843,2025-08-03,104,Ana Lopez,Mendoza,Silla Gamer,Muebles,$ 250.0,2.0,Efectivo
5844,2025-01-07,104,Ana Lopez,Mendoza,Teclado Mecanico,Accesorios,$ 80.0,1.0,Debito
5845,2025-03-21,103,Luis Garcia.,CABA,Teclado Mecanico,Accesorios,$ 80.0,3.0,Transferencia
5846,2025-04-22,103,Luis Garcia.,CABA,Teclado Mecanico,Accesorios,$ 80.0,3.0,Debito
5847,2025-10-02,104,Ana Lopez,Mendoza,Cable HDMI,Cables,$ 15.75,5.0,Efectivo
5848,2025-09-03,104,Ana Lopez,Mendoza,Monitor 24',Electronica,$ 350.0,1.0,Debito
5849,2025-11-11,101,JUAN PEREZ,CORDOBA,Mouse Optico,Accesorios,$ 25.0,2.0,Efectivo
5850,25/09/2025,102,  marta Sanchez  ,ROSARIO,Teclado Mecanico,Accesorios,$ 80.0,5.0,Transferencia
5851,2025-02-06,104,Ana Lopez,Mendoza,Silla Gamer,Muebles,$ 250.0,3.0,Tarjeta Credito
5852,2025-01-01,104,Ana Lopez,Mendoza,Laptop Pro,Electronica,$ 1200.5,1.0,Debito
5853,2025-07-18,101,JUAN PEREZ,CORDOBA,Monitor 24',Electronica,$ 350.0,5.0,Tarjeta Credito
5854,2025-12-20,102,  marta Sanchez  ,ROSARIO,Laptop Pro,Electronica,$ 1200.5,4.0,Efectivo
5855,2025-07-08,104,Ana Lopez,Mendoza,Cable HDMI,Cables,$ 15.75,5.0,Transferencia
5856,2025-05-15,101,JUAN PEREZ,CORDOBA,Mouse Optico,Accesorios,$ 25.0,2.0,Efectivo
5857,2025-05-19,106,Lucia Fernandez,TUCUMAN,Silla Gamer,Muebles,$ 250.0,1.0,Tarjeta Credito
5858,2025-02-13,105,PEDRO GOMEZ,CORDOBA,Cable HDMI,Cables,$ 15.75,3.0,Tarjeta Credito
5859,2025-01-02,105,PEDRO GOMEZ,CORDOBA,Teclado Mecanico,Accesorios,$ 80.0,1.0,Debito
5860,07/07/2025,104,Ana Lopez,Mendoza,Laptop Pro,Electronica,$ 1200.5,1.0,Tarjeta Credito
5861,2025-01-30,104,Ana Lopez,Mendoza,Monitor 24',Electronica,$ 350.0,5.0,Efectivo
5862,2025-11-02,106,Lucia Fernandez,TUCUMAN,Teclado Mecanico,Accesorios,$ 80.0,3.0,Debito
5863,2025-01-28,101,JUAN PEREZ,CORDOBA,Silla Gamer,Muebles,$ 250.0,1.0,Tarjeta Credito
5864,2025-08-29,101,JUAN PEREZ,CORDOBA,Silla Gamer,Muebles,$ 250.0,5.0,Efectivo
5865,2025-04-01,101,JUAN PEREZ,CORDOBA,Silla Gamer,Muebles,,3.0,Efectivo
5866,2025-03-25,105,PEDRO GOMEZ,CORDOBA,Teclado Mecanico,Accesorios,$ 80.0,2.0,Transferencia
5867,2025-01-07,101,JUAN PEREZ,CORDOBA,Laptop Pro,Electronica,$ 1200.5,4.0,Efectivo
5868,2025-08-31,105,PEDRO GOMEZ,CORDOBA,Cable HDMI,Cables,$ 15.75,3.0,Transferencia
5869,2025-06-14,105,PEDRO GOMEZ,CORDOBA,Teclado Mecanico,Accesorios,$ 80.0,4.0,Efectivo
5870,27/06/2025,103,Luis Garcia.,CABA,Mouse Optico,Accesorios,$ 25.0,5.0,Efectivo
5871,2025-03-26,106,Lucia Fernandez,TUCUMAN,Silla Gamer,Muebles,$ 250.0,3.0,Tarjeta Credito
5872,2025-04-19,103,Luis Garcia.,CABA,Silla Gamer,Muebles,$ 250.0,3.0,Tarjeta Credito
5873,2025-08-23,102,  marta Sanchez  ,ROSARIO,Mouse Optico,Accesorios,$ 25.0,2.0,Debito
5874,2025-10-21,104,Ana Lopez,Mendoza,Teclado Mecanico,Accesorios,$ 80.0,4.0,Debito
5875,2025-12-13,105,PEDRO GOMEZ,CORDOBA,Laptop Pro,Electronica,$ 1200.5,1.0,Efectivo
5876,2025-02-15,103,Luis Garcia.,CABA,Teclado Mecanico,Accesorios,$ 80.0,5.0,Tarjeta Credito
5877,2025-06-02,103,Luis Garcia.,CABA,Cable HDMI,Cables,$ 15.75,5.0,Tarjeta Credito
5878,2025-10-29,103,Luis Garcia.,CABA,Monitor 24',Electronica,$ 350.0,2.0,Efectivo
5879,2025-03-29,105,PEDRO GOMEZ,CORDOBA,Teclado Mecanico,Accesorios,$ 80.0,3.0,Debito
5880,19/06/2025,103,Luis Garcia.,CABA,Monitor 24',Electronica,,5.0,Debito
5881,2025-05-13,102,  marta Sanchez  ,ROSARIO,Mouse Optico,Accesorios,$ 25.0,2.0,Debito
5882,2025-02-25,106,Lucia Fernandez,TUCUMAN,Cable HDMI,Cables,$ 15.75,1.0,Efectivo
5883,2025-10-01,106,Lucia Fernandez,TUCUMAN,Laptop Pro,Electronica,$ 1200.5,5.0,Efectivo
5884,2025-03-26,105,PEDRO GOMEZ,CORDOBA,Mouse Optico,Accesorios,$ 25.0,5.0,Debito
5885,2025-12-07,101,JUAN PEREZ,CORDOBA,Cable HDMI,Cables,$ 15.75,4.0,Transferencia
5886,2025-12-21,106,Lucia Fernandez,TUCUMAN,Monitor 24',Electronica,$ 350.0,1.0,Transferencia
5887,2025-08-03,102,  marta Sanchez  ,ROSARIO,Silla Gamer,Muebles,$ 250.0,4.0,Transferencia
5888,2025-06-19,101,JUAN PEREZ,CORDOBA,Monitor 24',Electronica,$ 350.0,5.0,Debito
5889,2025-11-09,105,PEDRO GOMEZ,CORDOBA,Laptop Pro,Electronica,$ 1200.5,3.0,Debito
5890,08/11/2025,106,Lucia Fernandez,TUCUMAN,Monitor 24',Electronica,$ 350.0,3.0,Debito
5891,2025-03-31,101,JUAN PEREZ,CORDOBA,Monitor 24',Electronica,$ 350.0,1.0,Debito
5892,2025-05-10,106,Lucia Fernandez,TUCUMAN,Cable HDMI,Cables,$ 15.75,2.0,Tarjeta Credito
5893,2025-02-10,103,Luis Garcia.,CABA,Teclado Mecanico,Accesorios,$ 80.0,5.0,Tarjeta Credito
5894,2025-03-15,103,Luis Garcia.,CABA,Monitor 24',Electronica,$ 350.0,4.0,Debito
5895,2025-09-15,104,Ana Lopez,Mendoza,Cable HDMI,Cables,$ 15.75,5.0,Debito
5896,2025-05-31,104,Ana Lopez,Mendoza,Monitor 24',Electronica,$ 350.0,4.0,Efectivo
5897,2025-05-23,101,JUAN PEREZ,CORDOBA,Mouse Optico,Accesorios,,2.0,Transferencia
5898,2025-12-20,104,Ana Lopez,Mendoza,Laptop Pro,Electronica,$ 1200.5,2.0,Debito
5899,2025-02-02,103,Luis Garcia.,CABA,Silla Gamer,Muebles,$ 250.0,3.0,Debito
5900,05/11/2025,102,  marta Sanchez  ,ROSARIO,Cable HDMI,Cables,,3.0,Efectivo
5901,2025-11-06,103,Luis Garcia.,CABA,Teclado Mecanico,Accesorios,$ 80.0,3.0,Debito
5902,2025-07-04,101,JUAN PEREZ,CORDOBA,Laptop Pro,Electronica,$ 1200.5,2.0,Transferencia
5903,2025-02-01,106,Lucia Fernandez,TUCUMAN,Mouse Optico,Accesorios,$ 25.0,1.0,Debito
5904,2025-05-10,103,Luis Garcia.,CABA,Cable HDMI,Cables,$ 15.75,2.0,Tarjeta Credito
5905,2025-03-09,104,Ana Lopez,Mendoza,Laptop Pro,Electronica,$ 1200.5,3.0,Transferencia
5906,2025-04-20,102,  marta Sanchez  ,ROSARIO,Laptop Pro,Electronica,$ 1200.5,2.0,Debito
5907,2025-07-31,101,JUAN PEREZ,CORDOBA,Cable HDMI,Cables,$ 15.75,3.0,Debito
5908,2025-04-07,103,Luis Garcia.,CABA,Teclado Mecanico,Accesorios,$ 80.0,1.0,Transferencia
5909,2025-04-18,106,Lucia Fernandez,TUCUMAN,Laptop Pro,Electronica,$ 1200.5,,Transferencia
5910,04/10/2025,105,PEDRO GOMEZ,CORDOBA,Teclado Mecanico,Accesorios,$ 80.0,4.0,Debito
5911,2025-12-23,101,JUAN PEREZ,CORDOBA,Monitor 24',Electronica,$ 350.0,5.0,Efectivo
5912,2025-07-12,105,PEDRO GOMEZ,CORDOBA,Teclado Mecanico,Accesorios,$ 80.0,3.0,Tarjeta Credito
5913,2025-03-26,105,PEDRO GOMEZ,CORDOBA,Laptop Pro,Electronica,$ 1200.5,5.0,Transferencia
5914,2025-02-08,103,Luis Garcia.,CABA,Mouse Optico,Accesorios,$ 25.0,5.0,Debito
5915,2025-01-22,104,Ana Lopez,Mendoza,Cable HDMI,Cables,$ 15.75,5.0,Efectivo
5916,2026-01-01,104,Ana Lopez,Mendoza,Cable HDMI,Cables,$ 15.75,2.0,Transferencia
5917,2025-05-27,106,Lucia Fernandez,TUCUMAN,Cable HDMI,Cables,$ 15.75,2.0,Tarjeta Credito
5918,2025-12-09,102,  marta Sanchez  ,ROSARIO,Laptop Pro,Electronica,$ 1200.5,5.0,Debito
5919,2025-03-27,101,JUAN PEREZ,CORDOBA,Silla Gamer,Muebles,$ 250.0,1.0,Transferencia
5920,25/09/2025,104,Ana Lopez,Mendoza,Teclado Mecanico,Accesorios,$ 80.0,4.0,Debito
5921,2025-03-11,105,PEDRO GOMEZ,CORDOBA,Teclado Mecanico,Accesorios,$ 80.0,3.0,Transferencia
5922,2025-09-28,104,Ana Lopez,Mendoza,Mouse Optico,Accesorios,$ 25.0,1.0,Transferencia
5923,2025-09-16,102,  marta Sanchez  ,ROSARIO,Laptop Pro,Electronica,$ 1200.5,5.0,Transferencia
5924,2025-02-10,103,Luis Garcia.,CABA,Teclado Mecanico,Accesorios,$ 80.0,,Transferencia
5925,2025-04-27,106,Lucia Fernandez,TUCUMAN,Cable HDMI,Cables,$ 15.75,3.0,Efectivo
5926,2025-06-25,104,Ana Lopez,Mendoza,Mouse Optico,Accesorios,$ 25.0,2.0,Debito
5927,2026-01-01,104,Ana Lopez,Mendoza,Silla Gamer,Muebles,$ 250.0,3.0,Transferencia
5928,2025-07-02,103,Luis Garcia.,CABA,Cable HDMI,Cables,$ 15.75,1.0,Transferencia
5929,2025-11-22,104,Ana Lopez,Mendoza,Mouse Optico,Accesorios,$ 25.0,5.0,Efectivo
5930,09/06/2025,104,Ana Lopez,Mendoza,Laptop Pro,Electronica,$ 1200.5,1.0,Transferencia
5931,2025-06-22,103,Luis Garcia.,CABA,Monitor 24',Electronica,$ 350.0,5.0,Transferencia
5932,2025-08-23,105,PEDRO GOMEZ,CORDOBA,Teclado Mecanico,Accesorios,$ 80.0,1.0,Debito
5933,2025-10-03,104,Ana Lopez,Mendoza,Cable HDMI,Cables,$ 15.75,5.0,Debito
5934,2025-07-24,106,Lucia Fernandez,TUCUMAN,Monitor 24',Electronica,$ 350.0,5.0,Debito
5935,2025-11-08,103,Luis Garcia.,CABA,Teclado Mecanico,Accesorios,,3.0,Efectivo
5936,2025-08-09,106,Lucia Fernandez,TUCUMAN,Silla Gamer,Muebles,$ 250.0,2.0,Transferencia
5937,2025-12-20,105,PEDRO GOMEZ,CORDOBA,Laptop Pro,Electronica,$ 1200.5,3.0,Efectivo
5938,2025-12-20,105,PEDRO GOMEZ,CORDOBA,Teclado Mecanico,Accesorios,$ 80.0,,Debito
5939,2025-12-13,102,  marta Sanchez  ,ROSARIO,Mouse Optico,Accesorios,$ 25.0,5.0,Efectivo
5940,21/05/2025,102,  marta Sanchez  ,ROSARIO,Teclado Mecanico,Accesorios,,5.0,Efectivo
5941,2025-02-13,102,  marta Sanchez  ,ROSARIO,Laptop Pro,Electronica,$ 1200.5,2.0,Transferencia
5942,2025-01-15,105,PEDRO GOMEZ,CORDOBA,Cable HDMI,Cables,$ 15.75,5.0,Debito
5943,2025-03-15,101,JUAN PEREZ,CORDOBA,Teclado Mecanico,Accesorios,$ 80.0,4.0,Tarjeta Credito
5944,2025-02-08,103,Luis Garcia.,CABA,Cable HDMI,Cables,,1.0,Efectivo
5945,2025-08-23,102,  marta Sanchez  ,ROSARIO,Mouse Optico,Accesorios,$ 25.0,3.0,Debito
5946,2025-03-08,104,Ana Lopez,Mendoza,Laptop Pro,Electronica,$ 1200.5,2.0,Debito
5947,2025-07-15,101,JUAN PEREZ,CORDOBA,Monitor 24',Electronica,$ 350.0,5.0,Efectivo
5948,2025-10-25,104,Ana Lopez,Mendoza,Silla Gamer,Muebles,$ 250.0,4.0,Efectivo
5949,2025-11-10,105,PEDRO GOMEZ,CORDOBA,Monitor 24',Electronica,$ 350.0,1.0,Efectivo
5950,03/05/2025,103,Luis Garcia.,CABA,Silla Gamer,Muebles,$ 250.0,5.0,Tarjeta Credito
5951,2025-06-03,104,Ana Lopez,Mendoza,Laptop Pro,Electronica,$ 1200.5,3.0,Tarjeta Credito
5952,2025-11-16,105,PEDRO GOMEZ,CORDOBA,Mouse Optico,Accesorios,$ 25.0,3.0,Transferencia
5953,2025-07-07,106,Lucia Fernandez,TUCUMAN,Silla Gamer,Muebles,$ 250.0,4.0,Transferencia
5954,2025-11-29,101,JUAN PEREZ,CORDOBA,Teclado Mecanico,Accesorios,$ 80.0,5.0,Transferencia
5955,2025-07-11,101,JUAN PEREZ,CORDOBA,Monitor 24',Electronica,$ 350.0,3.0,Transferencia
5956,2025-01-21,101,JUAN PEREZ,CORDOBA,Mouse Optico,Accesorios,$ 25.0,4.0,Debito
5957,2025-08-26,105,PEDRO GOMEZ,CORDOBA,Monitor 24',Electronica,$ 350.0,5.0,Transferencia
5958,2025-04-07,103,Luis Garcia.,CABA,Laptop Pro,Electronica,$ 1200.5,2.0,Transferencia
5959,2025-03-28,106,Lucia Fernandez,TUCUMAN,Laptop Pro,Electronica,$ 1200.5,3.0,Tarjeta Credito
5960,30/03/2025,106,Lucia Fernandez,TUCUMAN,Silla Gamer,Muebles,$ 250.0,4.0,Transferencia
5961,2025-01-12,103,Luis Garcia.,CABA,Silla Gamer,Muebles,$ 250.0,1.0,Tarjeta Credito
5962,2025-12-04,103,Luis Garcia.,CABA,Silla Gamer,Muebles,$ 250.0,3.0,Tarjeta Credito
5963,2025-05-25,106,Lucia Fernandez,TUCUMAN,Laptop Pro,Electronica,$ 1200.5,3.0,Tarjeta Credito
5964,2025-05-02,102,  marta Sanchez  ,ROSARIO,Silla Gamer,Muebles,$ 250.0,4.0,Tarjeta Credito
5965,2025-11-01,101,JUAN PEREZ,CORDOBA,Cable HDMI,Cables,$ 15.75,1.0,Transferencia
5966,2025-04-30,103,Luis Garcia.,CABA,Silla Gamer,Muebles,$ 250.0,3.0,Debito
5967,2025-04-20,101,JUAN PEREZ,CORDOBA,Mouse Optico,Accesorios,$ 25.0,4.0,Transferencia
5968,2025-10-07,104,Ana Lopez,Mendoza,Teclado Mecanico,Accesorios,$ 80.0,2.0,Efectivo
5969,2025-03-01,102,  marta Sanchez  ,ROSARIO,Laptop Pro,Electronica,$ 1200.5,5.0,Tarjeta Credito
5970,15/04/2025,106,Lucia Fernandez,TUCUMAN,Silla Gamer,Muebles,$ 250.0,1.0,Tarjeta Credito
5971,2025-06-06,103,Luis Garcia.,CABA,Cable HDMI,Cables,$ 15.75,5.0,Tarjeta Credito
5972,2025-11-27,105,PEDRO GOMEZ,CORDOBA,Cable HDMI,Cables,$ 15.75,4.0,Debito
5973,2025-03-22,103,Luis Garcia.,CABA,Monitor 24',Electronica,$ 350.0,1.0,Tarjeta Credito
5974,2025-02-05,105,PEDRO GOMEZ,CORDOBA,Mouse Optico,Accesorios,$ 25.0,4.0,Transferencia
5975,2025-03-19,101,JUAN PEREZ,CORDOBA,Teclado Mecanico,Accesorios,$ 80.0,4.0,Debito
5976,2025-12-31,101,JUAN PEREZ,CORDOBA,Monitor 24',Electronica,$ 350.0,4.0,Tarjeta Credito
5977,2025-04-22,101,JUAN PEREZ,CORDOBA,Silla Gamer,Muebles,$ 250.0,1.0,Tarjeta Credito
5978,2025-05-29,105,PEDRO GOMEZ,CORDOBA,Teclado Mecanico,Accesorios,,1.0,Tarjeta Credito
5979,2025-04-16,102,  marta Sanchez  ,ROSARIO,Silla Gamer,Muebles,$ 250.0,2.0,Efectivo
5980,08/07/2025,103,Luis Garcia.,CABA,Cable HDMI,Cables,$ 15.75,1.0,Efectivo
5981,2025-07-20,105,PEDRO GOMEZ,CORDOBA,Teclado Mecanico,Accesorios,$ 80.0,4.0,Debito
5982,2025-03-20,103,Luis Garcia.,CABA,Silla Gamer,Muebles,$ 250.0,4.0,Transferencia
5983,2025-07-13,102,  marta Sanchez  ,ROSARIO,Laptop Pro,Electronica,$ 1200.5,4.0,Tarjeta Credito
5984,2025-09-12,102,  marta Sanchez  ,ROSARIO,Silla Gamer,Muebles,$ 250.0,1.0,Tarjeta Credito
5985,2025-01-29,106,Lucia Fernandez,TUCUMAN,Silla Gamer,Muebles,$ 250.0,4.0,Tarjeta Credito
5986,2025-11-10,102,  marta Sanchez  ,ROSARIO,Cable HDMI,Cables,$ 15.75,1.0,Debito
5987,2025-01-12,104,Ana Lopez,Mendoza,Teclado Mecanico,Accesorios,,3.0,Debito
5988,2025-07-23,105,PEDRO GOMEZ,CORDOBA,Teclado Mecanico,Accesorios,$ 80.0,2.0,Transferencia
5989,2025-08-25,102,  marta Sanchez  ,ROSARIO,Silla Gamer,Muebles,$ 250.0,3.0,Tarjeta Credito
5990,11/09/2025,101,JUAN PEREZ,CORDOBA,Cable HDMI,Cables,$ 15.75,1.0,Debito
5991,2025-04-04,102,  marta Sanchez  ,ROSARIO,Mouse Optico,Accesorios,$ 25.0,1.0,Debito
5992,2025-09-09,103,Luis Garcia.,CABA,Cable HDMI,Cables,$ 15.75,5.0,Transferencia
5993,2025-03-29,105,PEDRO GOMEZ,CORDOBA,Silla Gamer,Muebles,$ 250.0,1.0,Debito
5994,2025-09-26,102,  marta Sanchez  ,ROSARIO,Mouse Optico,Accesorios,$ 25.0,5.0,Transferencia
5995,2025-10-09,106,Lucia Fernandez,TUCUMAN,Monitor 24',Electronica,$ 350.0,3.0,Efectivo
5996,2025-11-14,101,JUAN PEREZ,CORDOBA,Mouse Optico,Accesorios,$ 25.0,4.0,Tarjeta Credito
5997,2025-09-23,102,  marta Sanchez  ,ROSARIO,Monitor 24',Electronica,$ 350.0,2.0,Debito
5998,2025-10-15,104,Ana Lopez,Mendoza,Cable HDMI,Cables,$ 15.75,4.0,Transferencia
5999,2025-11-22,104,Ana Lopez,Mendoza,Cable HDMI,Cables,$ 15.75,5.0,Tarjeta Credito
6000,22/12/2025,101,JUAN PEREZ,CORDOBA,Monitor 24',Electronica,$ 350.0,3.0,Efectivo
6001,2025-05-21,104,Ana Lopez,Mendoza,Teclado Mecanico,Accesorios,$ 80.0,3.0,Tarjeta Credito
6002,2025-09-09,104,Ana Lopez,Mendoza,Mouse Optico,Accesorios,$ 25.0,4.0,Transferencia
6003,2025-06-20,101,JUAN PEREZ,CORDOBA,Teclado Mecanico,Accesorios,$ 80.0,4.0,Debito
6004,2025-03-04,104,Ana Lopez,Mendoza,Laptop Pro,Electronica,$ 1200.5,1.0,Tarjeta Credito
6005,2025-05-18,101,JUAN PEREZ,CORDOBA,Silla Gamer,Muebles,$ 250.0,4.0,Transferencia
6006,2025-12-28,105,PEDRO GOMEZ,CORDOBA,Laptop Pro,Electronica,$ 1200.5,4.0,Tarjeta Credito
6007,2025-10-03,101,JUAN PEREZ,CORDOBA,Teclado Mecanico,Accesorios,$ 80.0,4.0,Tarjeta Credito
6008,2025-02-08,102,  marta Sanchez  ,ROSARIO,Teclado Mecanico,Accesorios,$ 80.0,4.0,Tarjeta Credito
6009,2025-06-23,103,Luis Garcia.,CABA,Monitor 24',Electronica,$ 350.0,3.0,Efectivo
6010,23/07/2025,102,  marta Sanchez  ,ROSARIO,Silla Gamer,Muebles,$ 250.0,5.0,Efectivo
6011,2025-08-20,102,  marta Sanchez  ,ROSARIO,Teclado Mecanico,Accesorios,$ 80.0,1.0,Transferencia
6012,2025-05-20,103,Luis Garcia.,CABA,Silla Gamer,Muebles,$ 250.0,3.0,Efectivo
6013,2025-08-06,106,Lucia Fernandez,TUCUMAN,Teclado Mecanico,Accesorios,,1.0,Tarjeta Credito
6014,2025-07-31,101,JUAN PEREZ,CORDOBA,Cable HDMI,Cables,$ 15.75,4.0,Transferencia
6015,2025-07-12,102,  marta Sanchez  ,ROSARIO,Cable HDMI,Cables,$ 15.75,3.0,Transferencia
6016,2025-11-30,106,Lucia Fernandez,TUCUMAN,Laptop Pro,Electronica,$ 1200.5,4.0,Transferencia
6017,2025-04-29,104,Ana Lopez,Mendoza,Cable HDMI,Cables,$ 15.75,1.0,Efectivo
6018,2025-08-19,106,Lucia Fernandez,TUCUMAN,Silla Gamer,Muebles,,2.0,Efectivo
6019,2025-11-06,101,JUAN PEREZ,CORDOBA,Silla Gamer,Muebles,$ 250.0,3.0,Tarjeta Credito
6020,05/02/2025,105,PEDRO GOMEZ,CORDOBA,Laptop Pro,Electronica,$ 1200.5,3.0,Tarjeta Credito
6021,2025-09-28,102,  marta Sanchez  ,ROSARIO,Monitor 24',Electronica,$ 350.0,2.0,Debito
6022,2025-01-08,104,Ana Lopez,Mendoza,Laptop Pro,Electronica,$ 1200.5,4.0,Efectivo
6023,2025-10-23,106,Lucia Fernandez,TUCUMAN,Silla Gamer,Muebles,$ 250.0,3.0,Transferencia
6024,2025-05-11,105,PEDRO GOMEZ,CORDOBA,Monitor 24',Electronica,$ 350.0,4.0,Efectivo
6025,2025-02-13,103,Luis Garcia.,CABA,Mouse Optico,Accesorios,$ 25.0,4.0,Efectivo
6026,2025-09-01,104,Ana Lopez,Mendoza,Mouse Optico,Accesorios,$ 25.0,1.0,Tarjeta Credito
6027,2025-02-04,104,Ana Lopez,Mendoza,Silla Gamer,Muebles,$ 250.0,3.0,Efectivo
6028,2025-12-06,104,Ana Lopez,Mendoza,Cable HDMI,Cables,$ 15.75,3.0,Transferencia
6029,2025-12-12,102,  marta Sanchez  ,ROSARIO,Monitor 24',Electronica,$ 350.0,2.0,Transferencia
6030,23/05/2025,102,  marta Sanchez  ,ROSARIO,Teclado Mecanico,Accesorios,$ 80.0,4.0,Tarjeta Credito
6031,2025-01-24,106,Lucia Fernandez,TUCUMAN,Silla Gamer,Muebles,$ 250.0,4.0,Tarjeta Credito
6032,2025-12-31,102,  marta Sanchez  ,ROSARIO,Silla Gamer,Muebles,$ 250.0,3.0,Debito
6033,2025-05-03,104,Ana Lopez,Mendoza,Laptop Pro,Electronica,,5.0,Efectivo
6034,2025-02-16,105,PEDRO GOMEZ,CORDOBA,Monitor 24',Electronica,$ 350.0,2.0,Transferencia
6035,2025-06-29,103,Luis Garcia.,CABA,Silla Gamer,Muebles,$ 250.0,5.0,Transferencia
6036,2025-09-05,106,Lucia Fernandez,TUCUMAN,Mouse Optico,Accesorios,$ 25.0,4.0,Efectivo
6037,2025-09-09,104,Ana Lopez,Mendoza,Silla Gamer,Muebles,$ 250.0,2.0,Tarjeta Credito
6038,2025-06-16,102,  marta Sanchez  ,ROSARIO,Teclado Mecanico,Accesorios,$ 80.0,4.0,Tarjeta Credito
6039,2025-09-23,101,JUAN PEREZ,CORDOBA,Monitor 24',Electronica,$ 350.0,1.0,Debito
6040,25/09/2025,101,JUAN PEREZ,CORDOBA,Silla Gamer,Muebles,$ 250.0,1.0,Debito
6041,2025-03-03,106,Lucia Fernandez,TUCUMAN,Cable HDMI,Cables,$ 15.75,1.0,Efectivo
6042,2025-05-11,104,Ana Lopez,Mendoza,Monitor 24',Electronica,$ 350.0,1.0,Transferencia
6043,2025-08-23,101,JUAN PEREZ,CORDOBA,Cable HDMI,Cables,$ 15.75,3.0,Debito
6044,2025-12-10,102,  marta Sanchez  ,ROSARIO,Silla Gamer,Muebles,$ 250.0,3.0,Transferencia
6045,2025-12-09,102,  marta Sanchez  ,ROSARIO,Teclado Mecanico,Accesorios,$ 80.0,4.0,Debito
6046,2025-08-29,101,JUAN PEREZ,CORDOBA,Laptop Pro,Electronica,$ 1200.5,2.0,Efectivo
6047,2025-06-21,102,  marta Sanchez  ,ROSARIO,Mouse Optico,Accesorios,$ 25.0,5.0,Tarjeta Credito
6048,2025-03-26,105,PEDRO GOMEZ,CORDOBA,Mouse Optico,Accesorios,$ 25.0,5.0,Tarjeta Credito
6049,2025-12-07,105,PEDRO GOMEZ,CORDOBA,Teclado Mecanico,Accesorios,$ 80.0,2.0,Debito
6050,15/04/2025,103,Luis Garcia.,CABA,Silla Gamer,Muebles,$ 250.0,5.0,Efectivo
6051,2025-07-29,104,Ana Lopez,Mendoza,Laptop Pro,Electronica,$ 1200.5,5.0,Transferencia
6052,2025-01-01,101,JUAN PEREZ,CORDOBA,Silla Gamer,Muebles,$ 250.0,4.0,Tarjeta Credito
6053,2025-01-11,106,Lucia Fernandez,TUCUMAN,Cable HDMI,Cables,$ 15.75,4.0,Tarjeta Credito
6054,2025-09-20,105,PEDRO GOMEZ,CORDOBA,Silla Gamer,Muebles,$ 250.0,4.0,Transferencia
6055,2025-09-13,102,  marta Sanchez  ,ROSARIO,Laptop Pro,Electronica,$ 1200.5,1.0,Transferencia
6056,2025-05-19,103,Luis Garcia.,CABA,Cable HDMI,Cables,$ 15.75,4.0,Debito
6057,2025-10-04,106,Lucia Fernandez,TUCUMAN,Monitor 24',Electronica,$ 350.0,2.0,Debito
6058,2025-09-01,103,Luis Garcia.,CABA,Laptop Pro,Electronica,$ 1200.5,3.0,Efectivo
6059,2025-08-15,104,Ana Lopez,Mendoza,Monitor 24',Electronica,$ 350.0,3.0,Efectivo
6060,19/09/2025,101,JUAN PEREZ,CORDOBA,Cable HDMI,Cables,$ 15.75,5.0,Efectivo
6061,2025-10-23,104,Ana Lopez,Mendoza,Teclado Mecanico,Accesorios,$ 80.0,1.0,Transferencia
6062,2025-03-09,103,Luis Garcia.,CABA,Monitor 24',Electronica,$ 350.0,4.0,Transferencia
6063,2025-04-26,104,Ana Lopez,Mendoza,Cable HDMI,Cables,$ 15.75,4.0,Efectivo
6064,2025-07-10,103,Luis Garcia.,CABA,Mouse Optico,Accesorios,$ 25.0,1.0,Tarjeta Credito
6065,2025-01-21,104,Ana Lopez,Mendoza,Monitor 24',Electronica,$ 350.0,1.0,Debito
6066,2025-03-17,105,PEDRO GOMEZ,CORDOBA,Monitor 24',Electronica,$ 350.0,4.0,Debito
6067,2025-03-06,103,Luis Garcia.,CABA,Laptop Pro,Electronica,$ 1200.5,4.0,Tarjeta Credito
6068,2025-07-03,101,JUAN PEREZ,CORDOBA,Silla Gamer,Muebles,$ 250.0,4.0,Debito
6069,2025-04-10,105,PEDRO GOMEZ,CORDOBA,Mouse Optico,Accesorios,$ 25.0,2.0,Efectivo
6070,30/09/2025,102,  marta Sanchez  ,ROSARIO,Mouse Optico,Accesorios,$ 25.0,2.0,Transferencia
6071,2025-04-23,104,Ana Lopez,Mendoza,Mouse Optico,Accesorios,$ 25.0,3.0,Transferencia
6072,2025-04-30,101,JUAN PEREZ,CORDOBA,Laptop Pro,Electronica,$ 1200.5,1.0,Tarjeta Credito
6073,2025-10-27,105,PEDRO GOMEZ,CORDOBA,Silla Gamer,Muebles,$ 250.0,3.0,Tarjeta Credito
6074,2025-08-17,102,  marta Sanchez  ,ROSARIO,Silla Gamer,Muebles,,2.0,Transferencia
6075,2025-11-20,106,Lucia Fernandez,TUCUMAN,Laptop Pro,Electronica,$ 1200.5,5.0,Transferencia
6076,2025-07-07,105,PEDRO GOMEZ,CORDOBA,Monitor 24',Electronica,$ 350.0,1.0,Transferencia
6077,2025-09-07,103,Luis Garcia.,CABA,Silla Gamer,Muebles,$ 250.0,1.0,Efectivo
6078,2025-08-14,104,Ana Lopez,Mendoza,Mouse Optico,Accesorios,$ 25.0,3.0,Tarjeta Credito
6079,2025-10-20,104,Ana Lopez,Mendoza,Teclado Mecanico,Accesorios,$ 80.0,4.0,Efectivo
6080,02/07/2025,103,Luis Garcia.,CABA,Silla Gamer,Muebles,$ 250.0,2.0,Tarjeta Credito
6081,2025-12-07,103,Luis Garcia.,CABA,Teclado Mecanico,Accesorios,$ 80.0,4.0,Transferencia
6082,2025-01-16,104,Ana Lopez,Mendoza,Monitor 24',Electronica,$ 350.0,4.0,Transferencia
6083,2025-08-08,106,Lucia Fernandez,TUCUMAN,Cable HDMI,Cables,$ 15.75,2.0,Efectivo
6084,2025-09-27,106,Lucia Fernandez,TUCUMAN,Mouse Optico,Accesorios,$ 25.0,5.0,Tarjeta Credito
6085,2025-08-22,102,  marta Sanchez  ,ROSARIO,Cable HDMI,Cables,$ 15.75,5.0,Transferencia
6086,2025-02-11,106,Lucia Fernandez,TUCUMAN,Mouse Optico,Accesorios,$ 25.0,2.0,Tarjeta Credito
6087,2025-07-11,105,PEDRO GOMEZ,CORDOBA,Cable HDMI,Cables,$ 15.75,4.0,Efectivo
6088,2025-12-15,103,Luis Garcia.,CABA,Laptop Pro,Electronica,$ 1200.5,3.0,Tarjeta Credito
6089,2025-08-11,104,Ana Lopez,Mendoza,Teclado Mecanico,Accesorios,$ 80.0,5.0,Debito
6090,19/01/2025,106,Lucia Fernandez,TUCUMAN,Silla Gamer,Muebles,$ 250.0,3.0,Debito
6091,2025-02-17,104,Ana Lopez,Mendoza,Teclado Mecanico,Accesorios,$ 80.0,5.0,Debito
6092,2025-10-14,102,  marta Sanchez  ,ROSARIO,Mouse Optico,Accesorios,$ 25.0,1.0,Tarjeta Credito
6093,2025-06-21,102,  marta Sanchez  ,ROSARIO,Cable HDMI,Cables,$ 15.75,4.0,Debito
6094,2025-02-22,102,  marta Sanchez  ,ROSARIO,Mouse Optico,Accesorios,$ 25.0,4.0,Transferencia
6095,2025-06-01,106,Lucia Fernandez,TUCUMAN,Teclado Mecanico,Accesorios,$ 80.0,4.0,Transferencia
6096,2025-05-12,105,PEDRO GOMEZ,CORDOBA,Cable HDMI,Cables,$ 15.75,3.0,Tarjeta Credito
6097,2025-10-16,102,  marta Sanchez  ,ROSARIO,Cable HDMI,Cables,$ 15.75,3.0,Debito
6098,2025-12-06,103,Luis Garcia.,CABA,Teclado Mecanico,Accesorios,$ 80.0,4.0,Tarjeta Credito
6099,2025-04-22,105,PEDRO GOMEZ,CORDOBA,Teclado Mecanico,Accesorios,,1.0,Tarjeta Credito
6100,28/08/2025,106,Lucia Fernandez,TUCUMAN,Mouse Optico,Accesorios,$ 25.0,4.0,Transferencia
6101,2025-03-27,106,Lucia Fernandez,TUCUMAN,Silla Gamer,Muebles,$ 250.0,4.0,Transferencia
6102,2025-04-06,106,Lucia Fernandez,TUCUMAN,Silla Gamer,Muebles,$ 250.0,3.0,Debito
6103,2025-04-20,103,Luis Garcia.,CABA,Cable HDMI,Cables,$ 15.75,4.0,Tarjeta Credito
6104,2025-03-05,101,JUAN PEREZ,CORDOBA,Cable HDMI,Cables,,,Debito
6105,2025-01-12,104,Ana Lopez,Mendoza,Silla Gamer,Muebles,$ 250.0,2.0,Debito
6106,2025-08-18,103,Luis Garcia.,CABA,Monitor 24',Electronica,$ 350.0,5.0,Transferencia
6107,2025-09-21,106,Lucia Fernandez,TUCUMAN,Teclado Mecanico,Accesorios,$ 80.0,3.0,Tarjeta Credito
6108,2025-01-30,104,Ana Lopez,Mendoza,Teclado Mecanico,Accesorios,$ 80.0,1.0,Transferencia
6109,2025-08-01,104,Ana Lopez,Mendoza,Laptop Pro,Electronica,$ 1200.5,3.0,Tarjeta Credito
6110,29/06/2025,101,JUAN PEREZ,CORDOBA,Monitor 24',Electronica,$ 350.0,3.0,Debito
6111,2025-06-03,104,Ana Lopez,Mendoza,Cable HDMI,Cables,$ 15.75,2.0,Transferencia
6112,2025-10-09,105,PEDRO GOMEZ,CORDOBA,Teclado Mecanico,Accesorios,$ 80.0,3.0,Transferencia
6113,2025-01-16,105,PEDRO GOMEZ,CORDOBA,Cable HDMI,Cables,$ 15.75,3.0,Tarjeta Credito
6114,2025-08-15,105,PEDRO GOMEZ,CORDOBA,Mouse Optico,Accesorios,$ 25.0,4.0,Debito
6115,2025-09-28,101,JUAN PEREZ,CORDOBA,Cable HDMI,Cables,$ 15.75,2.0,Debito
6116,2025-05-16,103,Luis Garcia.,CABA,Mouse Optico,Accesorios,$ 25.0,4.0,Efectivo
6117,2025-09-15,105,PEDRO GOMEZ,CORDOBA,Mouse Optico,Accesorios,,3.0,Tarjeta Credito
6118,2025-01-24,102,  marta Sanchez  ,ROSARIO,Mouse Optico,Accesorios,$ 25.0,5.0,Debito
6119,2025-11-08,103,Luis Garcia.,CABA,Teclado Mecanico,Accesorios,$ 80.0,2.0,Efectivo
6120,09/05/2025,102,  marta Sanchez  ,ROSARIO,Monitor 24',Electronica,$ 350.0,2.0,Tarjeta Credito
6121,2025-12-18,102,  marta Sanchez  ,ROSARIO,Laptop Pro,Electronica,$ 1200.5,2.0,Debito
6122,2025-09-24,101,JUAN PEREZ,CORDOBA,Laptop Pro,Electronica,$ 1200.5,3.0,Debito
6123,2025-07-15,105,PEDRO GOMEZ,CORDOBA,Monitor 24',Electronica,$ 350.0,5.0,Tarjeta Credito
6124,2025-07-26,102,  marta Sanchez  ,ROSARIO,Teclado Mecanico,Accesorios,$ 80.0,4.0,Tarjeta Credito
6125,2025-02-11,106,Lucia Fernandez,TUCUMAN,Silla Gamer,Muebles,$ 250.0,1.0,Efectivo
6126,2025-10-22,101,JUAN PEREZ,CORDOBA,Mouse Optico,Accesorios,$ 25.0,3.0,Efectivo
6127,2025-12-30,105,PEDRO GOMEZ,CORDOBA,Teclado Mecanico,Accesorios,$ 80.0,1.0,Tarjeta Credito
6128,2025-03-04,101,JUAN PEREZ,CORDOBA,Monitor 24',Electronica,$ 350.0,2.0,Transferencia
6129,2025-10-06,103,Luis Garcia.,CABA,Mouse Optico,Accesorios,$ 25.0,4.0,Tarjeta Credito
6130,21/09/2025,101,JUAN PEREZ,CORDOBA,Mouse Optico,Accesorios,$ 25.0,1.0,Transferencia
6131,2025-09-04,105,PEDRO GOMEZ,CORDOBA,Monitor 24',Electronica,$ 350.0,1.0,Tarjeta Credito
6132,2025-05-31,101,JUAN PEREZ,CORDOBA,Mouse Optico,Accesorios,$ 25.0,1.0,Tarjeta Credito
6133,2025-01-29,103,Luis Garcia.,CABA,Cable HDMI,Cables,$ 15.75,1.0,Efectivo
6134,2025-10-24,105,PEDRO GOMEZ,CORDOBA,Cable HDMI,Cables,$ 15.75,3.0,Tarjeta Credito
6135,2025-03-03,103,Luis Garcia.,CABA,Monitor 24',Electronica,$ 350.0,5.0,Transferencia
6136,2025-09-30,105,PEDRO GOMEZ,CORDOBA,Teclado Mecanico,Accesorios,$ 80.0,4.0,Tarjeta Credito
6137,2025-10-02,104,Ana Lopez,Mendoza,Laptop Pro,Electronica,,2.0,Transferencia
6138,2025-10-13,106,Lucia Fernandez,TUCUMAN,Mouse Optico,Accesorios,$ 25.0,3.0,Tarjeta Credito
6139,2025-02-21,104,Ana Lopez,Mendoza,Silla Gamer,Muebles,$ 250.0,5.0,Transferencia
6140,08/02/2025,102,  marta Sanchez  ,ROSARIO,Mouse Optico,Accesorios,$ 25.0,3.0,Transferencia
6141,2025-10-16,102,  marta Sanchez  ,ROSARIO,Laptop Pro,Electronica,$ 1200.5,3.0,Tarjeta Credito
6142,2025-04-20,106,Lucia Fernandez,TUCUMAN,Laptop Pro,Electronica,$ 1200.5,4.0,Debito
6143,2025-10-12,103,Luis Garcia.,CABA,Cable HDMI,Cables,$ 15.75,4.0,Efectivo
6144,2025-07-18,105,PEDRO GOMEZ,CORDOBA,Laptop Pro,Electronica,$ 1200.5,2.0,Debito
6145,2025-01-17,106,Lucia Fernandez,TUCUMAN,Mouse Optico,Accesorios,$ 25.0,4.0,Efectivo
6146,2025-06-12,101,JUAN PEREZ,CORDOBA,Teclado Mecanico,Accesorios,$ 80.0,1.0,Tarjeta Credito
6147,2025-01-25,105,PEDRO GOMEZ,CORDOBA,Teclado Mecanico,Accesorios,$ 80.0,1.0,Tarjeta Credito
6148,2025-03-09,106,Lucia Fernandez,TUCUMAN,Silla Gamer,Muebles,$ 250.0,2.0,Transferencia
6149,2025-04-04,102,  marta Sanchez  ,ROSARIO,Laptop Pro,Electronica,$ 1200.5,5.0,Debito
6150,11/03/2025,105,PEDRO GOMEZ,CORDOBA,Silla Gamer,Muebles,$ 250.0,2.0,Tarjeta Credito
6151,2025-06-24,103,Luis Garcia.,CABA,Silla Gamer,Muebles,$ 250.0,5.0,Tarjeta Credito
6152,2025-12-27,101,JUAN PEREZ,CORDOBA,Cable HDMI,Cables,$ 15.75,4.0,Tarjeta Credito
6153,2025-01-16,103,Luis Garcia.,CABA,Monitor 24',Electronica,$ 350.0,2.0,Tarjeta Credito
6154,2025-01-04,102,  marta Sanchez  ,ROSARIO,Teclado Mecanico,Accesorios,$ 80.0,3.0,Tarjeta Credito
6155,2025-01-07,106,Lucia Fernandez,TUCUMAN,Cable HDMI,Cables,$ 15.75,4.0,Tarjeta Credito
6156,2025-02-08,105,PEDRO GOMEZ,CORDOBA,Silla Gamer,Muebles,$ 250.0,1.0,Efectivo
6157,2025-05-01,101,JUAN PEREZ,CORDOBA,Cable HDMI,Cables,$ 15.75,3.0,Efectivo
6158,2025-01-16,105,PEDRO GOMEZ,CORDOBA,Monitor 24',Electronica,$ 350.0,,Efectivo
6159,2025-07-31,105,PEDRO GOMEZ,CORDOBA,Laptop Pro,Electronica,$ 1200.5,4.0,Efectivo
6160,10/08/2025,103,Luis Garcia.,CABA,Teclado Mecanico,Accesorios,$ 80.0,5.0,Efectivo
6161,2025-01-21,105,PEDRO GOMEZ,CORDOBA,Silla Gamer,Muebles,$ 250.0,3.0,Tarjeta Credito
6162,2025-12-07,103,Luis Garcia.,CABA,Mouse Optico,Accesorios,$ 25.0,,Efectivo
6163,2025-08-15,104,Ana Lopez,Mendoza,Silla Gamer,Muebles,$ 250.0,2.0,Efectivo
6164,2025-07-19,104,Ana Lopez,Mendoza,Teclado Mecanico,Accesorios,$ 80.0,3.0,Transferencia
6165,2025-07-20,101,JUAN PEREZ,CORDOBA,Laptop Pro,Electronica,$ 1200.5,4.0,Transferencia
6166,2025-07-25,105,PEDRO GOMEZ,CORDOBA,Silla Gamer,Muebles,$ 250.0,4.0,Efectivo
6167,2025-03-10,105,PEDRO GOMEZ,CORDOBA,Laptop Pro,Electronica,$ 1200.5,4.0,Transferencia
6168,2025-07-18,105,PEDRO GOMEZ,CORDOBA,Teclado Mecanico,Accesorios,$ 80.0,4.0,Transferencia
6169,2025-07-24,106,Lucia Fernandez,TUCUMAN,Cable HDMI,Cables,$ 15.75,3.0,Transferencia
6170,08/10/2025,103,Luis Garcia.,CABA,Teclado Mecanico,Accesorios,$ 80.0,4.0,Debito
6171,2025-03-05,106,Lucia Fernandez,TUCUMAN,Laptop Pro,Electronica,$ 1200.5,4.0,Debito
6172,2025-01-23,106,Lucia Fernandez,TUCUMAN,Monitor 24',Electronica,$ 350.0,4.0,Transferencia
6173,2025-03-17,102,  marta Sanchez  ,ROSARIO,Laptop Pro,Electronica,$ 1200.5,2.0,Efectivo
6174,2025-07-19,102,  marta Sanchez  ,ROSARIO,Monitor 24',Electronica,$ 350.0,,Efectivo
6175,2025-11-14,106,Lucia Fernandez,TUCUMAN,Cable HDMI,Cables,$ 15.75,1.0,Debito
6176,2025-07-05,102,  marta Sanchez  ,ROSARIO,Laptop Pro,Electronica,$ 1200.5,2.0,Tarjeta Credito
6177,2025-04-27,106,Lucia Fernandez,TUCUMAN,Monitor 24',Electronica,$ 350.0,2.0,Tarjeta Credito
6178,2025-07-10,105,PEDRO GOMEZ,CORDOBA,Monitor 24',Electronica,$ 350.0,,Transferencia
6179,2025-03-18,103,Luis Garcia.,CABA,Silla Gamer,Muebles,$ 250.0,1.0,Tarjeta Credito
6180,17/03/2025,105,PEDRO GOMEZ,CORDOBA,Laptop Pro,Electronica,$ 1200.5,3.0,Transferencia
6181,2025-05-22,106,Lucia Fernandez,TUCUMAN,Laptop Pro,Electronica,$ 1200.5,1.0,Efectivo
6182,2025-09-06,101,JUAN PEREZ,CORDOBA,Cable HDMI,Cables,$ 15.75,2.0,Debito
6183,2025-10-06,104,Ana Lopez,Mendoza,Cable HDMI,Cables,$ 15.75,1.0,Transferencia
6184,2025-08-07,101,JUAN PEREZ,CORDOBA,Laptop Pro,Electronica,$ 1200.5,1.0,Transferencia
6185,2025-10-17,104,Ana Lopez,Mendoza,Cable HDMI,Cables,$ 15.75,5.0,Tarjeta Credito
6186,2025-12-01,105,PEDRO GOMEZ,CORDOBA,Laptop Pro,Electronica,,5.0,Debito
6187,2025-03-25,102,  marta Sanchez  ,ROSARIO,Monitor 24',Electronica,$ 350.0,4.0,Debito
6188,2025-06-20,102,  marta Sanchez  ,ROSARIO,Silla Gamer,Muebles,$ 250.0,3.0,Efectivo
6189,2025-04-20,102,  marta Sanchez  ,ROSARIO,Teclado Mecanico,Accesorios,$ 80.0,5.0,Transferencia
6190,10/09/2025,102,  marta Sanchez  ,ROSARIO,Silla Gamer,Muebles,$ 250.0,3.0,Efectivo
6191,2025-03-07,106,Lucia Fernandez,TUCUMAN,Mouse Optico,Accesorios,$ 25.0,1.0,Tarjeta Credito
6192,2025-12-14,104,Ana Lopez,Mendoza,Cable HDMI,Cables,$ 15.75,1.0,Efectivo
6193,2025-05-09,101,JUAN PEREZ,CORDOBA,Mouse Optico,Accesorios,$ 25.0,5.0,Transferencia
6194,2025-03-23,105,PEDRO GOMEZ,CORDOBA,Teclado Mecanico,Accesorios,,4.0,Debito
6195,2025-07-13,104,Ana Lopez,Mendoza,Teclado Mecanico,Accesorios,$ 80.0,5.0,Debito
6196,2025-12-28,103,Luis Garcia.,CABA,Monitor 24',Electronica,$ 350.0,1.0,Transferencia
6197,2025-08-30,101,JUAN PEREZ,CORDOBA,Silla Gamer,Muebles,$ 250.0,2.0,Debito
6198,2025-11-06,105,PEDRO GOMEZ,CORDOBA,Monitor 24',Electronica,$ 350.0,2.0,Debito
6199,2025-12-03,102,  marta Sanchez  ,ROSARIO,Laptop Pro,Electronica,$ 1200.5,3.0,Tarjeta Credito
6200,23/04/2025,103,Luis Garcia.,CABA,Monitor 24',Electronica,,1.0,Debito
6201,2025-05-27,101,JUAN PEREZ,CORDOBA,Monitor 24',Electronica,$ 350.0,5.0,Debito
6202,2025-12-29,103,Luis Garcia.,CABA,Monitor 24',Electronica,$ 350.0,2.0,Transferencia
6203,2025-11-10,101,JUAN PEREZ,CORDOBA,Cable HDMI,Cables,$ 15.75,1.0,Efectivo
6204,2025-05-05,102,  marta Sanchez  ,ROSARIO,Mouse Optico,Accesorios,$ 25.0,4.0,Transferencia
6205,2025-11-12,105,PEDRO GOMEZ,CORDOBA,Teclado Mecanico,Accesorios,$ 80.0,1.0,Transferencia
6206,2025-04-26,106,Lucia Fernandez,TUCUMAN,Monitor 24',Electronica,$ 350.0,4.0,Efectivo
6207,2025-10-05,106,Lucia Fernandez,TUCUMAN,Silla Gamer,Muebles,$ 250.0,4.0,Tarjeta Credito
6208,2025-09-26,106,Lucia Fernandez,TUCUMAN,Cable HDMI,Cables,$ 15.75,4.0,Debito
6209,2025-03-08,101,JUAN PEREZ,CORDOBA,Silla Gamer,Muebles,$ 250.0,2.0,Debito
6210,22/04/2025,105,PEDRO GOMEZ,CORDOBA,Monitor 24',Electronica,$ 350.0,2.0,Transferencia
6211,2025-10-26,104,Ana Lopez,Mendoza,Monitor 24',Electronica,$ 350.0,2.0,Transferencia
6212,2025-03-27,101,JUAN PEREZ,CORDOBA,Mouse Optico,Accesorios,$ 25.0,3.0,Efectivo
6213,2025-08-13,105,PEDRO GOMEZ,CORDOBA,Laptop Pro,Electronica,,1.0,Efectivo
6214,2025-09-26,106,Lucia Fernandez,TUCUMAN,Silla Gamer,Muebles,$ 250.0,4.0,Efectivo
6215,2025-09-12,104,Ana Lopez,Mendoza,Teclado Mecanico,Accesorios,$ 80.0,2.0,Debito
6216,2025-06-30,104,Ana Lopez,Mendoza,Teclado Mecanico,Accesorios,$ 80.0,,Debito
6217,2025-03-13,104,Ana Lopez,Mendoza,Silla Gamer,Muebles,$ 250.0,2.0,Tarjeta Credito
6218,2025-11-27,102,  marta Sanchez  ,ROSARIO,Silla Gamer,Muebles,$ 250.0,2.0,Debito
6219,2025-09-04,105,PEDRO GOMEZ,CORDOBA,Mouse Optico,Accesorios,$ 25.0,4.0,Transferencia
6220,29/12/2025,104,Ana Lopez,Mendoza,Monitor 24',Electronica,$ 350.0,2.0,Tarjeta Credito
6221,2025-07-04,103,Luis Garcia.,CABA,Silla Gamer,Muebles,$ 250.0,4.0,Transferencia
6222,2025-07-25,106,Lucia Fernandez,TUCUMAN,Laptop Pro,Electronica,$ 1200.5,1.0,Efectivo
6223,2025-04-29,105,PEDRO GOMEZ,CORDOBA,Monitor 24',Electronica,$ 350.0,3.0,Transferencia
6224,2025-05-22,103,Luis Garcia.,CABA,Cable HDMI,Cables,$ 15.75,1.0,Tarjeta Credito
6225,2025-06-08,105,PEDRO GOMEZ,CORDOBA,Silla Gamer,Muebles,$ 250.0,3.0,Tarjeta Credito
6226,2025-04-03,102,  marta Sanchez  ,ROSARIO,Monitor 24',Electronica,$ 350.0,2.0,Debito
6227,2025-02-15,105,PEDRO GOMEZ,CORDOBA,Silla Gamer,Muebles,$ 250.0,3.0,Transferencia
6228,2025-11-17,104,Ana Lopez,Mendoza,Monitor 24',Electronica,$ 350.0,4.0,Efectivo
6229,2025-07-05,105,PEDRO GOMEZ,CORDOBA,Monitor 24',Electronica,$ 350.0,3.0,Efectivo
6230,15/11/2025,102,  marta Sanchez  ,ROSARIO,Laptop Pro,Electronica,$ 1200.5,2.0,Tarjeta Credito
6231,2025-04-10,102,  marta Sanchez  ,ROSARIO,Teclado Mecanico,Accesorios,$ 80.0,5.0,Debito
6232,2025-07-24,102,  marta Sanchez  ,ROSARIO,Teclado Mecanico,Accesorios,$ 80.0,4.0,Debito
6233,2025-04-18,103,Luis Garcia.,CABA,Cable HDMI,Cables,$ 15.75,1.0,Transferencia
6234,2025-09-06,103,Luis Garcia.,CABA,Laptop Pro,Electronica,$ 1200.5,5.0,Efectivo
6235,2025-01-13,102,  marta Sanchez  ,ROSARIO,Cable HDMI,Cables,$ 15.75,3.0,Transferencia
6236,2025-03-08,104,Ana Lopez,Mendoza,Teclado Mecanico,Accesorios,$ 80.0,1.0,Debito
6237,2025-07-06,104,Ana Lopez,Mendoza,Laptop Pro,Electronica,$ 1200.5,1.0,Tarjeta Credito
6238,2025-02-24,102,  marta Sanchez  ,ROSARIO,Cable HDMI,Cables,$ 15.75,1.0,Efectivo
6239,2025-04-12,103,Luis Garcia.,CABA,Mouse Optico,Accesorios,$ 25.0,5.0,Transferencia
6240,27/10/2025,101,JUAN PEREZ,CORDOBA,Monitor 24',Electronica,$ 350.0,5.0,Debito
6241,2025-05-09,101,JUAN PEREZ,CORDOBA,Teclado Mecanico,Accesorios,$ 80.0,1.0,Efectivo
6242,2025-11-05,106,Lucia Fernandez,TUCUMAN,Silla Gamer,Muebles,$ 250.0,4.0,Transferencia
6243,2025-01-14,105,PEDRO GOMEZ,CORDOBA,Silla Gamer,Muebles,$ 250.0,5.0,Debito
6244,2025-04-29,104,Ana Lopez,Mendoza,Silla Gamer,Muebles,$ 250.0,1.0,Debito
6245,2025-04-03,101,JUAN PEREZ,CORDOBA,Laptop Pro,Electronica,$ 1200.5,4.0,Efectivo
6246,2025-03-30,102,  marta Sanchez  ,ROSARIO,Silla Gamer,Muebles,$ 250.0,4.0,Debito
6247,2025-07-05,102,  marta Sanchez  ,ROSARIO,Monitor 24',Electronica,$ 350.0,3.0,Efectivo
6248,2025-11-13,106,Lucia Fernandez,TUCUMAN,Teclado Mecanico,Accesorios,$ 80.0,4.0,Debito
6249,2025-03-01,101,JUAN PEREZ,CORDOBA,Laptop Pro,Electronica,$ 1200.5,5.0,Tarjeta Credito
6250,13/09/2025,104,Ana Lopez,Mendoza,Silla Gamer,Muebles,$ 250.0,4.0,Tarjeta Credito
6251,2025-09-18,105,PEDRO GOMEZ,CORDOBA,Teclado Mecanico,Accesorios,$ 80.0,5.0,Debito
6252,2025-09-26,101,JUAN PEREZ,CORDOBA,Laptop Pro,Electronica,$ 1200.5,2.0,Efectivo
6253,2025-09-03,105,PEDRO GOMEZ,CORDOBA,Teclado Mecanico,Accesorios,$ 80.0,5.0,Efectivo
6254,2025-04-10,102,  marta Sanchez  ,ROSARIO,Silla Gamer,Muebles,$ 250.0,3.0,Debito
6255,2025-07-15,101,JUAN PEREZ,CORDOBA,Mouse Optico,Accesorios,$ 25.0,4.0,Debito
6256,2025-07-21,103,Luis Garcia.,CABA,Cable HDMI,Cables,$ 15.75,3.0,Debito
6257,2025-07-18,106,Lucia Fernandez,TUCUMAN,Silla Gamer,Muebles,$ 250.0,5.0,Efectivo
6258,2025-02-10,104,Ana Lopez,Mendoza,Silla Gamer,Muebles,$ 250.0,2.0,Efectivo
6259,2025-06-13,104,Ana Lopez,Mendoza,Monitor 24',Electronica,$ 350.0,2.0,Efectivo
6260,04/05/2025,101,JUAN PEREZ,CORDOBA,Monitor 24',Electronica,$ 350.0,1.0,Efectivo
6261,2025-09-26,106,Lucia Fernandez,TUCUMAN,Silla Gamer,Muebles,$ 250.0,2.0,Efectivo
6262,2025-05-02,103,Luis Garcia.,CABA,Laptop Pro,Electronica,$ 1200.5,3.0,Tarjeta Credito
6263,2025-01-04,104,Ana Lopez,Mendoza,Cable HDMI,Cables,$ 15.75,2.0,Efectivo
6264,2025-04-07,104,Ana Lopez,Mendoza,Cable HDMI,Cables,$ 15.75,2.0,Debito
6265,2025-06-05,105,PEDRO GOMEZ,CORDOBA,Teclado Mecanico,Accesorios,$ 80.0,3.0,Tarjeta Credito
6266,2025-08-23,104,Ana Lopez,Mendoza,Mouse Optico,Accesorios,$ 25.0,3.0,Tarjeta Credito
6267,2025-07-17,103,Luis Garcia.,CABA,Laptop Pro,Electronica,$ 1200.5,3.0,Tarjeta Credito
6268,2025-01-24,103,Luis Garcia.,CABA,Laptop Pro,Electronica,$ 1200.5,4.0,Efectivo
6269,2025-09-30,105,PEDRO GOMEZ,CORDOBA,Mouse Optico,Accesorios,$ 25.0,2.0,Transferencia
6270,28/08/2025,103,Luis Garcia.,CABA,Teclado Mecanico,Accesorios,$ 80.0,4.0,Debito
6271,2025-05-07,106,Lucia Fernandez,TUCUMAN,Laptop Pro,Electronica,$ 1200.5,2.0,Debito
6272,2025-11-14,102,  marta Sanchez  ,ROSARIO,Cable HDMI,Cables,$ 15.75,5.0,Transferencia
6273,2025-10-22,101,JUAN PEREZ,CORDOBA,Silla Gamer,Muebles,$ 250.0,1.0,Tarjeta Credito
6274,2025-11-18,101,JUAN PEREZ,CORDOBA,Mouse Optico,Accesorios,$ 25.0,5.0,Tarjeta Credito
6275,2025-06-17,106,Lucia Fernandez,TUCUMAN,Cable HDMI,Cables,$ 15.75,5.0,Efectivo
6276,2025-09-01,105,PEDRO GOMEZ,CORDOBA,Teclado Mecanico,Accesorios,$ 80.0,5.0,Transferencia
6277,2025-08-07,102,  marta Sanchez  ,ROSARIO,Laptop Pro,Electronica,$ 1200.5,3.0,Debito
6278,2025-05-19,106,Lucia Fernandez,TUCUMAN,Monitor 24',Electronica,$ 350.0,5.0,Transferencia
6279,2025-06-26,103,Luis Garcia.,CABA,Laptop Pro,Electronica,$ 1200.5,2.0,Debito
6280,28/08/2025,101,JUAN PEREZ,CORDOBA,Mouse Optico,Accesorios,,5.0,Debito
6281,2025-08-29,103,Luis Garcia.,CABA,Teclado Mecanico,Accesorios,$ 80.0,5.0,Tarjeta Credito
6282,2025-04-04,102,  marta Sanchez  ,ROSARIO,Cable HDMI,Cables,$ 15.75,1.0,Transferencia
6283,2025-03-07,105,PEDRO GOMEZ,CORDOBA,Laptop Pro,Electronica,$ 1200.5,3.0,Efectivo
6284,2025-12-25,106,Lucia Fernandez,TUCUMAN,Laptop Pro,Electronica,$ 1200.5,2.0,Debito
6285,2025-08-17,104,Ana Lopez,Mendoza,Cable HDMI,Cables,,5.0,Tarjeta Credito
6286,2025-02-03,104,Ana Lopez,Mendoza,Cable HDMI,Cables,$ 15.75,4.0,Efectivo
6287,2025-08-07,101,JUAN PEREZ,CORDOBA,Laptop Pro,Electronica,$ 1200.5,4.0,Transferencia
6288,2025-11-27,105,PEDRO GOMEZ,CORDOBA,Silla Gamer,Muebles,$ 250.0,3.0,Transferencia
6289,2025-05-11,101,JUAN PEREZ,CORDOBA,Mouse Optico,Accesorios,$ 25.0,4.0,Transferencia
6290,04/12/2025,104,Ana Lopez,Mendoza,Monitor 24',Electronica,$ 350.0,3.0,Efectivo
6291,2025-09-03,105,PEDRO GOMEZ,CORDOBA,Mouse Optico,Accesorios,$ 25.0,1.0,Transferencia
6292,2025-10-11,101,JUAN PEREZ,CORDOBA,Teclado Mecanico,Accesorios,$ 80.0,4.0,Efectivo
6293,2025-02-12,102,  marta Sanchez  ,ROSARIO,Silla Gamer,Muebles,$ 250.0,3.0,Efectivo
6294,2025-01-22,103,Luis Garcia.,CABA,Monitor 24',Electronica,$ 350.0,3.0,Transferencia
6295,2025-04-06,101,JUAN PEREZ,CORDOBA,Mouse Optico,Accesorios,$ 25.0,3.0,Debito
6296,2025-06-25,101,JUAN PEREZ,CORDOBA,Silla Gamer,Muebles,$ 250.0,1.0,Tarjeta Credito
6297,2025-03-23,106,Lucia Fernandez,TUCUMAN,Monitor 24',Electronica,$ 350.0,1.0,Transferencia
6298,2025-12-04,105,PEDRO GOMEZ,CORDOBA,Cable HDMI,Cables,$ 15.75,2.0,Tarjeta Credito
6299,2025-05-06,105,PEDRO GOMEZ,CORDOBA,Mouse Optico,Accesorios,$ 25.0,3.0,Efectivo
6300,16/01/2025,101,JUAN PEREZ,CORDOBA,Mouse Optico,Accesorios,$ 25.0,1.0,Efectivo
6301,2025-04-03,103,Luis Garcia.,CABA,Laptop Pro,Electronica,$ 1200.5,2.0,Tarjeta Credito
6302,2025-11-18,101,JUAN PEREZ,CORDOBA,Mouse Optico,Accesorios,$ 25.0,5.0,Efectivo
6303,2025-05-30,101,JUAN PEREZ,CORDOBA,Laptop Pro,Electronica,$ 1200.5,5.0,Transferencia
6304,2025-12-21,106,Lucia Fernandez,TUCUMAN,Laptop Pro,Electronica,$ 1200.5,2.0,Tarjeta Credito
6305,2025-03-05,103,Luis Garcia.,CABA,Cable HDMI,Cables,$ 15.75,2.0,Tarjeta Credito
6306,2025-09-29,103,Luis Garcia.,CABA,Monitor 24',Electronica,$ 350.0,5.0,Efectivo
6307,2025-11-04,104,Ana Lopez,Mendoza,Teclado Mecanico,Accesorios,$ 80.0,5.0,Transferencia
6308,2025-06-18,103,Luis Garcia.,CABA,Silla Gamer,Muebles,$ 250.0,5.0,Tarjeta Credito
6309,2025-10-02,103,Luis Garcia.,CABA,Laptop Pro,Electronica,$ 1200.5,2.0,Transferencia
6310,09/03/2025,104,Ana Lopez,Mendoza,Monitor 24',Electronica,$ 350.0,1.0,Efectivo
6311,2025-07-06,102,  marta Sanchez  ,ROSARIO,Monitor 24',Electronica,$ 350.0,5.0,Tarjeta Credito
6312,2025-10-30,103,Luis Garcia.,CABA,Monitor 24',Electronica,,5.0,Tarjeta Credito
6313,2025-11-14,105,PEDRO GOMEZ,CORDOBA,Teclado Mecanico,Accesorios,$ 80.0,5.0,Debito
6314,2025-12-12,104,Ana Lopez,Mendoza,Laptop Pro,Electronica,$ 1200.5,,Efectivo
6315,2025-05-25,105,PEDRO GOMEZ,CORDOBA,Cable HDMI,Cables,$ 15.75,3.0,Tarjeta Credito
6316,2025-03-11,105,PEDRO GOMEZ,CORDOBA,Cable HDMI,Cables,$ 15.75,3.0,Tarjeta Credito
6317,2025-01-14,102,  marta Sanchez  ,ROSARIO,Monitor 24',Electronica,$ 350.0,5.0,Efectivo
6318,2025-11-04,103,Luis Garcia.,CABA,Monitor 24',Electronica,$ 350.0,2.0,Efectivo
6319,2025-09-19,103,Luis Garcia.,CABA,Cable HDMI,Cables,$ 15.75,2.0,Transferencia
6320,18/06/2025,104,Ana Lopez,Mendoza,Teclado Mecanico,Accesorios,$ 80.0,4.0,Debito
6321,2025-07-10,104,Ana Lopez,Mendoza,Monitor 24',Electronica,$ 350.0,3.0,Tarjeta Credito
6322,2025-09-21,102,  marta Sanchez  ,ROSARIO,Mouse Optico,Accesorios,$ 25.0,5.0,Transferencia
6323,2025-08-29,104,Ana Lopez,Mendoza,Cable HDMI,Cables,$ 15.75,,Tarjeta Credito
6324,2025-06-19,106,Lucia Fernandez,TUCUMAN,Monitor 24',Electronica,$ 350.0,3.0,Efectivo
6325,2025-08-02,105,PEDRO GOMEZ,CORDOBA,Silla Gamer,Muebles,$ 250.0,1.0,Debito
6326,2025-04-12,104,Ana Lopez,Mendoza,Mouse Optico,Accesorios,$ 25.0,4.0,Debito
6327,2025-06-18,101,JUAN PEREZ,CORDOBA,Mouse Optico,Accesorios,$ 25.0,1.0,Transferencia
6328,2025-08-17,104,Ana Lopez,Mendoza,Teclado Mecanico,Accesorios,$ 80.0,1.0,Debito
6329,2025-03-21,103,Luis Garcia.,CABA,Laptop Pro,Electronica,$ 1200.5,4.0,Transferencia
6330,23/07/2025,106,Lucia Fernandez,TUCUMAN,Teclado Mecanico,Accesorios,$ 80.0,3.0,Efectivo
6331,2025-11-18,101,JUAN PEREZ,CORDOBA,Silla Gamer,Muebles,$ 250.0,1.0,Tarjeta Credito
6332,2025-07-06,103,Luis Garcia.,CABA,Monitor 24',Electronica,$ 350.0,3.0,Efectivo
6333,2025-06-22,103,Luis Garcia.,CABA,Cable HDMI,Cables,$ 15.75,4.0,Transferencia
6334,2025-10-13,101,JUAN PEREZ,CORDOBA,Teclado Mecanico,Accesorios,$ 80.0,2.0,Efectivo
6335,2025-12-25,106,Lucia Fernandez,TUCUMAN,Teclado Mecanico,Accesorios,$ 80.0,4.0,Tarjeta Credito
6336,2025-07-02,105,PEDRO GOMEZ,CORDOBA,Cable HDMI,Cables,$ 15.75,5.0,Tarjeta Credito
6337,2025-08-02,101,JUAN PEREZ,CORDOBA,Cable HDMI,Cables,$ 15.75,2.0,Tarjeta Credito
6338,2025-07-09,104,Ana Lopez,Mendoza,Laptop Pro,Electronica,$ 1200.5,5.0,Efectivo
6339,2025-11-17,102,  marta Sanchez  ,ROSARIO,Laptop Pro,Electronica,$ 1200.5,2.0,Transferencia
6340,16/07/2025,104,Ana Lopez,Mendoza,Cable HDMI,Cables,$ 15.75,5.0,Transferencia
6341,2025-12-15,101,JUAN PEREZ,CORDOBA,Silla Gamer,Muebles,$ 250.0,5.0,Efectivo
6342,2025-01-13,106,Lucia Fernandez,TUCUMAN,Silla Gamer,Muebles,$ 250.0,3.0,Transferencia
6343,2025-02-17,105,PEDRO GOMEZ,CORDOBA,Laptop Pro,Electronica,$ 1200.5,2.0,Tarjeta Credito
6344,2025-05-26,102,  marta Sanchez  ,ROSARIO,Teclado Mecanico,Accesorios,,2.0,Transferencia
6345,2025-10-20,106,Lucia Fernandez,TUCUMAN,Mouse Optico,Accesorios,$ 25.0,1.0,Transferencia
6346,2025-12-09,101,JUAN PEREZ,CORDOBA,Silla Gamer,Muebles,$ 250.0,4.0,Transferencia
6347,2025-10-14,106,Lucia Fernandez,TUCUMAN,Laptop Pro,Electronica,$ 1200.5,3.0,Efectivo
6348,2025-02-20,104,Ana Lopez,Mendoza,Cable HDMI,Cables,$ 15.75,4.0,Debito
6349,2025-05-20,104,Ana Lopez,Mendoza,Mouse Optico,Accesorios,$ 25.0,1.0,Transferencia
6350,25/12/2025,103,Luis Garcia.,CABA,Cable HDMI,Cables,$ 15.75,4.0,Debito
6351,2025-05-23,103,Luis Garcia.,CABA,Teclado Mecanico,Accesorios,$ 80.0,3.0,Efectivo
6352,2025-08-26,101,JUAN PEREZ,CORDOBA,Monitor 24',Electronica,$ 350.0,2.0,Debito
6353,2025-07-28,105,PEDRO GOMEZ,CORDOBA,Teclado Mecanico,Accesorios,$ 80.0,3.0,Tarjeta Credito
6354,2025-10-09,106,Lucia Fernandez,TUCUMAN,Silla Gamer,Muebles,$ 250.0,3.0,Efectivo
6355,2025-03-28,105,PEDRO GOMEZ,CORDOBA,Cable HDMI,Cables,$ 15.75,1.0,Efectivo
6356,2025-11-09,103,Luis Garcia.,CABA,Teclado Mecanico,Accesorios,$ 80.0,5.0,Efectivo
6357,2025-06-17,102,  marta Sanchez  ,ROSARIO,Laptop Pro,Electronica,$ 1200.5,3.0,Transferencia
6358,2025-05-23,102,  marta Sanchez  ,ROSARIO,Cable HDMI,Cables,,4.0,Tarjeta Credito
6359,2025-07-12,105,PEDRO GOMEZ,CORDOBA,Cable HDMI,Cables,$ 15.75,4.0,Debito
6360,23/09/2025,104,Ana Lopez,Mendoza,Silla Gamer,Muebles,$ 250.0,5.0,Transferencia
6361,2025-03-16,102,  marta Sanchez  ,ROSARIO,Cable HDMI,Cables,$ 15.75,2.0,Efectivo
6362,2025-09-09,104,Ana Lopez,Mendoza,Cable HDMI,Cables,$ 15.75,2.0,Debito
6363,2025-09-06,102,  marta Sanchez  ,ROSARIO,Mouse Optico,Accesorios,$ 25.0,1.0,Debito
6364,2025-02-02,106,Lucia Fernandez,TUCUMAN,Silla Gamer,Muebles,$ 250.0,3.0,Efectivo
6365,2025-05-06,104,Ana Lopez,Mendoza,Cable HDMI,Cables,$ 15.75,3.0,Efectivo
6366,2025-12-18,105,PEDRO GOMEZ,CORDOBA,Teclado Mecanico,Accesorios,$ 80.0,4.0,Debito
6367,2025-07-10,106,Lucia Fernandez,TUCUMAN,Silla Gamer,Muebles,$ 250.0,4.0,Tarjeta Credito
6368,2025-06-22,101,JUAN PEREZ,CORDOBA,Monitor 24',Electronica,$ 350.0,4.0,Debito
6369,2025-05-14,106,Lucia Fernandez,TUCUMAN,Teclado Mecanico,Accesorios,$ 80.0,3.0,Transferencia
6370,26/03/2025,104,Ana Lopez,Mendoza,Mouse Optico,Accesorios,$ 25.0,1.0,Efectivo
6371,2025-04-09,104,Ana Lopez,Mendoza,Monitor 24',Electronica,$ 350.0,2.0,Tarjeta Credito
6372,2025-03-19,101,JUAN PEREZ,CORDOBA,Monitor 24',Electronica,$ 350.0,4.0,Debito
6373,2025-02-21,103,Luis Garcia.,CABA,Teclado Mecanico,Accesorios,$ 80.0,2.0,Efectivo
6374,2025-10-22,101,JUAN PEREZ,CORDOBA,Silla Gamer,Muebles,$ 250.0,3.0,Tarjeta Credito
6375,2025-07-11,103,Luis Garcia.,CABA,Teclado Mecanico,Accesorios,$ 80.0,3.0,Efectivo
6376,2025-02-14,101,JUAN PEREZ,CORDOBA,Cable HDMI,Cables,$ 15.75,2.0,Transferencia
6377,2025-09-14,106,Lucia Fernandez,TUCUMAN,Cable HDMI,Cables,$ 15.75,4.0,Debito
6378,2025-04-06,106,Lucia Fernandez,TUCUMAN,Mouse Optico,Accesorios,$ 25.0,1.0,Efectivo
6379,2025-04-15,102,  marta Sanchez  ,ROSARIO,Mouse Optico,Accesorios,$ 25.0,,Tarjeta Credito
6380,12/11/2025,106,Lucia Fernandez,TUCUMAN,Cable HDMI,Cables,$ 15.75,4.0,Tarjeta Credito
6381,2025-03-19,101,JUAN PEREZ,CORDOBA,Monitor 24',Electronica,$ 350.0,3.0,Efectivo
6382,2025-06-01,104,Ana Lopez,Mendoza,Silla Gamer,Muebles,$ 250.0,3.0,Tarjeta Credito
6383,2025-08-31,103,Luis Garcia.,CABA,Mouse Optico,Accesorios,,5.0,Debito
6384,2025-05-29,101,JUAN PEREZ,CORDOBA,Laptop Pro,Electronica,$ 1200.5,5.0,Transferencia
6385,2025-01-04,101,JUAN PEREZ,CORDOBA,Monitor 24',Electronica,$ 350.0,3.0,Tarjeta Credito
6386,2025-08-08,102,  marta Sanchez  ,ROSARIO,Laptop Pro,Electronica,$ 1200.5,2.0,Transferencia
6387,2025-10-09,101,JUAN PEREZ,CORDOBA,Teclado Mecanico,Accesorios,$ 80.0,2.0,Debito
6388,2025-08-17,101,JUAN PEREZ,CORDOBA,Monitor 24',Electronica,$ 350.0,1.0,Efectivo
6389,2025-11-09,102,  marta Sanchez  ,ROSARIO,Laptop Pro,Electronica,$ 1200.5,1.0,Transferencia
6390,30/07/2025,104,Ana Lopez,Mendoza,Teclado Mecanico,Accesorios,$ 80.0,2.0,Transferencia
6391,2025-02-14,102,  marta Sanchez  ,ROSARIO,Teclado Mecanico,Accesorios,$ 80.0,3.0,Tarjeta Credito
6392,2025-05-09,104,Ana Lopez,Mendoza,Mouse Optico,Accesorios,$ 25.0,2.0,Debito
6393,2025-01-28,104,Ana Lopez,Mendoza,Mouse Optico,Accesorios,$ 25.0,4.0,Tarjeta Credito
6394,2025-06-10,102,  marta Sanchez  ,ROSARIO,Teclado Mecanico,Accesorios,$ 80.0,,Efectivo
6395,2025-08-12,106,Lucia Fernandez,TUCUMAN,Silla Gamer,Muebles,$ 250.0,5.0,Tarjeta Credito
6396,2025-02-08,103,Luis Garcia.,CABA,Teclado Mecanico,Accesorios,$ 80.0,1.0,Tarjeta Credito
6397,2025-12-19,104,Ana Lopez,Mendoza,Teclado Mecanico,Accesorios,$ 80.0,2.0,Efectivo
6398,2025-04-28,102,  marta Sanchez  ,ROSARIO,Cable HDMI,Cables,$ 15.75,1.0,Efectivo
6399,2025-05-25,103,Luis Garcia.,CABA,Cable HDMI,Cables,$ 15.75,1.0,Debito
6400,29/01/2025,103,Luis Garcia.,CABA,Teclado Mecanico,Accesorios,$ 80.0,2.0,Transferencia
6401,2025-09-28,101,JUAN PEREZ,CORDOBA,Silla Gamer,Muebles,$ 250.0,2.0,Debito
6402,2025-07-31,106,Lucia Fernandez,TUCUMAN,Monitor 24',Electronica,$ 350.0,3.0,Tarjeta Credito
6403,2025-03-15,105,PEDRO GOMEZ,CORDOBA,Laptop Pro,Electronica,$ 1200.5,1.0,Efectivo
6404,2025-10-06,106,Lucia Fernandez,TUCUMAN,Monitor 24',Electronica,$ 350.0,1.0,Tarjeta Credito
6405,2025-04-08,105,PEDRO GOMEZ,CORDOBA,Mouse Optico,Accesorios,$ 25.0,2.0,Transferencia
6406,2025-05-02,104,Ana Lopez,Mendoza,Mouse Optico,Accesorios,,3.0,Efectivo
6407,2025-12-25,102,  marta Sanchez  ,ROSARIO,Teclado Mecanico,Accesorios,$ 80.0,,Efectivo
6408,2025-05-15,101,JUAN PEREZ,CORDOBA,Teclado Mecanico,Accesorios,$ 80.0,1.0,Transferencia
6409,2025-01-06,101,JUAN PEREZ,CORDOBA,Teclado Mecanico,Accesorios,$ 80.0,4.0,Tarjeta Credito
6410,24/06/2025,101,JUAN PEREZ,CORDOBA,Mouse Optico,Accesorios,$ 25.0,2.0,Transferencia
6411,2025-10-17,102,  marta Sanchez  ,ROSARIO,Silla Gamer,Muebles,$ 250.0,5.0,Efectivo
6412,2025-02-25,104,Ana Lopez,Mendoza,Cable HDMI,Cables,$ 15.75,3.0,Tarjeta Credito
6413,2025-02-18,103,Luis Garcia.,CABA,Cable HDMI,Cables,$ 15.75,5.0,Transferencia
6414,2025-02-05,101,JUAN PEREZ,CORDOBA,Silla Gamer,Muebles,$ 250.0,3.0,Tarjeta Credito
6415,2025-10-08,104,Ana Lopez,Mendoza,Cable HDMI,Cables,$ 15.75,1.0,Debito
6416,2025-07-12,105,PEDRO GOMEZ,CORDOBA,Mouse Optico,Accesorios,$ 25.0,5.0,Efectivo
6417,2025-01-23,106,Lucia Fernandez,TUCUMAN,Monitor 24',Electronica,$ 350.0,3.0,Efectivo
6418,2025-06-21,102,  marta Sanchez  ,ROSARIO,Silla Gamer,Muebles,$ 250.0,3.0,Debito
6419,2025-09-12,101,JUAN PEREZ,CORDOBA,Silla Gamer,Muebles,$ 250.0,3.0,Tarjeta Credito
6420,20/07/2025,105,PEDRO GOMEZ,CORDOBA,Monitor 24',Electronica,$ 350.0,,Efectivo
6421,2025-12-01,104,Ana Lopez,Mendoza,Mouse Optico,Accesorios,$ 25.0,1.0,Transferencia
6422,2025-03-07,104,Ana Lopez,Mendoza,Laptop Pro,Electronica,$ 1200.5,4.0,Tarjeta Credito
6423,2025-08-12,101,JUAN PEREZ,CORDOBA,Cable HDMI,Cables,$ 15.75,1.0,Tarjeta Credito
6424,2025-08-12,105,PEDRO GOMEZ,CORDOBA,Mouse Optico,Accesorios,$ 25.0,1.0,Efectivo
6425,2025-10-12,105,PEDRO GOMEZ,CORDOBA,Laptop Pro,Electronica,$ 1200.5,1.0,Transferencia
6426,2025-12-20,102,  marta Sanchez  ,ROSARIO,Teclado Mecanico,Accesorios,$ 80.0,1.0,Efectivo
6427,2025-12-20,106,Lucia Fernandez,TUCUMAN,Silla Gamer,Muebles,$ 250.0,4.0,Debito
6428,2025-05-23,101,JUAN PEREZ,CORDOBA,Laptop Pro,Electronica,$ 1200.5,4.0,Transferencia
6429,2025-10-16,101,JUAN PEREZ,CORDOBA,Laptop Pro,Electronica,$ 1200.5,5.0,Debito
6430,15/01/2025,103,Luis Garcia.,CABA,Teclado Mecanico,Accesorios,$ 80.0,3.0,Efectivo
6431,2025-10-16,104,Ana Lopez,Mendoza,Silla Gamer,Muebles,$ 250.0,2.0,Transferencia
6432,2025-03-03,101,JUAN PEREZ,CORDOBA,Monitor 24',Electronica,$ 350.0,2.0,Debito
6433,2025-09-29,103,Luis Garcia.,CABA,Silla Gamer,Muebles,$ 250.0,3.0,Tarjeta Credito
6434,2025-07-02,101,JUAN PEREZ,CORDOBA,Teclado Mecanico,Accesorios,$ 80.0,3.0,Debito
6435,2025-04-07,106,Lucia Fernandez,TUCUMAN,Teclado Mecanico,Accesorios,$ 80.0,2.0,Tarjeta Credito
6436,2025-09-12,104,Ana Lopez,Mendoza,Silla Gamer,Muebles,$ 250.0,3.0,Debito
6437,2025-05-03,104,Ana Lopez,Mendoza,Cable HDMI,Cables,$ 15.75,5.0,Efectivo
6438,2025-06-07,106,Lucia Fernandez,TUCUMAN,Cable HDMI,Cables,$ 15.75,4.0,Debito
6439,2025-06-29,101,JUAN PEREZ,CORDOBA,Mouse Optico,Accesorios,$ 25.0,1.0,Transferencia
6440,14/07/2025,101,JUAN PEREZ,CORDOBA,Silla Gamer,Muebles,$ 250.0,5.0,Tarjeta Credito
6441,2025-09-09,102,  marta Sanchez  ,ROSARIO,Teclado Mecanico,Accesorios,$ 80.0,4.0,Transferencia
6442,2025-05-03,102,  marta Sanchez  ,ROSARIO,Monitor 24',Electronica,$ 350.0,1.0,Transferencia
6443,2025-10-13,105,PEDRO GOMEZ,CORDOBA,Teclado Mecanico,Accesorios,$ 80.0,4.0,Transferencia
6444,2025-09-02,105,PEDRO GOMEZ,CORDOBA,Silla Gamer,Muebles,$ 250.0,3.0,Transferencia
6445,2025-03-29,104,Ana Lopez,Mendoza,Silla Gamer,Muebles,$ 250.0,3.0,Debito
6446,2025-09-16,103,Luis Garcia.,CABA,Teclado Mecanico,Accesorios,$ 80.0,2.0,Debito
6447,2025-10-29,105,PEDRO GOMEZ,CORDOBA,Silla Gamer,Muebles,$ 250.0,1.0,Debito
6448,2025-03-26,102,  marta Sanchez  ,ROSARIO,Cable HDMI,Cables,$ 15.75,2.0,Tarjeta Credito
6449,2025-08-24,104,Ana Lopez,Mendoza,Silla Gamer,Muebles,$ 250.0,1.0,Transferencia
6450,22/05/2025,105,PEDRO GOMEZ,CORDOBA,Silla Gamer,Muebles,$ 250.0,4.0,Efectivo
6451,2025-01-29,106,Lucia Fernandez,TUCUMAN,Silla Gamer,Muebles,$ 250.0,4.0,Debito
6452,2025-08-23,105,PEDRO GOMEZ,CORDOBA,Laptop Pro,Electronica,$ 1200.5,2.0,Efectivo
6453,2025-11-25,102,  marta Sanchez  ,ROSARIO,Monitor 24',Electronica,$ 350.0,5.0,Tarjeta Credito
6454,2025-06-19,101,JUAN PEREZ,CORDOBA,Silla Gamer,Muebles,$ 250.0,5.0,Transferencia
6455,2025-01-26,104,Ana Lopez,Mendoza,Mouse Optico,Accesorios,$ 25.0,2.0,Debito
6456,2025-07-11,105,PEDRO GOMEZ,CORDOBA,Silla Gamer,Muebles,$ 250.0,4.0,Transferencia
6457,2025-04-11,105,PEDRO GOMEZ,CORDOBA,Monitor 24',Electronica,$ 350.0,5.0,Debito
6458,2025-09-24,104,Ana Lopez,Mendoza,Laptop Pro,Electronica,$ 1200.5,4.0,Efectivo
6459,2025-11-26,102,  marta Sanchez  ,ROSARIO,Cable HDMI,Cables,$ 15.75,1.0,Tarjeta Credito
6460,09/01/2025,106,Lucia Fernandez,TUCUMAN,Laptop Pro,Electronica,$ 1200.5,5.0,Debito
6461,2025-04-09,103,Luis Garcia.,CABA,Cable HDMI,Cables,$ 15.75,2.0,Tarjeta Credito
6462,2025-09-26,101,JUAN PEREZ,CORDOBA,Laptop Pro,Electronica,$ 1200.5,5.0,Debito
6463,2025-11-25,105,PEDRO GOMEZ,CORDOBA,Cable HDMI,Cables,$ 15.75,5.0,Transferencia
6464,2025-06-14,103,Luis Garcia.,CABA,Teclado Mecanico,Accesorios,$ 80.0,5.0,Tarjeta Credito
6465,2025-06-16,101,JUAN PEREZ,CORDOBA,Laptop Pro,Electronica,$ 1200.5,2.0,Efectivo
6466,2025-07-22,104,Ana Lopez,Mendoza,Monitor 24',Electronica,$ 350.0,4.0,Efectivo
6467,2025-07-16,106,Lucia Fernandez,TUCUMAN,Mouse Optico,Accesorios,$ 25.0,3.0,Efectivo
6468,2025-03-25,103,Luis Garcia.,CABA,Teclado Mecanico,Accesorios,,1.0,Transferencia
6469,2025-05-09,103,Luis Garcia.,CABA,Silla Gamer,Muebles,$ 250.0,2.0,Transferencia
6470,19/10/2025,106,Lucia Fernandez,TUCUMAN,Mouse Optico,Accesorios,$ 25.0,1.0,Debito
6471,2025-06-01,102,  marta Sanchez  ,ROSARIO,Silla Gamer,Muebles,$ 250.0,1.0,Efectivo
6472,2025-12-17,103,Luis Garcia.,CABA,Teclado Mecanico,Accesorios,,4.0,Tarjeta Credito
6473,2025-09-27,102,  marta Sanchez  ,ROSARIO,Cable HDMI,Cables,$ 15.75,4.0,Efectivo
6474,2025-04-08,101,JUAN PEREZ,CORDOBA,Teclado Mecanico,Accesorios,$ 80.0,1.0,Transferencia
6475,2025-03-26,101,JUAN PEREZ,CORDOBA,Mouse Optico,Accesorios,$ 25.0,3.0,Debito
6476,2025-09-21,101,JUAN PEREZ,CORDOBA,Teclado Mecanico,Accesorios,,4.0,Efectivo
6477,2025-09-28,106,Lucia Fernandez,TUCUMAN,Laptop Pro,Electronica,$ 1200.5,3.0,Tarjeta Credito
6478,2025-12-12,102,  marta Sanchez  ,ROSARIO,Mouse Optico,Accesorios,$ 25.0,1.0,Transferencia
6479,2025-11-02,105,PEDRO GOMEZ,CORDOBA,Monitor 24',Electronica,$ 350.0,4.0,Efectivo
6480,13/08/2025,105,PEDRO GOMEZ,CORDOBA,Laptop Pro,Electronica,$ 1200.5,3.0,Debito
6481,2025-10-17,105,PEDRO GOMEZ,CORDOBA,Mouse Optico,Accesorios,$ 25.0,3.0,Transferencia
6482,2025-10-27,102,  marta Sanchez  ,ROSARIO,Laptop Pro,Electronica,$ 1200.5,1.0,Efectivo
6483,2025-10-26,102,  marta Sanchez  ,ROSARIO,Cable HDMI,Cables,$ 15.75,1.0,Efectivo
6484,2025-01-04,101,JUAN PEREZ,CORDOBA,Monitor 24',Electronica,$ 350.0,5.0,Efectivo
6485,2025-07-23,106,Lucia Fernandez,TUCUMAN,Silla Gamer,Muebles,$ 250.0,5.0,Tarjeta Credito
6486,2025-07-31,103,Luis Garcia.,CABA,Mouse Optico,Accesorios,$ 25.0,,Tarjeta Credito
6487,2025-01-16,102,  marta Sanchez  ,ROSARIO,Silla Gamer,Muebles,$ 250.0,1.0,Transferencia
6488,2025-09-17,101,JUAN PEREZ,CORDOBA,Cable HDMI,Cables,$ 15.75,4.0,Debito
6489,2025-11-16,104,Ana Lopez,Mendoza,Monitor 24',Electronica,$ 350.0,5.0,Transferencia
6490,04/11/2025,104,Ana Lopez,Mendoza,Mouse Optico,Accesorios,$ 25.0,4.0,Efectivo
6491,2025-08-02,105,PEDRO GOMEZ,CORDOBA,Laptop Pro,Electronica,$ 1200.5,5.0,Tarjeta Credito
6492,2025-03-18,103,Luis Garcia.,CABA,Mouse Optico,Accesorios,$ 25.0,1.0,Tarjeta Credito
6493,2025-02-01,101,JUAN PEREZ,CORDOBA,Mouse Optico,Accesorios,$ 25.0,2.0,Tarjeta Credito
6494,2025-10-01,103,Luis Garcia.,CABA,Teclado Mecanico,Accesorios,$ 80.0,2.0,Efectivo
6495,2025-05-09,102,  marta Sanchez  ,ROSARIO,Cable HDMI,Cables,$ 15.75,2.0,Transferencia
6496,2025-05-09,106,Lucia Fernandez,TUCUMAN,Silla Gamer,Muebles,$ 250.0,4.0,Tarjeta Credito
6497,2025-03-22,106,Lucia Fernandez,TUCUMAN,Mouse Optico,Accesorios,,2.0,Efectivo
6498,2025-10-02,102,  marta Sanchez  ,ROSARIO,Mouse Optico,Accesorios,$ 25.0,4.0,Debito
6499,2025-06-09,104,Ana Lopez,Mendoza,Laptop Pro,Electronica,$ 1200.5,2.0,Debito
6500,07/08/2025,106,Lucia Fernandez,TUCUMAN,Silla Gamer,Muebles,$ 250.0,3.0,Tarjeta Credito
6501,2025-09-13,105,PEDRO GOMEZ,CORDOBA,Silla Gamer,Muebles,$ 250.0,1.0,Debito
6502,2025-04-02,106,Lucia Fernandez,TUCUMAN,Monitor 24',Electronica,$ 350.0,1.0,Tarjeta Credito
6503,2025-12-24,102,  marta Sanchez  ,ROSARIO,Mouse Optico,Accesorios,,1.0,Tarjeta Credito
6504,2025-11-03,106,Lucia Fernandez,TUCUMAN,Silla Gamer,Muebles,$ 250.0,2.0,Efectivo
6505,2025-06-26,104,Ana Lopez,Mendoza,Mouse Optico,Accesorios,$ 25.0,3.0,Tarjeta Credito
6506,2025-12-08,104,Ana Lopez,Mendoza,Silla Gamer,Muebles,$ 250.0,2.0,Transferencia
6507,2025-12-30,104,Ana Lopez,Mendoza,Teclado Mecanico,Accesorios,$ 80.0,3.0,Transferencia
6508,2025-12-03,102,  marta Sanchez  ,ROSARIO,Cable HDMI,Cables,$ 15.75,5.0,Transferencia
6509,2025-04-09,104,Ana Lopez,Mendoza,Silla Gamer,Muebles,$ 250.0,4.0,Debito
6510,02/09/2025,105,PEDRO GOMEZ,CORDOBA,Laptop Pro,Electronica,$ 1200.5,1.0,Efectivo
6511,2025-04-29,102,  marta Sanchez  ,ROSARIO,Silla Gamer,Muebles,$ 250.0,2.0,Tarjeta Credito
6512,2025-11-05,105,PEDRO GOMEZ,CORDOBA,Cable HDMI,Cables,$ 15.75,1.0,Debito
6513,2025-10-31,106,Lucia Fernandez,TUCUMAN,Cable HDMI,Cables,$ 15.75,2.0,Efectivo
6514,2025-12-29,102,  marta Sanchez  ,ROSARIO,Monitor 24',Electronica,$ 350.0,1.0,Debito
6515,2025-09-11,106,Lucia Fernandez,TUCUMAN,Laptop Pro,Electronica,$ 1200.5,,Efectivo
6516,2025-12-04,105,PEDRO GOMEZ,CORDOBA,Monitor 24',Electronica,$ 350.0,4.0,Transferencia
6517,2025-07-13,103,Luis Garcia.,CABA,Teclado Mecanico,Accesorios,$ 80.0,4.0,Transferencia
6518,2025-10-07,101,JUAN PEREZ,CORDOBA,Mouse Optico,Accesorios,$ 25.0,5.0,Efectivo
6519,2025-05-12,101,JUAN PEREZ,CORDOBA,Cable HDMI,Cables,$ 15.75,3.0,Transferencia
6520,26/10/2025,102,  marta Sanchez  ,ROSARIO,Monitor 24',Electronica,$ 350.0,2.0,Tarjeta Credito
6521,2025-11-10,106,Lucia Fernandez,TUCUMAN,Monitor 24',Electronica,$ 350.0,5.0,Debito
6522,2025-12-19,102,  marta Sanchez  ,ROSARIO,Silla Gamer,Muebles,$ 250.0,1.0,Tarjeta Credito
6523,2025-09-12,105,PEDRO GOMEZ,CORDOBA,Teclado Mecanico,Accesorios,$ 80.0,2.0,Debito
6524,2025-07-02,102,  marta Sanchez  ,ROSARIO,Teclado Mecanico,Accesorios,$ 80.0,,Efectivo
6525,2025-05-09,106,Lucia Fernandez,TUCUMAN,Laptop Pro,Electronica,$ 1200.5,2.0,Transferencia
6526,2025-03-10,102,  marta Sanchez  ,ROSARIO,Monitor 24',Electronica,$ 350.0,5.0,Debito
6527,2025-04-12,101,JUAN PEREZ,CORDOBA,Silla Gamer,Muebles,$ 250.0,2.0,Transferencia
6528,2025-02-27,106,Lucia Fernandez,TUCUMAN,Cable HDMI,Cables,$ 15.75,1.0,Transferencia
6529,2025-12-12,103,Luis Garcia.,CABA,Monitor 24',Electronica,$ 350.0,3.0,Transferencia
6530,24/03/2025,101,JUAN PEREZ,CORDOBA,Laptop Pro,Electronica,$ 1200.5,5.0,Debito
6531,2025-04-22,102,  marta Sanchez  ,ROSARIO,Teclado Mecanico,Accesorios,$ 80.0,2.0,Transferencia
6532,2025-10-01,101,JUAN PEREZ,CORDOBA,Laptop Pro,Electronica,$ 1200.5,2.0,Tarjeta Credito
6533,2025-06-21,104,Ana Lopez,Mendoza,Silla Gamer,Muebles,$ 250.0,3.0,Tarjeta Credito
6534,2025-09-30,101,JUAN PEREZ,CORDOBA,Mouse Optico,Accesorios,$ 25.0,2.0,Debito
6535,2025-07-10,103,Luis Garcia.,CABA,Cable HDMI,Cables,$ 15.75,1.0,Transferencia
6536,2025-03-20,101,JUAN PEREZ,CORDOBA,Cable HDMI,Cables,$ 15.75,1.0,Tarjeta Credito
6537,2025-03-10,104,Ana Lopez,Mendoza,Laptop Pro,Electronica,$ 1200.5,1.0,Debito
6538,2025-08-29,106,Lucia Fernandez,TUCUMAN,Cable HDMI,Cables,$ 15.75,2.0,Transferencia
6539,2025-10-18,101,JUAN PEREZ,CORDOBA,Monitor 24',Electronica,$ 350.0,1.0,Transferencia
6540,11/01/2025,106,Lucia Fernandez,TUCUMAN,Mouse Optico,Accesorios,$ 25.0,4.0,Efectivo
6541,2025-04-15,102,  marta Sanchez  ,ROSARIO,Silla Gamer,Muebles,$ 250.0,1.0,Debito
6542,2025-01-24,103,Luis Garcia.,CABA,Laptop Pro,Electronica,$ 1200.5,4.0,Tarjeta Credito
6543,2025-11-19,101,JUAN PEREZ,CORDOBA,Laptop Pro,Electronica,$ 1200.5,2.0,Efectivo
6544,2025-08-22,103,Luis Garcia.,CABA,Monitor 24',Electronica,$ 350.0,4.0,Transferencia
6545,2025-03-07,106,Lucia Fernandez,TUCUMAN,Silla Gamer,Muebles,$ 250.0,3.0,Debito
6546,2025-03-08,106,Lucia Fernandez,TUCUMAN,Teclado Mecanico,Accesorios,$ 80.0,1.0,Debito
6547,2025-08-21,106,Lucia Fernandez,TUCUMAN,Cable HDMI,Cables,$ 15.75,4.0,Efectivo
6548,2025-09-14,101,JUAN PEREZ,CORDOBA,Mouse Optico,Accesorios,$ 25.0,2.0,Transferencia
6549,2025-02-13,105,PEDRO GOMEZ,CORDOBA,Cable HDMI,Cables,$ 15.75,5.0,Debito
6550,24/03/2025,106,Lucia Fernandez,TUCUMAN,Silla Gamer,Muebles,,2.0,Tarjeta Credito
6551,2025-03-01,103,Luis Garcia.,CABA,Monitor 24',Electronica,$ 350.0,5.0,Debito
6552,2025-11-27,105,PEDRO GOMEZ,CORDOBA,Laptop Pro,Electronica,$ 1200.5,2.0,Efectivo
6553,2025-10-12,101,JUAN PEREZ,CORDOBA,Cable HDMI,Cables,$ 15.75,5.0,Debito
6554,2025-12-13,103,Luis Garcia.,CABA,Silla Gamer,Muebles,,1.0,Efectivo
6555,2025-09-19,104,Ana Lopez,Mendoza,Monitor 24',Electronica,$ 350.0,5.0,Tarjeta Credito
6556,2025-06-16,105,PEDRO GOMEZ,CORDOBA,Silla Gamer,Muebles,$ 250.0,2.0,Tarjeta Credito
6557,2025-06-06,103,Luis Garcia.,CABA,Monitor 24',Electronica,$ 350.0,5.0,Transferencia
6558,2025-12-12,104,Ana Lopez,Mendoza,Laptop Pro,Electronica,$ 1200.5,4.0,Transferencia
6559,2025-08-04,105,PEDRO GOMEZ,CORDOBA,Monitor 24',Electronica,$ 350.0,,Tarjeta Credito
6560,22/11/2025,106,Lucia Fernandez,TUCUMAN,Teclado Mecanico,Accesorios,$ 80.0,4.0,Efectivo
6561,2025-12-18,102,  marta Sanchez  ,ROSARIO,Laptop Pro,Electronica,$ 1200.5,3.0,Efectivo
6562,2025-06-13,102,  marta Sanchez  ,ROSARIO,Silla Gamer,Muebles,$ 250.0,1.0,Debito
6563,2025-10-31,105,PEDRO GOMEZ,CORDOBA,Silla Gamer,Muebles,$ 250.0,5.0,Transferencia
6564,2025-03-11,106,Lucia Fernandez,TUCUMAN,Silla Gamer,Muebles,$ 250.0,1.0,Tarjeta Credito
6565,2025-12-14,104,Ana Lopez,Mendoza,Mouse Optico,Accesorios,$ 25.0,1.0,Efectivo
6566,2025-03-05,104,Ana Lopez,Mendoza,Laptop Pro,Electronica,$ 1200.5,1.0,Debito
6567,2025-09-09,103,Luis Garcia.,CABA,Silla Gamer,Muebles,$ 250.0,,Efectivo
6568,2025-12-22,101,JUAN PEREZ,CORDOBA,Laptop Pro,Electronica,$ 1200.5,4.0,Debito
6569,2025-08-03,101,JUAN PEREZ,CORDOBA,Cable HDMI,Cables,$ 15.75,4.0,Transferencia
6570,12/09/2025,103,Luis Garcia.,CABA,Monitor 24',Electronica,$ 350.0,5.0,Debito
6571,2025-02-28,104,Ana Lopez,Mendoza,Laptop Pro,Electronica,$ 1200.5,5.0,Debito
6572,2025-04-29,104,Ana Lopez,Mendoza,Laptop Pro,Electronica,$ 1200.5,1.0,Efectivo
6573,2025-04-25,106,Lucia Fernandez,TUCUMAN,Monitor 24',Electronica,$ 350.0,2.0,Transferencia
6574,2025-12-04,103,Luis Garcia.,CABA,Teclado Mecanico,Accesorios,$ 80.0,5.0,Debito
6575,2025-11-04,106,Lucia Fernandez,TUCUMAN,Monitor 24',Electronica,$ 350.0,2.0,Tarjeta Credito
6576,2025-09-20,103,Luis Garcia.,CABA,Mouse Optico,Accesorios,$ 25.0,4.0,Transferencia
6577,2025-10-21,103,Luis Garcia.,CABA,Teclado Mecanico,Accesorios,$ 80.0,3.0,Tarjeta Credito
6578,2025-04-09,101,JUAN PEREZ,CORDOBA,Silla Gamer,Muebles,$ 250.0,3.0,Transferencia
6579,2025-02-12,102,  marta Sanchez  ,ROSARIO,Mouse Optico,Accesorios,$ 25.0,4.0,Efectivo
6580,05/03/2025,101,JUAN PEREZ,CORDOBA,Cable HDMI,Cables,$ 15.75,1.0,Debito
6581,2025-05-06,101,JUAN PEREZ,CORDOBA,Laptop Pro,Electronica,$ 1200.5,4.0,Efectivo
6582,2025-03-21,102,  marta Sanchez  ,ROSARIO,Silla Gamer,Muebles,$ 250.0,4.0,Efectivo
6583,2025-06-19,101,JUAN PEREZ,CORDOBA,Silla Gamer,Muebles,$ 250.0,1.0,Transferencia
6584,2025-02-07,102,  marta Sanchez  ,ROSARIO,Laptop Pro,Electronica,$ 1200.5,1.0,Tarjeta Credito
6585,2025-11-24,105,PEDRO GOMEZ,CORDOBA,Laptop Pro,Electronica,$ 1200.5,4.0,Tarjeta Credito
6586,2025-07-25,102,  marta Sanchez  ,ROSARIO,Silla Gamer,Muebles,$ 250.0,1.0,Efectivo
6587,2025-02-08,102,  marta Sanchez  ,ROSARIO,Mouse Optico,Accesorios,$ 25.0,2.0,Debito
6588,2025-05-06,104,Ana Lopez,Mendoza,Silla Gamer,Muebles,$ 250.0,2.0,Efectivo
6589,2025-06-11,106,Lucia Fernandez,TUCUMAN,Mouse Optico,Accesorios,$ 25.0,4.0,Tarjeta Credito
6590,09/12/2025,106,Lucia Fernandez,TUCUMAN,Monitor 24',Electronica,$ 350.0,5.0,Efectivo
6591,2025-03-14,103,Luis Garcia.,CABA,Silla Gamer,Muebles,$ 250.0,5.0,Efectivo
6592,2025-04-18,103,Luis Garcia.,CABA,Monitor 24',Electronica,$ 350.0,3.0,Transferencia
6593,2025-03-07,104,Ana Lopez,Mendoza,Cable HDMI,Cables,$ 15.75,1.0,Tarjeta Credito
6594,2025-10-25,103,Luis Garcia.,CABA,Cable HDMI,Cables,$ 15.75,1.0,Transferencia
6595,2025-04-10,102,  marta Sanchez  ,ROSARIO,Mouse Optico,Accesorios,$ 25.0,2.0,Efectivo
6596,2025-12-22,105,PEDRO GOMEZ,CORDOBA,Laptop Pro,Electronica,$ 1200.5,3.0,Transferencia
6597,2025-01-16,105,PEDRO GOMEZ,CORDOBA,Cable HDMI,Cables,$ 15.75,4.0,Efectivo
6598,2025-12-07,101,JUAN PEREZ,CORDOBA,Teclado Mecanico,Accesorios,$ 80.0,4.0,Transferencia
6599,2025-05-31,103,Luis Garcia.,CABA,Monitor 24',Electronica,$ 350.0,3.0,Debito
6600,05/09/2025,104,Ana Lopez,Mendoza,Teclado Mecanico,Accesorios,$ 80.0,3.0,Debito
6601,2025-05-06,103,Luis Garcia.,CABA,Cable HDMI,Cables,,1.0,Tarjeta Credito
6602,2025-07-17,104,Ana Lopez,Mendoza,Laptop Pro,Electronica,$ 1200.5,2.0,Debito
6603,2025-08-11,103,Luis Garcia.,CABA,Cable HDMI,Cables,$ 15.75,4.0,Efectivo
6604,2025-09-12,103,Luis Garcia.,CABA,Mouse Optico,Accesorios,$ 25.0,5.0,Efectivo
6605,2025-12-01,106,Lucia Fernandez,TUCUMAN,Monitor 24',Electronica,$ 350.0,1.0,Transferencia
6606,2025-05-11,101,JUAN PEREZ,CORDOBA,Laptop Pro,Electronica,,3.0,Efectivo
6607,2025-04-12,103,Luis Garcia.,CABA,Silla Gamer,Muebles,$ 250.0,4.0,Tarjeta Credito
6608,2025-04-24,105,PEDRO GOMEZ,CORDOBA,Cable HDMI,Cables,$ 15.75,3.0,Debito
6609,2025-10-16,101,JUAN PEREZ,CORDOBA,Teclado Mecanico,Accesorios,$ 80.0,3.0,Tarjeta Credito
6610,01/06/2025,106,Lucia Fernandez,TUCUMAN,Teclado Mecanico,Accesorios,$ 80.0,1.0,Transferencia
6611,2025-01-31,102,  marta Sanchez  ,ROSARIO,Monitor 24',Electronica,$ 350.0,5.0,Efectivo
6612,2025-11-21,102,  marta Sanchez  ,ROSARIO,Silla Gamer,Muebles,$ 250.0,3.0,Efectivo
6613,2025-10-13,102,  marta Sanchez  ,ROSARIO,Teclado Mecanico,Accesorios,$ 80.0,2.0,Debito
6614,2025-10-30,101,JUAN PEREZ,CORDOBA,Teclado Mecanico,Accesorios,$ 80.0,3.0,Efectivo
6615,2025-12-24,103,Luis Garcia.,CABA,Cable HDMI,Cables,$ 15.75,5.0,Efectivo
6616,2025-09-17,104,Ana Lopez,Mendoza,Silla Gamer,Muebles,$ 250.0,2.0,Tarjeta Credito
6617,2025-05-28,104,Ana Lopez,Mendoza,Silla Gamer,Muebles,$ 250.0,2.0,Debito
6618,2025-09-28,106,Lucia Fernandez,TUCUMAN,Laptop Pro,Electronica,$ 1200.5,3.0,Tarjeta Credito
6619,2025-11-04,102,  marta Sanchez  ,ROSARIO,Mouse Optico,Accesorios,$ 25.0,2.0,Debito
6620,25/08/2025,104,Ana Lopez,Mendoza,Laptop Pro,Electronica,$ 1200.5,1.0,Efectivo
6621,2025-07-19,101,JUAN PEREZ,CORDOBA,Monitor 24',Electronica,$ 350.0,1.0,Transferencia
6622,2025-04-29,105,PEDRO GOMEZ,CORDOBA,Teclado Mecanico,Accesorios,$ 80.0,1.0,Efectivo
6623,2025-12-29,101,JUAN PEREZ,CORDOBA,Mouse Optico,Accesorios,$ 25.0,5.0,Transferencia
6624,2025-11-29,101,JUAN PEREZ,CORDOBA,Teclado Mecanico,Accesorios,$ 80.0,5.0,Efectivo
6625,2025-03-11,102,  marta Sanchez  ,ROSARIO,Cable HDMI,Cables,$ 15.75,4.0,Debito
6626,2025-04-04,104,Ana Lopez,Mendoza,Monitor 24',Electronica,$ 350.0,3.0,Transferencia
6627,2025-08-22,102,  marta Sanchez  ,ROSARIO,Silla Gamer,Muebles,$ 250.0,4.0,Transferencia
6628,2025-10-24,105,PEDRO GOMEZ,CORDOBA,Teclado Mecanico,Accesorios,$ 80.0,3.0,Tarjeta Credito
6629,2025-03-12,101,JUAN PEREZ,CORDOBA,Laptop Pro,Electronica,$ 1200.5,2.0,Tarjeta Credito
6630,18/11/2025,103,Luis Garcia.,CABA,Mouse Optico,Accesorios,$ 25.0,5.0,Debito
6631,2025-07-15,105,PEDRO GOMEZ,CORDOBA,Silla Gamer,Muebles,$ 250.0,3.0,Transferencia
6632,2025-07-04,104,Ana Lopez,Mendoza,Laptop Pro,Electronica,$ 1200.5,1.0,Tarjeta Credito
6633,2025-01-03,103,Luis Garcia.,CABA,Mouse Optico,Accesorios,$ 25.0,1.0,Debito
6634,2025-12-07,102,  marta Sanchez  ,ROSARIO,Laptop Pro,Electronica,$ 1200.5,1.0,Debito
6635,2025-04-30,105,PEDRO GOMEZ,CORDOBA,Mouse Optico,Accesorios,$ 25.0,2.0,Tarjeta Credito
6636,2025-09-01,102,  marta Sanchez  ,ROSARIO,Cable HDMI,Cables,$ 15.75,3.0,Tarjeta Credito
6637,2025-09-22,106,Lucia Fernandez,TUCUMAN,Monitor 24',Electronica,$ 350.0,2.0,Debito
6638,2025-11-07,106,Lucia Fernandez,TUCUMAN,Monitor 24',Electronica,$ 350.0,1.0,Transferencia
6639,2025-01-10,104,Ana Lopez,Mendoza,Cable HDMI,Cables,,2.0,Transferencia
6640,02/12/2025,101,JUAN PEREZ,CORDOBA,Cable HDMI,Cables,$ 15.75,2.0,Tarjeta Credito
6641,2025-05-23,105,PEDRO GOMEZ,CORDOBA,Cable HDMI,Cables,$ 15.75,3.0,Debito
6642,2025-05-01,101,JUAN PEREZ,CORDOBA,Mouse Optico,Accesorios,$ 25.0,5.0,Debito
6643,2025-08-24,103,Luis Garcia.,CABA,Laptop Pro,Electronica,$ 1200.5,1.0,Transferencia
6644,2025-01-08,102,  marta Sanchez  ,ROSARIO,Mouse Optico,Accesorios,$ 25.0,5.0,Tarjeta Credito
6645,2025-11-06,104,Ana Lopez,Mendoza,Laptop Pro,Electronica,$ 1200.5,3.0,Tarjeta Credito
6646,2025-05-24,102,  marta Sanchez  ,ROSARIO,Silla Gamer,Muebles,$ 250.0,1.0,Tarjeta Credito
6647,2025-11-17,104,Ana Lopez,Mendoza,Cable HDMI,Cables,$ 15.75,3.0,Debito
6648,2025-12-16,103,Luis Garcia.,CABA,Monitor 24',Electronica,$ 350.0,1.0,Efectivo
6649,2025-06-05,105,PEDRO GOMEZ,CORDOBA,Laptop Pro,Electronica,$ 1200.5,4.0,Transferencia
6650,31/07/2025,102,  marta Sanchez  ,ROSARIO,Teclado Mecanico,Accesorios,$ 80.0,2.0,Debito
6651,2025-08-08,102,  marta Sanchez  ,ROSARIO,Cable HDMI,Cables,$ 15.75,1.0,Efectivo
6652,2025-01-21,106,Lucia Fernandez,TUCUMAN,Mouse Optico,Accesorios,$ 25.0,2.0,Efectivo
6653,2025-01-24,106,Lucia Fernandez,TUCUMAN,Monitor 24',Electronica,$ 350.0,4.0,Transferencia
6654,2025-07-17,101,JUAN PEREZ,CORDOBA,Teclado Mecanico,Accesorios,$ 80.0,3.0,Transferencia
6655,2025-02-24,105,PEDRO GOMEZ,CORDOBA,Monitor 24',Electronica,$ 350.0,4.0,Debito
6656,2025-08-15,103,Luis Garcia.,CABA,Laptop Pro,Electronica,$ 1200.5,4.0,Efectivo
6657,2025-08-17,105,PEDRO GOMEZ,CORDOBA,Monitor 24',Electronica,$ 350.0,1.0,Tarjeta Credito
6658,2025-08-12,104,Ana Lopez,Mendoza,Silla Gamer,Muebles,$ 250.0,4.0,Efectivo
6659,2025-08-18,101,JUAN PEREZ,CORDOBA,Cable HDMI,Cables,$ 15.75,4.0,Efectivo
6660,31/08/2025,102,  marta Sanchez  ,ROSARIO,Teclado Mecanico,Accesorios,$ 80.0,3.0,Transferencia
6661,2025-05-17,101,JUAN PEREZ,CORDOBA,Teclado Mecanico,Accesorios,$ 80.0,5.0,Transferencia
6662,2025-08-13,103,Luis Garcia.,CABA,Mouse Optico,Accesorios,$ 25.0,1.0,Efectivo
6663,2025-11-18,101,JUAN PEREZ,CORDOBA,Teclado Mecanico,Accesorios,$ 80.0,1.0,Debito
6664,2025-10-24,103,Luis Garcia.,CABA,Teclado Mecanico,Accesorios,$ 80.0,5.0,Transferencia
6665,2025-12-09,101,JUAN PEREZ,CORDOBA,Mouse Optico,Accesorios,$ 25.0,4.0,Transferencia
6666,2025-03-02,103,Luis Garcia.,CABA,Teclado Mecanico,Accesorios,$ 80.0,4.0,Transferencia
6667,2025-05-08,101,JUAN PEREZ,CORDOBA,Mouse Optico,Accesorios,,3.0,Debito
6668,2025-10-22,106,Lucia Fernandez,TUCUMAN,Cable HDMI,Cables,$ 15.75,3.0,Transferencia
6669,2025-06-06,102,  marta Sanchez  ,ROSARIO,Silla Gamer,Muebles,$ 250.0,4.0,Tarjeta Credito
6670,04/10/2025,101,JUAN PEREZ,CORDOBA,Cable HDMI,Cables,$ 15.75,3.0,Debito
6671,2025-07-28,105,PEDRO GOMEZ,CORDOBA,Mouse Optico,Accesorios,$ 25.0,2.0,Tarjeta Credito
6672,2025-02-07,102,  marta Sanchez  ,ROSARIO,Monitor 24',Electronica,$ 350.0,4.0,Efectivo
6673,2025-03-06,106,Lucia Fernandez,TUCUMAN,Mouse Optico,Accesorios,$ 25.0,5.0,Efectivo
6674,2025-11-05,105,PEDRO GOMEZ,CORDOBA,Silla Gamer,Muebles,$ 250.0,4.0,Tarjeta Credito
6675,2025-01-23,106,Lucia Fernandez,TUCUMAN,Teclado Mecanico,Accesorios,$ 80.0,3.0,Debito
6676,2025-05-03,101,JUAN PEREZ,CORDOBA,Monitor 24',Electronica,$ 350.0,1.0,Efectivo
6677,2025-02-10,106,Lucia Fernandez,TUCUMAN,Cable HDMI,Cables,$ 15.75,3.0,Efectivo
6678,2025-10-14,102,  marta Sanchez  ,ROSARIO,Teclado Mecanico,Accesorios,$ 80.0,4.0,Transferencia
6679,2025-08-23,105,PEDRO GOMEZ,CORDOBA,Silla Gamer,Muebles,$ 250.0,3.0,Debito
6680,04/06/2025,106,Lucia Fernandez,TUCUMAN,Teclado Mecanico,Accesorios,$ 80.0,3.0,Efectivo
6681,2025-08-08,105,PEDRO GOMEZ,CORDOBA,Teclado Mecanico,Accesorios,$ 80.0,5.0,Debito
6682,2025-05-21,103,Luis Garcia.,CABA,Laptop Pro,Electronica,$ 1200.5,2.0,Tarjeta Credito
6683,2025-11-06,103,Luis Garcia.,CABA,Laptop Pro,Electronica,$ 1200.5,4.0,Transferencia
6684,2025-12-18,106,Lucia Fernandez,TUCUMAN,Monitor 24',Electronica,$ 350.0,2.0,Transferencia
6685,2025-04-23,102,  marta Sanchez  ,ROSARIO,Silla Gamer,Muebles,$ 250.0,5.0,Transferencia
6686,2025-10-16,101,JUAN PEREZ,CORDOBA,Monitor 24',Electronica,$ 350.0,,Tarjeta Credito
6687,2025-12-05,102,  marta Sanchez  ,ROSARIO,Mouse Optico,Accesorios,$ 25.0,3.0,Efectivo
6688,2025-08-21,103,Luis Garcia.,CABA,Teclado Mecanico,Accesorios,$ 80.0,3.0,Efectivo
6689,2025-08-26,101,JUAN PEREZ,CORDOBA,Silla Gamer,Muebles,$ 250.0,1.0,Efectivo
6690,08/10/2025,103,Luis Garcia.,CABA,Teclado Mecanico,Accesorios,$ 80.0,1.0,Tarjeta Credito
6691,2025-06-08,104,Ana Lopez,Mendoza,Silla Gamer,Muebles,$ 250.0,4.0,Debito
6692,2025-08-31,104,Ana Lopez,Mendoza,Monitor 24',Electronica,$ 350.0,3.0,Debito
6693,2025-10-15,104,Ana Lopez,Mendoza,Laptop Pro,Electronica,$ 1200.5,,Efectivo
6694,2025-10-28,106,Lucia Fernandez,TUCUMAN,Mouse Optico,Accesorios,$ 25.0,3.0,Transferencia
6695,2025-07-06,101,JUAN PEREZ,CORDOBA,Teclado Mecanico,Accesorios,$ 80.0,5.0,Debito
6696,2025-10-31,105,PEDRO GOMEZ,CORDOBA,Mouse Optico,Accesorios,$ 25.0,2.0,Debito
6697,2025-05-22,103,Luis Garcia.,CABA,Monitor 24',Electronica,$ 350.0,,Tarjeta Credito
6698,2025-10-11,106,Lucia Fernandez,TUCUMAN,Silla Gamer,Muebles,$ 250.0,5.0,Transferencia
6699,2025-08-28,105,PEDRO GOMEZ,CORDOBA,Cable HDMI,Cables,$ 15.75,5.0,Debito
6700,18/01/2025,106,Lucia Fernandez,TUCUMAN,Monitor 24',Electronica,$ 350.0,2.0,Efectivo
6701,2025-04-14,104,Ana Lopez,Mendoza,Teclado Mecanico,Accesorios,$ 80.0,1.0,Efectivo
6702,2025-04-10,102,  marta Sanchez  ,ROSARIO,Laptop Pro,Electronica,$ 1200.5,5.0,Transferencia
6703,2025-02-10,102,  marta Sanchez  ,ROSARIO,Laptop Pro,Electronica,$ 1200.5,5.0,Efectivo
6704,2025-07-25,106,Lucia Fernandez,TUCUMAN,Laptop Pro,Electronica,$ 1200.5,3.0,Efectivo
6705,2025-06-13,105,PEDRO GOMEZ,CORDOBA,Teclado Mecanico,Accesorios,$ 80.0,3.0,Transferencia
6706,2025-02-23,105,PEDRO GOMEZ,CORDOBA,Teclado Mecanico,Accesorios,$ 80.0,4.0,Debito
6707,2025-08-21,103,Luis Garcia.,CABA,Monitor 24',Electronica,$ 350.0,3.0,Tarjeta Credito
6708,2025-10-07,104,Ana Lopez,Mendoza,Cable HDMI,Cables,$ 15.75,1.0,Transferencia
6709,2025-07-23,103,Luis Garcia.,CABA,Monitor 24',Electronica,$ 350.0,4.0,Transferencia
6710,05/10/2025,106,Lucia Fernandez,TUCUMAN,Mouse Optico,Accesorios,$ 25.0,5.0,Debito
6711,2025-02-04,106,Lucia Fernandez,TUCUMAN,Monitor 24',Electronica,$ 350.0,2.0,Efectivo
6712,2025-01-24,106,Lucia Fernandez,TUCUMAN,Teclado Mecanico,Accesorios,$ 80.0,5.0,Tarjeta Credito
6713,2025-03-08,106,Lucia Fernandez,TUCUMAN,Teclado Mecanico,Accesorios,$ 80.0,5.0,Efectivo
6714,2025-08-04,106,Lucia Fernandez,TUCUMAN,Teclado Mecanico,Accesorios,$ 80.0,2.0,Debito
6715,2025-05-26,106,Lucia Fernandez,TUCUMAN,Cable HDMI,Cables,$ 15.75,3.0,Tarjeta Credito
6716,2025-08-23,104,Ana Lopez,Mendoza,Cable HDMI,Cables,$ 15.75,5.0,Tarjeta Credito
6717,2025-03-09,101,JUAN PEREZ,CORDOBA,Laptop Pro,Electronica,$ 1200.5,4.0,Tarjeta Credito
6718,2025-12-14,105,PEDRO GOMEZ,CORDOBA,Laptop Pro,Electronica,$ 1200.5,2.0,Tarjeta Credito
6719,2025-12-05,102,  marta Sanchez  ,ROSARIO,Cable HDMI,Cables,$ 15.75,2.0,Tarjeta Credito
6720,08/02/2025,103,Luis Garcia.,CABA,Silla Gamer,Muebles,$ 250.0,3.0,Debito
6721,2025-05-19,102,  marta Sanchez  ,ROSARIO,Monitor 24',Electronica,$ 350.0,1.0,Tarjeta Credito
6722,2025-08-06,104,Ana Lopez,Mendoza,Monitor 24',Electronica,$ 350.0,2.0,Transferencia
6723,2025-01-19,106,Lucia Fernandez,TUCUMAN,Monitor 24',Electronica,$ 350.0,2.0,Debito
6724,2025-05-04,102,  marta Sanchez  ,ROSARIO,Monitor 24',Electronica,$ 350.0,3.0,Tarjeta Credito
6725,2025-11-26,102,  marta Sanchez  ,ROSARIO,Laptop Pro,Electronica,$ 1200.5,5.0,Efectivo
6726,2025-05-21,101,JUAN PEREZ,CORDOBA,Silla Gamer,Muebles,$ 250.0,3.0,Efectivo
6727,2025-01-26,102,  marta Sanchez  ,ROSARIO,Monitor 24',Electronica,$ 350.0,5.0,Transferencia
6728,2025-04-05,106,Lucia Fernandez,TUCUMAN,Mouse Optico,Accesorios,$ 25.0,5.0,Debito
6729,2025-05-16,101,JUAN PEREZ,CORDOBA,Mouse Optico,Accesorios,$ 25.0,2.0,Tarjeta Credito
6730,07/01/2025,101,JUAN PEREZ,CORDOBA,Cable HDMI,Cables,$ 15.75,5.0,Transferencia
6731,2025-06-18,102,  marta Sanchez  ,ROSARIO,Silla Gamer,Muebles,$ 250.0,2.0,Debito
6732,2025-11-26,104,Ana Lopez,Mendoza,Silla Gamer,Muebles,$ 250.0,3.0,Efectivo
6733,2025-02-03,104,Ana Lopez,Mendoza,Teclado Mecanico,Accesorios,$ 80.0,4.0,Transferencia
6734,2025-06-08,103,Luis Garcia.,CABA,Monitor 24',Electronica,$ 350.0,4.0,Tarjeta Credito
6735,2025-07-28,102,  marta Sanchez  ,ROSARIO,Teclado Mecanico,Accesorios,$ 80.0,2.0,Transferencia
6736,2025-03-07,105,PEDRO GOMEZ,CORDOBA,Silla Gamer,Muebles,$ 250.0,1.0,Transferencia
6737,2025-01-31,101,JUAN PEREZ,CORDOBA,Monitor 24',Electronica,$ 350.0,3.0,Transferencia
6738,2025-10-19,106,Lucia Fernandez,TUCUMAN,Mouse Optico,Accesorios,$ 25.0,5.0,Efectivo
6739,2025-05-28,105,PEDRO GOMEZ,CORDOBA,Mouse Optico,Accesorios,$ 25.0,2.0,Tarjeta Credito
6740,06/11/2025,102,  marta Sanchez  ,ROSARIO,Cable HDMI,Cables,$ 15.75,1.0,Tarjeta Credito
6741,2025-06-27,102,  marta Sanchez  ,ROSARIO,Teclado Mecanico,Accesorios,$ 80.0,3.0,Efectivo
6742,2025-02-14,104,Ana Lopez,Mendoza,Silla Gamer,Muebles,$ 250.0,1.0,Tarjeta Credito
6743,2025-04-06,104,Ana Lopez,Mendoza,Silla Gamer,Muebles,$ 250.0,4.0,Efectivo
6744,2025-01-24,105,PEDRO GOMEZ,CORDOBA,Laptop Pro,Electronica,,3.0,Transferencia
6745,2025-04-21,104,Ana Lopez,Mendoza,Monitor 24',Electronica,$ 350.0,2.0,Transferencia
6746,2025-08-03,106,Lucia Fernandez,TUCUMAN,Cable HDMI,Cables,$ 15.75,2.0,Tarjeta Credito
6747,2025-08-26,106,Lucia Fernandez,TUCUMAN,Laptop Pro,Electronica,$ 1200.5,4.0,Debito
6748,2025-05-03,106,Lucia Fernandez,TUCUMAN,Cable HDMI,Cables,$ 15.75,1.0,Debito
6749,2025-12-09,105,PEDRO GOMEZ,CORDOBA,Monitor 24',Electronica,$ 350.0,2.0,Transferencia
6750,22/04/2025,105,PEDRO GOMEZ,CORDOBA,Monitor 24',Electronica,,1.0,Tarjeta Credito
6751,2025-04-19,106,Lucia Fernandez,TUCUMAN,Teclado Mecanico,Accesorios,$ 80.0,5.0,Debito
6752,2025-08-17,106,Lucia Fernandez,TUCUMAN,Teclado Mecanico,Accesorios,$ 80.0,3.0,Debito
6753,2025-03-26,101,JUAN PEREZ,CORDOBA,Teclado Mecanico,Accesorios,$ 80.0,4.0,Tarjeta Credito
6754,2025-05-21,102,  marta Sanchez  ,ROSARIO,Monitor 24',Electronica,$ 350.0,2.0,Transferencia
6755,2025-07-13,106,Lucia Fernandez,TUCUMAN,Monitor 24',Electronica,$ 350.0,4.0,Efectivo
6756,2025-06-01,101,JUAN PEREZ,CORDOBA,Monitor 24',Electronica,$ 350.0,3.0,Tarjeta Credito
6757,2025-09-11,104,Ana Lopez,Mendoza,Monitor 24',Electronica,$ 350.0,1.0,Efectivo
6758,2025-09-13,101,JUAN PEREZ,CORDOBA,Silla Gamer,Muebles,$ 250.0,3.0,Efectivo
6759,2025-06-17,105,PEDRO GOMEZ,CORDOBA,Teclado Mecanico,Accesorios,$ 80.0,,Transferencia
6760,18/08/2025,106,Lucia Fernandez,TUCUMAN,Mouse Optico,Accesorios,$ 25.0,5.0,Debito
6761,2025-09-22,106,Lucia Fernandez,TUCUMAN,Monitor 24',Electronica,$ 350.0,1.0,Transferencia
6762,2025-06-16,102,  marta Sanchez  ,ROSARIO,Mouse Optico,Accesorios,$ 25.0,3.0,Debito
6763,2025-07-08,105,PEDRO GOMEZ,CORDOBA,Silla Gamer,Muebles,$ 250.0,2.0,Transferencia
6764,2025-07-31,104,Ana Lopez,Mendoza,Teclado Mecanico,Accesorios,,2.0,Debito
6765,2025-01-30,103,Luis Garcia.,CABA,Mouse Optico,Accesorios,$ 25.0,1.0,Tarjeta Credito
6766,2025-03-21,102,  marta Sanchez  ,ROSARIO,Teclado Mecanico,Accesorios,$ 80.0,1.0,Tarjeta Credito
6767,2025-07-05,105,PEDRO GOMEZ,CORDOBA,Mouse Optico,Accesorios,$ 25.0,2.0,Transferencia
6768,2025-11-23,102,  marta Sanchez  ,ROSARIO,Cable HDMI,Cables,$ 15.75,3.0,Debito
6769,2025-05-14,102,  marta Sanchez  ,ROSARIO,Cable HDMI,Cables,,5.0,Efectivo
6770,28/01/2025,102,  marta Sanchez  ,ROSARIO,Cable HDMI,Cables,$ 15.75,2.0,Efectivo
6771,2025-08-23,104,Ana Lopez,Mendoza,Teclado Mecanico,Accesorios,$ 80.0,4.0,Transferencia
6772,2025-07-24,103,Luis Garcia.,CABA,Monitor 24',Electronica,$ 350.0,5.0,Efectivo
6773,2025-04-24,106,Lucia Fernandez,TUCUMAN,Cable HDMI,Cables,$ 15.75,1.0,Efectivo
6774,2025-07-29,102,  marta Sanchez  ,ROSARIO,Cable HDMI,Cables,$ 15.75,3.0,Tarjeta Credito
6775,2025-06-21,105,PEDRO GOMEZ,CORDOBA,Monitor 24',Electronica,$ 350.0,4.0,Transferencia
6776,2025-04-05,105,PEDRO GOMEZ,CORDOBA,Teclado Mecanico,Accesorios,$ 80.0,2.0,Transferencia
6777,2025-08-18,102,  marta Sanchez  ,ROSARIO,Monitor 24',Electronica,$ 350.0,2.0,Efectivo
6778,2025-10-04,106,Lucia Fernandez,TUCUMAN,Teclado Mecanico,Accesorios,$ 80.0,2.0,Debito
6779,2025-12-16,101,JUAN PEREZ,CORDOBA,Silla Gamer,Muebles,$ 250.0,2.0,Efectivo
6780,09/08/2025,106,Lucia Fernandez,TUCUMAN,Monitor 24',Electronica,$ 350.0,3.0,Tarjeta Credito
6781,2025-07-17,103,Luis Garcia.,CABA,Cable HDMI,Cables,$ 15.75,4.0,Debito
6782,2025-10-09,102,  marta Sanchez  ,ROSARIO,Cable HDMI,Cables,$ 15.75,5.0,Debito
6783,2025-05-20,105,PEDRO GOMEZ,CORDOBA,Mouse Optico,Accesorios,$ 25.0,3.0,Tarjeta Credito
6784,2025-11-29,102,  marta Sanchez  ,ROSARIO,Silla Gamer,Muebles,$ 250.0,1.0,Debito
6785,2025-06-15,105,PEDRO GOMEZ,CORDOBA,Silla Gamer,Muebles,$ 250.0,3.0,Efectivo
6786,2025-10-04,101,JUAN PEREZ,CORDOBA,Cable HDMI,Cables,$ 15.75,1.0,Transferencia
6787,2025-03-04,105,PEDRO GOMEZ,CORDOBA,Laptop Pro,Electronica,$ 1200.5,3.0,Debito
6788,2025-02-04,104,Ana Lopez,Mendoza,Cable HDMI,Cables,$ 15.75,2.0,Debito
6789,2025-05-07,104,Ana Lopez,Mendoza,Cable HDMI,Cables,$ 15.75,1.0,Tarjeta Credito
6790,23/03/2025,106,Lucia Fernandez,TUCUMAN,Mouse Optico,Accesorios,$ 25.0,4.0,Transferencia
6791,2025-07-07,101,JUAN PEREZ,CORDOBA,Cable HDMI,Cables,$ 15.75,,Transferencia
6792,2025-02-20,102,  marta Sanchez  ,ROSARIO,Cable HDMI,Cables,$ 15.75,2.0,Transferencia
6793,2025-12-18,104,Ana Lopez,Mendoza,Silla Gamer,Muebles,$ 250.0,1.0,Transferencia
6794,2025-09-06,101,JUAN PEREZ,CORDOBA,Mouse Optico,Accesorios,,5.0,Debito
6795,2025-01-18,104,Ana Lopez,Mendoza,Mouse Optico,Accesorios,$ 25.0,3.0,Tarjeta Credito
6796,2025-12-06,102,  marta Sanchez  ,ROSARIO,Laptop Pro,Electronica,$ 1200.5,3.0,Debito
6797,2025-12-19,105,PEDRO GOMEZ,CORDOBA,Silla Gamer,Muebles,,1.0,Tarjeta Credito
6798,2025-06-25,104,Ana Lopez,Mendoza,Teclado Mecanico,Accesorios,$ 80.0,2.0,Efectivo
6799,2025-05-03,103,Luis Garcia.,CABA,Cable HDMI,Cables,$ 15.75,5.0,Debito
6800,07/02/2025,101,JUAN PEREZ,CORDOBA,Monitor 24',Electronica,$ 350.0,3.0,Debito
6801,2025-02-28,105,PEDRO GOMEZ,CORDOBA,Laptop Pro,Electronica,$ 1200.5,5.0,Debito
6802,2025-09-05,101,JUAN PEREZ,CORDOBA,Mouse Optico,Accesorios,$ 25.0,1.0,Efectivo
6803,2025-11-16,101,JUAN PEREZ,CORDOBA,Laptop Pro,Electronica,$ 1200.5,5.0,Tarjeta Credito
6804,2025-04-14,105,PEDRO GOMEZ,CORDOBA,Silla Gamer,Muebles,$ 250.0,1.0,Transferencia
6805,2025-02-27,102,  marta Sanchez  ,ROSARIO,Mouse Optico,Accesorios,$ 25.0,1.0,Efectivo
6806,2025-04-20,105,PEDRO GOMEZ,CORDOBA,Silla Gamer,Muebles,$ 250.0,5.0,Transferencia
6807,2025-06-29,102,  marta Sanchez  ,ROSARIO,Silla Gamer,Muebles,$ 250.0,2.0,Efectivo
6808,2025-01-22,102,  marta Sanchez  ,ROSARIO,Silla Gamer,Muebles,$ 250.0,1.0,Tarjeta Credito
6809,2025-10-16,104,Ana Lopez,Mendoza,Teclado Mecanico,Accesorios,$ 80.0,5.0,Transferencia
6810,10/09/2025,102,  marta Sanchez  ,ROSARIO,Teclado Mecanico,Accesorios,$ 80.0,1.0,Debito
6811,2025-02-26,104,Ana Lopez,Mendoza,Cable HDMI,Cables,$ 15.75,4.0,Debito
6812,2025-11-03,106,Lucia Fernandez,TUCUMAN,Mouse Optico,Accesorios,,3.0,Transferencia
6813,2025-05-12,105,PEDRO GOMEZ,CORDOBA,Teclado Mecanico,Accesorios,$ 80.0,2.0,Tarjeta Credito
6814,2025-01-21,102,  marta Sanchez  ,ROSARIO,Mouse Optico,Accesorios,$ 25.0,4.0,Efectivo
6815,2025-01-12,102,  marta Sanchez  ,ROSARIO,Silla Gamer,Muebles,$ 250.0,3.0,Transferencia
6816,2025-09-25,101,JUAN PEREZ,CORDOBA,Cable HDMI,Cables,$ 15.75,3.0,Tarjeta Credito
6817,2025-06-13,104,Ana Lopez,Mendoza,Monitor 24',Electronica,,3.0,Transferencia
6818,2025-07-31,105,PEDRO GOMEZ,CORDOBA,Monitor 24',Electronica,$ 350.0,2.0,Debito
6819,2025-08-12,105,PEDRO GOMEZ,CORDOBA,Monitor 24',Electronica,$ 350.0,1.0,Transferencia
6820,19/08/2025,101,JUAN PEREZ,CORDOBA,Silla Gamer,Muebles,$ 250.0,1.0,Efectivo
6821,2025-06-14,105,PEDRO GOMEZ,CORDOBA,Mouse Optico,Accesorios,$ 25.0,1.0,Debito
6822,2025-03-27,102,  marta Sanchez  ,ROSARIO,Teclado Mecanico,Accesorios,$ 80.0,4.0,Transferencia
6823,2025-10-08,106,Lucia Fernandez,TUCUMAN,Mouse Optico,Accesorios,$ 25.0,5.0,Transferencia
6824,2025-07-04,102,  marta Sanchez  ,ROSARIO,Laptop Pro,Electronica,$ 1200.5,1.0,Transferencia
6825,2025-08-07,103,Luis Garcia.,CABA,Laptop Pro,Electronica,$ 1200.5,5.0,Tarjeta Credito
6826,2025-11-02,101,JUAN PEREZ,CORDOBA,Cable HDMI,Cables,,3.0,Tarjeta Credito
6827,2025-02-02,104,Ana Lopez,Mendoza,Monitor 24',Electronica,$ 350.0,3.0,Debito
6828,2025-02-15,101,JUAN PEREZ,CORDOBA,Silla Gamer,Muebles,$ 250.0,3.0,Efectivo
6829,2025-08-12,104,Ana Lopez,Mendoza,Cable HDMI,Cables,$ 15.75,2.0,Tarjeta Credito
6830,29/01/2025,102,  marta Sanchez  ,ROSARIO,Monitor 24',Electronica,$ 350.0,1.0,Efectivo
6831,2025-10-06,106,Lucia Fernandez,TUCUMAN,Monitor 24',Electronica,$ 350.0,5.0,Tarjeta Credito
6832,2025-03-05,105,PEDRO GOMEZ,CORDOBA,Laptop Pro,Electronica,$ 1200.5,3.0,Efectivo
6833,2025-09-13,106,Lucia Fernandez,TUCUMAN,Teclado Mecanico,Accesorios,$ 80.0,4.0,Debito
6834,2025-06-23,101,JUAN PEREZ,CORDOBA,Cable HDMI,Cables,$ 15.75,1.0,Tarjeta Credito
6835,2025-10-18,104,Ana Lopez,Mendoza,Laptop Pro,Electronica,$ 1200.5,4.0,Efectivo
6836,2025-09-05,103,Luis Garcia.,CABA,Laptop Pro,Electronica,$ 1200.5,1.0,Transferencia
6837,2025-04-16,102,  marta Sanchez  ,ROSARIO,Silla Gamer,Muebles,$ 250.0,3.0,Transferencia
6838,2025-09-16,103,Luis Garcia.,CABA,Teclado Mecanico,Accesorios,$ 80.0,2.0,Efectivo
6839,2025-03-18,102,  marta Sanchez  ,ROSARIO,Silla Gamer,Muebles,$ 250.0,5.0,Transferencia
6840,26/09/2025,105,PEDRO GOMEZ,CORDOBA,Monitor 24',Electronica,$ 350.0,2.0,Efectivo
6841,2025-09-13,106,Lucia Fernandez,TUCUMAN,Cable HDMI,Cables,$ 15.75,2.0,Transferencia
6842,2025-06-23,102,  marta Sanchez  ,ROSARIO,Silla Gamer,Muebles,$ 250.0,1.0,Transferencia
6843,2025-01-16,106,Lucia Fernandez,TUCUMAN,Monitor 24',Electronica,$ 350.0,5.0,Debito
6844,2025-04-11,106,Lucia Fernandez,TUCUMAN,Teclado Mecanico,Accesorios,$ 80.0,3.0,Debito
6845,2025-05-27,103,Luis Garcia.,CABA,Cable HDMI,Cables,$ 15.75,2.0,Transferencia
6846,2025-07-21,103,Luis Garcia.,CABA,Silla Gamer,Muebles,$ 250.0,2.0,Tarjeta Credito
6847,2025-10-11,105,PEDRO GOMEZ,CORDOBA,Silla Gamer,Muebles,$ 250.0,2.0,Transferencia
6848,2025-06-20,104,Ana Lopez,Mendoza,Mouse Optico,Accesorios,$ 25.0,2.0,Efectivo
6849,2025-11-19,101,JUAN PEREZ,CORDOBA,Teclado Mecanico,Accesorios,$ 80.0,4.0,Debito
6850,19/05/2025,102,  marta Sanchez  ,ROSARIO,Mouse Optico,Accesorios,$ 25.0,2.0,Tarjeta Credito
6851,2025-12-20,103,Luis Garcia.,CABA,Teclado Mecanico,Accesorios,$ 80.0,3.0,Transferencia
6852,2025-07-25,104,Ana Lopez,Mendoza,Mouse Optico,Accesorios,$ 25.0,5.0,Debito
6853,2025-04-10,102,  marta Sanchez  ,ROSARIO,Mouse Optico,Accesorios,$ 25.0,3.0,Efectivo
6854,2025-03-02,103,Luis Garcia.,CABA,Monitor 24',Electronica,$ 350.0,3.0,Transferencia
6855,2025-03-17,103,Luis Garcia.,CABA,Monitor 24',Electronica,$ 350.0,3.0,Efectivo
6856,2025-05-31,105,PEDRO GOMEZ,CORDOBA,Monitor 24',Electronica,$ 350.0,3.0,Transferencia
6857,2025-10-11,101,JUAN PEREZ,CORDOBA,Silla Gamer,Muebles,$ 250.0,3.0,Debito
6858,2025-02-26,102,  marta Sanchez  ,ROSARIO,Cable HDMI,Cables,$ 15.75,5.0,Tarjeta Credito
6859,2025-05-20,101,JUAN PEREZ,CORDOBA,Teclado Mecanico,Accesorios,$ 80.0,2.0,Efectivo
6860,28/05/2025,106,Lucia Fernandez,TUCUMAN,Teclado Mecanico,Accesorios,$ 80.0,5.0,Debito
6861,2025-08-14,102,  marta Sanchez  ,ROSARIO,Monitor 24',Electronica,$ 350.0,5.0,Debito
6862,2025-10-19,103,Luis Garcia.,CABA,Silla Gamer,Muebles,$ 250.0,1.0,Tarjeta Credito
6863,2025-03-03,104,Ana Lopez,Mendoza,Monitor 24',Electronica,$ 350.0,1.0,Transferencia
6864,2025-10-19,103,Luis Garcia.,CABA,Teclado Mecanico,Accesorios,$ 80.0,2.0,Tarjeta Credito
6865,2025-10-13,103,Luis Garcia.,CABA,Teclado Mecanico,Accesorios,$ 80.0,2.0,Tarjeta Credito
6866,2025-09-15,101,JUAN PEREZ,CORDOBA,Silla Gamer,Muebles,$ 250.0,3.0,Transferencia
6867,2025-10-01,106,Lucia Fernandez,TUCUMAN,Teclado Mecanico,Accesorios,$ 80.0,4.0,Transferencia
6868,2025-01-25,103,Luis Garcia.,CABA,Mouse Optico,Accesorios,$ 25.0,3.0,Debito
6869,2025-08-04,101,JUAN PEREZ,CORDOBA,Teclado Mecanico,Accesorios,$ 80.0,1.0,Tarjeta Credito
6870,17/11/2025,104,Ana Lopez,Mendoza,Cable HDMI,Cables,$ 15.75,3.0,Tarjeta Credito
6871,2025-09-23,102,  marta Sanchez  ,ROSARIO,Laptop Pro,Electronica,$ 1200.5,1.0,Debito
6872,2025-08-06,103,Luis Garcia.,CABA,Laptop Pro,Electronica,$ 1200.5,4.0,Tarjeta Credito
6873,2025-01-05,103,Luis Garcia.,CABA,Cable HDMI,Cables,$ 15.75,3.0,Tarjeta Credito
6874,2025-04-08,102,  marta Sanchez  ,ROSARIO,Silla Gamer,Muebles,$ 250.0,3.0,Tarjeta Credito
6875,2025-03-26,102,  marta Sanchez  ,ROSARIO,Teclado Mecanico,Accesorios,$ 80.0,5.0,Debito
6876,2025-11-24,105,PEDRO GOMEZ,CORDOBA,Mouse Optico,Accesorios,$ 25.0,1.0,Debito
6877,2025-12-26,101,JUAN PEREZ,CORDOBA,Monitor 24',Electronica,$ 350.0,3.0,Tarjeta Credito
6878,2025-07-22,104,Ana Lopez,Mendoza,Cable HDMI,Cables,$ 15.75,4.0,Efectivo
6879,2025-02-01,102,  marta Sanchez  ,ROSARIO,Laptop Pro,Electronica,$ 1200.5,3.0,Efectivo
6880,20/07/2025,102,  marta Sanchez  ,ROSARIO,Monitor 24',Electronica,,4.0,Transferencia
6881,2025-10-01,102,  marta Sanchez  ,ROSARIO,Silla Gamer,Muebles,$ 250.0,3.0,Efectivo
6882,2025-12-27,102,  marta Sanchez  ,ROSARIO,Cable HDMI,Cables,$ 15.75,5.0,Efectivo
6883,2025-12-04,104,Ana Lopez,Mendoza,Monitor 24',Electronica,$ 350.0,4.0,Transferencia
6884,2025-01-15,105,PEDRO GOMEZ,CORDOBA,Mouse Optico,Accesorios,$ 25.0,5.0,Debito
6885,2025-11-25,106,Lucia Fernandez,TUCUMAN,Cable HDMI,Cables,$ 15.75,4.0,Debito
6886,2025-08-29,104,Ana Lopez,Mendoza,Laptop Pro,Electronica,$ 1200.5,1.0,Efectivo
6887,2025-11-06,105,PEDRO GOMEZ,CORDOBA,Mouse Optico,Accesorios,$ 25.0,1.0,Efectivo
6888,2025-04-28,101,JUAN PEREZ,CORDOBA,Monitor 24',Electronica,$ 350.0,3.0,Debito
6889,2025-03-10,106,Lucia Fernandez,TUCUMAN,Laptop Pro,Electronica,$ 1200.5,4.0,Debito
6890,08/01/2025,104,Ana Lopez,Mendoza,Silla Gamer,Muebles,$ 250.0,3.0,Efectivo
6891,2025-07-21,106,Lucia Fernandez,TUCUMAN,Teclado Mecanico,Accesorios,,1.0,Transferencia
6892,2025-02-15,101,JUAN PEREZ,CORDOBA,Laptop Pro,Electronica,$ 1200.5,2.0,Transferencia
6893,2025-12-02,104,Ana Lopez,Mendoza,Monitor 24',Electronica,$ 350.0,1.0,Transferencia
6894,2025-10-26,103,Luis Garcia.,CABA,Monitor 24',Electronica,$ 350.0,5.0,Transferencia
6895,2025-07-11,103,Luis Garcia.,CABA,Teclado Mecanico,Accesorios,$ 80.0,3.0,Transferencia
6896,2025-10-30,104,Ana Lopez,Mendoza,Teclado Mecanico,Accesorios,$ 80.0,4.0,Efectivo
6897,2025-04-25,103,Luis Garcia.,CABA,Teclado Mecanico,Accesorios,$ 80.0,5.0,Efectivo
6898,2025-03-21,106,Lucia Fernandez,TUCUMAN,Silla Gamer,Muebles,$ 250.0,3.0,Efectivo
6899,2025-10-31,104,Ana Lopez,Mendoza,Teclado Mecanico,Accesorios,$ 80.0,4.0,Efectivo
6900,03/09/2025,102,  marta Sanchez  ,ROSARIO,Mouse Optico,Accesorios,$ 25.0,2.0,Efectivo
6901,2025-08-08,105,PEDRO GOMEZ,CORDOBA,Silla Gamer,Muebles,$ 250.0,5.0,Debito
6902,2025-12-14,104,Ana Lopez,Mendoza,Monitor 24',Electronica,$ 350.0,5.0,Tarjeta Credito
6903,2025-04-25,102,  marta Sanchez  ,ROSARIO,Laptop Pro,Electronica,$ 1200.5,1.0,Debito
6904,2025-10-14,101,JUAN PEREZ,CORDOBA,Laptop Pro,Electronica,$ 1200.5,5.0,Tarjeta Credito
6905,2025-03-15,102,  marta Sanchez  ,ROSARIO,Monitor 24',Electronica,$ 350.0,4.0,Efectivo
6906,2025-10-06,102,  marta Sanchez  ,ROSARIO,Silla Gamer,Muebles,$ 250.0,2.0,Debito
6907,2025-05-07,104,Ana Lopez,Mendoza,Silla Gamer,Muebles,$ 250.0,4.0,Tarjeta Credito
6908,2025-08-11,103,Luis Garcia.,CABA,Mouse Optico,Accesorios,$ 25.0,1.0,Efectivo
6909,2025-07-23,102,  marta Sanchez  ,ROSARIO,Laptop Pro,Electronica,$ 1200.5,4.0,Tarjeta Credito
6910,03/11/2025,101,JUAN PEREZ,CORDOBA,Cable HDMI,Cables,$ 15.75,4.0,Transferencia
6911,2025-11-30,105,PEDRO GOMEZ,CORDOBA,Mouse Optico,Accesorios,$ 25.0,5.0,Transferencia
6912,2025-12-21,106,Lucia Fernandez,TUCUMAN,Mouse Optico,Accesorios,$ 25.0,5.0,Tarjeta Credito
6913,2025-07-16,104,Ana Lopez,Mendoza,Laptop Pro,Electronica,,2.0,Tarjeta Credito
6914,2025-05-30,105,PEDRO GOMEZ,CORDOBA,Monitor 24',Electronica,$ 350.0,3.0,Transferencia
6915,2025-08-09,104,Ana Lopez,Mendoza,Silla Gamer,Muebles,$ 250.0,1.0,Transferencia
6916,2025-08-30,101,JUAN PEREZ,CORDOBA,Mouse Optico,Accesorios,$ 25.0,2.0,Tarjeta Credito
6917,2025-05-04,101,JUAN PEREZ,CORDOBA,Cable HDMI,Cables,$ 15.75,4.0,Debito
6918,2025-08-21,104,Ana Lopez,Mendoza,Teclado Mecanico,Accesorios,$ 80.0,4.0,Debito
6919,2025-06-28,103,Luis Garcia.,CABA,Monitor 24',Electronica,$ 350.0,1.0,Transferencia
6920,26/02/2025,103,Luis Garcia.,CABA,Cable HDMI,Cables,$ 15.75,3.0,Transferencia
6921,2025-02-26,103,Luis Garcia.,CABA,Silla Gamer,Muebles,$ 250.0,4.0,Transferencia
6922,2025-07-10,105,PEDRO GOMEZ,CORDOBA,Monitor 24',Electronica,$ 350.0,5.0,Transferencia
6923,2025-05-08,102,  marta Sanchez  ,ROSARIO,Silla Gamer,Muebles,$ 250.0,1.0,Transferencia
6924,2025-02-05,103,Luis Garcia.,CABA,Silla Gamer,Muebles,$ 250.0,3.0,Efectivo
6925,2025-08-26,106,Lucia Fernandez,TUCUMAN,Laptop Pro,Electronica,,1.0,Debito
6926,2025-01-08,102,  marta Sanchez  ,ROSARIO,Teclado Mecanico,Accesorios,$ 80.0,1.0,Efectivo
6927,2025-06-02,106,Lucia Fernandez,TUCUMAN,Laptop Pro,Electronica,$ 1200.5,4.0,Transferencia
6928,2025-05-27,101,JUAN PEREZ,CORDOBA,Teclado Mecanico,Accesorios,$ 80.0,3.0,Transferencia
6929,2025-10-24,104,Ana Lopez,Mendoza,Silla Gamer,Muebles,$ 250.0,5.0,Efectivo
6930,18/10/2025,101,JUAN PEREZ,CORDOBA,Teclado Mecanico,Accesorios,$ 80.0,2.0,Efectivo
6931,2025-01-18,102,  marta Sanchez  ,ROSARIO,Silla Gamer,Muebles,$ 250.0,3.0,Transferencia
6932,2025-02-27,104,Ana Lopez,Mendoza,Teclado Mecanico,Accesorios,$ 80.0,5.0,Efectivo
6933,2025-11-05,105,PEDRO GOMEZ,CORDOBA,Cable HDMI,Cables,$ 15.75,5.0,Efectivo
6934,2025-02-12,105,PEDRO GOMEZ,CORDOBA,Monitor 24',Electronica,$ 350.0,5.0,Tarjeta Credito
6935,2025-12-25,106,Lucia Fernandez,TUCUMAN,Silla Gamer,Muebles,$ 250.0,4.0,Efectivo
6936,2025-05-09,103,Luis Garcia.,CABA,Teclado Mecanico,Accesorios,$ 80.0,5.0,Tarjeta Credito
6937,2025-02-07,101,JUAN PEREZ,CORDOBA,Monitor 24',Electronica,$ 350.0,2.0,Debito
6938,2025-07-07,104,Ana Lopez,Mendoza,Cable HDMI,Cables,$ 15.75,1.0,Tarjeta Credito
6939,2025-08-29,105,PEDRO GOMEZ,CORDOBA,Cable HDMI,Cables,$ 15.75,3.0,Tarjeta Credito
6940,04/06/2025,101,JUAN PEREZ,CORDOBA,Silla Gamer,Muebles,$ 250.0,5.0,Transferencia
6941,2025-03-15,104,Ana Lopez,Mendoza,Teclado Mecanico,Accesorios,$ 80.0,1.0,Transferencia
6942,2025-01-15,105,PEDRO GOMEZ,CORDOBA,Silla Gamer,Muebles,$ 250.0,1.0,Debito
6943,2025-01-17,104,Ana Lopez,Mendoza,Silla Gamer,Muebles,$ 250.0,3.0,Debito
6944,2025-05-08,101,JUAN PEREZ,CORDOBA,Silla Gamer,Muebles,$ 250.0,3.0,Tarjeta Credito
6945,2025-10-28,106,Lucia Fernandez,TUCUMAN,Teclado Mecanico,Accesorios,$ 80.0,1.0,Debito
6946,2025-09-04,103,Luis Garcia.,CABA,Monitor 24',Electronica,$ 350.0,3.0,Efectivo
6947,2025-09-15,106,Lucia Fernandez,TUCUMAN,Mouse Optico,Accesorios,$ 25.0,2.0,Transferencia
6948,2025-09-08,105,PEDRO GOMEZ,CORDOBA,Teclado Mecanico,Accesorios,$ 80.0,1.0,Efectivo
6949,2025-08-05,106,Lucia Fernandez,TUCUMAN,Laptop Pro,Electronica,$ 1200.5,5.0,Tarjeta Credito
6950,28/08/2025,103,Luis Garcia.,CABA,Monitor 24',Electronica,$ 350.0,4.0,Debito
6951,2025-08-01,101,JUAN PEREZ,CORDOBA,Teclado Mecanico,Accesorios,$ 80.0,3.0,Tarjeta Credito
6952,2025-08-04,105,PEDRO GOMEZ,CORDOBA,Mouse Optico,Accesorios,$ 25.0,3.0,Debito
6953,2025-06-24,106,Lucia Fernandez,TUCUMAN,Laptop Pro,Electronica,$ 1200.5,1.0,Debito
6954,2025-04-23,101,JUAN PEREZ,CORDOBA,Laptop Pro,Electronica,$ 1200.5,2.0,Transferencia
6955,2025-07-10,102,  marta Sanchez  ,ROSARIO,Monitor 24',Electronica,$ 350.0,3.0,Debito
6956,2025-02-04,105,PEDRO GOMEZ,CORDOBA,Teclado Mecanico,Accesorios,$ 80.0,2.0,Debito
6957,2025-06-09,105,PEDRO GOMEZ,CORDOBA,Teclado Mecanico,Accesorios,$ 80.0,4.0,Debito
6958,2025-09-27,105,PEDRO GOMEZ,CORDOBA,Monitor 24',Electronica,$ 350.0,5.0,Debito
6959,2025-02-13,106,Lucia Fernandez,TUCUMAN,Mouse Optico,Accesorios,$ 25.0,1.0,Efectivo
6960,18/11/2025,102,  marta Sanchez  ,ROSARIO,Teclado Mecanico,Accesorios,$ 80.0,4.0,Transferencia
6961,2025-10-16,102,  marta Sanchez  ,ROSARIO,Monitor 24',Electronica,$ 350.0,2.0,Transferencia
6962,2025-03-10,101,JUAN PEREZ,CORDOBA,Laptop Pro,Electronica,$ 1200.5,1.0,Tarjeta Credito
6963,2025-04-15,104,Ana Lopez,Mendoza,Teclado Mecanico,Accesorios,$ 80.0,1.0,Debito
6964,2025-12-16,102,  marta Sanchez  ,ROSARIO,Teclado Mecanico,Accesorios,$ 80.0,3.0,Efectivo
6965,2025-01-03,102,  marta Sanchez  ,ROSARIO,Teclado Mecanico,Accesorios,$ 80.0,2.0,Tarjeta Credito
6966,2025-06-28,104,Ana Lopez,Mendoza,Mouse Optico,Accesorios,$ 25.0,3.0,Debito
6967,2025-07-20,104,Ana Lopez,Mendoza,Monitor 24',Electronica,$ 350.0,5.0,Efectivo
6968,2025-06-02,101,JUAN PEREZ,CORDOBA,Laptop Pro,Electronica,$ 1200.5,1.0,Transferencia
6969,2025-08-29,106,Lucia Fernandez,TUCUMAN,Mouse Optico,Accesorios,$ 25.0,2.0,Efectivo
6970,30/12/2025,105,PEDRO GOMEZ,CORDOBA,Mouse Optico,Accesorios,$ 25.0,4.0,Transferencia
6971,2025-03-07,106,Lucia Fernandez,TUCUMAN,Monitor 24',Electronica,$ 350.0,3.0,Debito
6972,2025-10-13,101,JUAN PEREZ,CORDOBA,Laptop Pro,Electronica,$ 1200.5,1.0,Transferencia
6973,2025-12-18,105,PEDRO GOMEZ,CORDOBA,Laptop Pro,Electronica,$ 1200.5,5.0,Efectivo
6974,2025-07-31,105,PEDRO GOMEZ,CORDOBA,Silla Gamer,Muebles,$ 250.0,5.0,Efectivo
6975,2025-12-07,102,  marta Sanchez  ,ROSARIO,Silla Gamer,Muebles,$ 250.0,1.0,Transferencia
6976,2025-08-27,105,PEDRO GOMEZ,CORDOBA,Laptop Pro,Electronica,$ 1200.5,2.0,Debito
6977,2025-07-21,104,Ana Lopez,Mendoza,Teclado Mecanico,Accesorios,$ 80.0,5.0,Efectivo
6978,2025-09-17,104,Ana Lopez,Mendoza,Mouse Optico,Accesorios,$ 25.0,4.0,Efectivo
6979,2025-05-24,105,PEDRO GOMEZ,CORDOBA,Cable HDMI,Cables,$ 15.75,4.0,Tarjeta Credito
6980,08/12/2025,106,Lucia Fernandez,TUCUMAN,Mouse Optico,Accesorios,$ 25.0,1.0,Transferencia
6981,2025-04-22,104,Ana Lopez,Mendoza,Monitor 24',Electronica,$ 350.0,1.0,Transferencia
6982,2025-05-09,102,  marta Sanchez  ,ROSARIO,Silla Gamer,Muebles,$ 250.0,4.0,Efectivo
6983,2025-02-20,104,Ana Lopez,Mendoza,Teclado Mecanico,Accesorios,$ 80.0,2.0,Tarjeta Credito
6984,2025-09-14,103,Luis Garcia.,CABA,Teclado Mecanico,Accesorios,$ 80.0,1.0,Transferencia
6985,2025-06-18,106,Lucia Fernandez,TUCUMAN,Teclado Mecanico,Accesorios,$ 80.0,5.0,Efectivo
6986,2025-02-06,105,PEDRO GOMEZ,CORDOBA,Cable HDMI,Cables,$ 15.75,5.0,Transferencia
6987,2025-03-28,105,PEDRO GOMEZ,CORDOBA,Cable HDMI,Cables,$ 15.75,1.0,Efectivo
6988,2025-10-28,101,JUAN PEREZ,CORDOBA,Monitor 24',Electronica,$ 350.0,3.0,Tarjeta Credito
6989,2025-02-13,102,  marta Sanchez  ,ROSARIO,Teclado Mecanico,Accesorios,$ 80.0,4.0,Efectivo
6990,27/03/2025,102,  marta Sanchez  ,ROSARIO,Cable HDMI,Cables,$ 15.75,4.0,Tarjeta Credito
6991,2025-06-17,105,PEDRO GOMEZ,CORDOBA,Silla Gamer,Muebles,$ 250.0,5.0,Tarjeta Credito
6992,2025-06-06,102,  marta Sanchez  ,ROSARIO,Cable HDMI,Cables,$ 15.75,3.0,Transferencia
6993,2025-05-12,106,Lucia Fernandez,TUCUMAN,Silla Gamer,Muebles,$ 250.0,4.0,Debito
6994,2025-05-02,104,Ana Lopez,Mendoza,Laptop Pro,Electronica,$ 1200.5,4.0,Efectivo
6995,2025-01-09,106,Lucia Fernandez,TUCUMAN,Monitor 24',Electronica,$ 350.0,1.0,Tarjeta Credito
6996,2025-11-01,106,Lucia Fernandez,TUCUMAN,Monitor 24',Electronica,$ 350.0,4.0,Transferencia
6997,2025-10-16,102,  marta Sanchez  ,ROSARIO,Mouse Optico,Accesorios,$ 25.0,3.0,Transferencia
6998,2025-03-01,104,Ana Lopez,Mendoza,Laptop Pro,Electronica,$ 1200.5,2.0,Debito
6999,2025-07-16,101,JUAN PEREZ,CORDOBA,Teclado Mecanico,Accesorios,$ 80.0,2.0,Debito
7000,29/09/2025,101,JUAN PEREZ,CORDOBA,Silla Gamer,Muebles,$ 250.0,4.0,Transferencia
7001,2025-03-13,101,JUAN PEREZ,CORDOBA,Silla Gamer,Muebles,,2.0,Transferencia
7002,2025-02-21,105,PEDRO GOMEZ,CORDOBA,Cable HDMI,Cables,$ 15.75,5.0,Debito
7003,2025-08-08,104,Ana Lopez,Mendoza,Teclado Mecanico,Accesorios,$ 80.0,1.0,Transferencia
7004,2025-04-25,106,Lucia Fernandez,TUCUMAN,Teclado Mecanico,Accesorios,$ 80.0,2.0,Debito
7005,2025-09-05,103,Luis Garcia.,CABA,Teclado Mecanico,Accesorios,,5.0,Tarjeta Credito
7006,2025-12-04,103,Luis Garcia.,CABA,Teclado Mecanico,Accesorios,$ 80.0,3.0,Transferencia
7007,2025-09-08,105,PEDRO GOMEZ,CORDOBA,Teclado Mecanico,Accesorios,$ 80.0,4.0,Debito
7008,2025-05-05,102,  marta Sanchez  ,ROSARIO,Cable HDMI,Cables,$ 15.75,5.0,Tarjeta Credito
7009,2025-06-24,105,PEDRO GOMEZ,CORDOBA,Silla Gamer,Muebles,$ 250.0,5.0,Debito
7010,05/12/2025,106,Lucia Fernandez,TUCUMAN,Mouse Optico,Accesorios,$ 25.0,5.0,Debito
7011,2025-01-30,105,PEDRO GOMEZ,CORDOBA,Laptop Pro,Electronica,$ 1200.5,1.0,Transferencia
7012,2025-08-05,105,PEDRO GOMEZ,CORDOBA,Mouse Optico,Accesorios,$ 25.0,3.0,Efectivo
7013,2025-01-25,104,Ana Lopez,Mendoza,Cable HDMI,Cables,$ 15.75,5.0,Tarjeta Credito
7014,2025-02-16,103,Luis Garcia.,CABA,Laptop Pro,Electronica,$ 1200.5,3.0,Debito
7015,2025-01-21,106,Lucia Fernandez,TUCUMAN,Laptop Pro,Electronica,,1.0,Tarjeta Credito
7016,2025-09-23,104,Ana Lopez,Mendoza,Mouse Optico,Accesorios,$ 25.0,4.0,Debito
7017,2025-11-19,106,Lucia Fernandez,TUCUMAN,Mouse Optico,Accesorios,$ 25.0,2.0,Debito
7018,2025-10-21,105,PEDRO GOMEZ,CORDOBA,Mouse Optico,Accesorios,$ 25.0,5.0,Efectivo
7019,2025-02-24,101,JUAN PEREZ,CORDOBA,Mouse Optico,Accesorios,$ 25.0,5.0,Debito
7020,26/09/2025,104,Ana Lopez,Mendoza,Laptop Pro,Electronica,$ 1200.5,1.0,Efectivo
7021,2025-12-05,103,Luis Garcia.,CABA,Mouse Optico,Accesorios,$ 25.0,2.0,Efectivo
7022,2025-02-23,106,Lucia Fernandez,TUCUMAN,Laptop Pro,Electronica,$ 1200.5,1.0,Transferencia
7023,2025-06-03,103,Luis Garcia.,CABA,Cable HDMI,Cables,$ 15.75,,Efectivo
7024,2025-10-23,102,  marta Sanchez  ,ROSARIO,Silla Gamer,Muebles,$ 250.0,3.0,Debito
7025,2025-10-29,105,PEDRO GOMEZ,CORDOBA,Cable HDMI,Cables,,2.0,Transferencia
7026,2025-12-30,105,PEDRO GOMEZ,CORDOBA,Cable HDMI,Cables,$ 15.75,4.0,Debito
7027,2025-11-20,104,Ana Lopez,Mendoza,Laptop Pro,Electronica,$ 1200.5,5.0,Efectivo
7028,2025-06-08,101,JUAN PEREZ,CORDOBA,Mouse Optico,Accesorios,,5.0,Debito
7029,2025-10-01,105,PEDRO GOMEZ,CORDOBA,Mouse Optico,Accesorios,$ 25.0,2.0,Tarjeta Credito
7030,19/09/2025,105,PEDRO GOMEZ,CORDOBA,Laptop Pro,Electronica,$ 1200.5,5.0,Transferencia
7031,2025-12-17,106,Lucia Fernandez,TUCUMAN,Cable HDMI,Cables,$ 15.75,2.0,Debito
7032,2025-09-19,104,Ana Lopez,Mendoza,Mouse Optico,Accesorios,$ 25.0,,Tarjeta Credito
7033,2025-10-14,103,Luis Garcia.,CABA,Monitor 24',Electronica,$ 350.0,2.0,Transferencia
7034,2025-08-29,101,JUAN PEREZ,CORDOBA,Laptop Pro,Electronica,$ 1200.5,4.0,Debito
7035,2025-09-10,104,Ana Lopez,Mendoza,Teclado Mecanico,Accesorios,$ 80.0,5.0,Transferencia
7036,2025-01-31,101,JUAN PEREZ,CORDOBA,Mouse Optico,Accesorios,$ 25.0,4.0,Efectivo
7037,2025-01-18,104,Ana Lopez,Mendoza,Monitor 24',Electronica,$ 350.0,2.0,Transferencia
7038,2025-04-18,106,Lucia Fernandez,TUCUMAN,Laptop Pro,Electronica,$ 1200.5,4.0,Debito
7039,2025-11-26,101,JUAN PEREZ,CORDOBA,Cable HDMI,Cables,$ 15.75,4.0,Transferencia
7040,24/06/2025,104,Ana Lopez,Mendoza,Monitor 24',Electronica,$ 350.0,2.0,Debito
7041,2025-08-01,103,Luis Garcia.,CABA,Cable HDMI,Cables,$ 15.75,3.0,Tarjeta Credito
7042,2025-06-08,106,Lucia Fernandez,TUCUMAN,Silla Gamer,Muebles,$ 250.0,2.0,Efectivo
7043,2025-06-03,104,Ana Lopez,Mendoza,Silla Gamer,Muebles,$ 250.0,5.0,Transferencia
7044,2025-08-03,103,Luis Garcia.,CABA,Mouse Optico,Accesorios,$ 25.0,5.0,Tarjeta Credito
7045,2025-09-24,106,Lucia Fernandez,TUCUMAN,Laptop Pro,Electronica,$ 1200.5,1.0,Tarjeta Credito
7046,2025-08-10,103,Luis Garcia.,CABA,Silla Gamer,Muebles,$ 250.0,2.0,Efectivo
7047,2025-08-24,101,JUAN PEREZ,CORDOBA,Monitor 24',Electronica,$ 350.0,4.0,Tarjeta Credito
7048,2025-01-31,106,Lucia Fernandez,TUCUMAN,Monitor 24',Electronica,$ 350.0,5.0,Tarjeta Credito
7049,2025-04-14,105,PEDRO GOMEZ,CORDOBA,Cable HDMI,Cables,$ 15.75,1.0,Transferencia
7050,15/06/2025,103,Luis Garcia.,CABA,Teclado Mecanico,Accesorios,$ 80.0,4.0,Efectivo
7051,2025-01-27,105,PEDRO GOMEZ,CORDOBA,Teclado Mecanico,Accesorios,$ 80.0,3.0,Debito
7052,2025-05-04,102,  marta Sanchez  ,ROSARIO,Silla Gamer,Muebles,$ 250.0,5.0,Transferencia
7053,2025-11-16,102,  marta Sanchez  ,ROSARIO,Monitor 24',Electronica,$ 350.0,3.0,Efectivo
7054,2025-06-23,104,Ana Lopez,Mendoza,Laptop Pro,Electronica,$ 1200.5,3.0,Debito
7055,2025-03-10,105,PEDRO GOMEZ,CORDOBA,Silla Gamer,Muebles,$ 250.0,1.0,Transferencia
7056,2025-12-13,102,  marta Sanchez  ,ROSARIO,Monitor 24',Electronica,$ 350.0,4.0,Tarjeta Credito
7057,2025-12-07,104,Ana Lopez,Mendoza,Laptop Pro,Electronica,$ 1200.5,2.0,Debito
7058,2025-05-09,105,PEDRO GOMEZ,CORDOBA,Teclado Mecanico,Accesorios,$ 80.0,2.0,Transferencia
7059,2025-01-13,106,Lucia Fernandez,TUCUMAN,Teclado Mecanico,Accesorios,$ 80.0,3.0,Debito
7060,22/12/2025,105,PEDRO GOMEZ,CORDOBA,Teclado Mecanico,Accesorios,$ 80.0,5.0,Transferencia
7061,2025-03-21,101,JUAN PEREZ,CORDOBA,Cable HDMI,Cables,$ 15.75,3.0,Tarjeta Credito
7062,2025-12-26,106,Lucia Fernandez,TUCUMAN,Mouse Optico,Accesorios,$ 25.0,1.0,Debito
7063,2025-05-04,102,  marta Sanchez  ,ROSARIO,Monitor 24',Electronica,$ 350.0,1.0,Efectivo
7064,2025-07-08,103,Luis Garcia.,CABA,Monitor 24',Electronica,$ 350.0,5.0,Transferencia
7065,2025-09-29,103,Luis Garcia.,CABA,Cable HDMI,Cables,$ 15.75,1.0,Efectivo
7066,2025-04-29,101,JUAN PEREZ,CORDOBA,Laptop Pro,Electronica,$ 1200.5,2.0,Transferencia
7067,2025-08-09,105,PEDRO GOMEZ,CORDOBA,Mouse Optico,Accesorios,$ 25.0,3.0,Tarjeta Credito
7068,2025-10-24,103,Luis Garcia.,CABA,Teclado Mecanico,Accesorios,$ 80.0,4.0,Efectivo
7069,2025-08-07,104,Ana Lopez,Mendoza,Laptop Pro,Electronica,$ 1200.5,4.0,Transferencia
7070,17/03/2025,101,JUAN PEREZ,CORDOBA,Mouse Optico,Accesorios,$ 25.0,1.0,Debito
7071,2025-07-28,102,  marta Sanchez  ,ROSARIO,Cable HDMI,Cables,$ 15.75,3.0,Transferencia
7072,2025-07-17,103,Luis Garcia.,CABA,Teclado Mecanico,Accesorios,$ 80.0,5.0,Transferencia
7073,2025-10-23,102,  marta Sanchez  ,ROSARIO,Laptop Pro,Electronica,$ 1200.5,4.0,Transferencia
7074,2025-11-30,105,PEDRO GOMEZ,CORDOBA,Cable HDMI,Cables,$ 15.75,2.0,Debito
7075,2025-07-23,102,  marta Sanchez  ,ROSARIO,Laptop Pro,Electronica,$ 1200.5,,Efectivo
7076,2025-02-22,104,Ana Lopez,Mendoza,Laptop Pro,Electronica,$ 1200.5,2.0,Tarjeta Credito
7077,2025-12-25,102,  marta Sanchez  ,ROSARIO,Mouse Optico,Accesorios,$ 25.0,1.0,Efectivo
7078,2025-05-25,106,Lucia Fernandez,TUCUMAN,Teclado Mecanico,Accesorios,$ 80.0,4.0,Transferencia
7079,2025-12-29,103,Luis Garcia.,CABA,Silla Gamer,Muebles,$ 250.0,1.0,Transferencia
7080,01/01/2026,101,JUAN PEREZ,CORDOBA,Laptop Pro,Electronica,$ 1200.5,4.0,Transferencia
7081,2025-04-02,104,Ana Lopez,Mendoza,Teclado Mecanico,Accesorios,$ 80.0,5.0,Efectivo
7082,2025-06-06,103,Luis Garcia.,CABA,Monitor 24',Electronica,$ 350.0,5.0,Efectivo
7083,2025-07-13,104,Ana Lopez,Mendoza,Cable HDMI,Cables,$ 15.75,3.0,Tarjeta Credito
7084,2025-01-01,101,JUAN PEREZ,CORDOBA,Silla Gamer,Muebles,$ 250.0,1.0,Tarjeta Credito
7085,2025-08-01,104,Ana Lopez,Mendoza,Silla Gamer,Muebles,$ 250.0,1.0,Transferencia
7086,2025-06-01,104,Ana Lopez,Mendoza,Laptop Pro,Electronica,$ 1200.5,,Tarjeta Credito
7087,2025-11-10,104,Ana Lopez,Mendoza,Monitor 24',Electronica,$ 350.0,5.0,Tarjeta Credito
7088,2025-03-10,106,Lucia Fernandez,TUCUMAN,Teclado Mecanico,Accesorios,$ 80.0,1.0,Debito
7089,2025-09-09,104,Ana Lopez,Mendoza,Silla Gamer,Muebles,$ 250.0,4.0,Transferencia
7090,09/08/2025,102,  marta Sanchez  ,ROSARIO,Laptop Pro,Electronica,$ 1200.5,3.0,Transferencia
7091,2025-10-20,102,  marta Sanchez  ,ROSARIO,Cable HDMI,Cables,$ 15.75,3.0,Tarjeta Credito
7092,2025-02-04,104,Ana Lopez,Mendoza,Laptop Pro,Electronica,$ 1200.5,,Debito
7093,2025-09-22,102,  marta Sanchez  ,ROSARIO,Cable HDMI,Cables,$ 15.75,1.0,Efectivo
7094,2025-01-16,106,Lucia Fernandez,TUCUMAN,Silla Gamer,Muebles,$ 250.0,1.0,Efectivo
7095,2025-04-30,105,PEDRO GOMEZ,CORDOBA,Monitor 24',Electronica,$ 350.0,1.0,Debito
7096,2025-08-22,101,JUAN PEREZ,CORDOBA,Monitor 24',Electronica,$ 350.0,3.0,Tarjeta Credito
7097,2025-10-10,102,  marta Sanchez  ,ROSARIO,Cable HDMI,Cables,$ 15.75,5.0,Transferencia
7098,2025-04-03,102,  marta Sanchez  ,ROSARIO,Laptop Pro,Electronica,$ 1200.5,5.0,Tarjeta Credito
7099,2025-04-03,103,Luis Garcia.,CABA,Silla Gamer,Muebles,,3.0,Transferencia
7100,20/07/2025,101,JUAN PEREZ,CORDOBA,Teclado Mecanico,Accesorios,$ 80.0,2.0,Debito
7101,2025-03-27,105,PEDRO GOMEZ,CORDOBA,Teclado Mecanico,Accesorios,$ 80.0,3.0,Tarjeta Credito
7102,2025-04-27,104,Ana Lopez,Mendoza,Silla Gamer,Muebles,$ 250.0,5.0,Tarjeta Credito
7103,2025-06-01,102,  marta Sanchez  ,ROSARIO,Cable HDMI,Cables,$ 15.75,2.0,Efectivo
7104,2025-03-28,101,JUAN PEREZ,CORDOBA,Silla Gamer,Muebles,$ 250.0,2.0,Transferencia
7105,2025-09-16,105,PEDRO GOMEZ,CORDOBA,Mouse Optico,Accesorios,$ 25.0,2.0,Debito
7106,2025-07-01,106,Lucia Fernandez,TUCUMAN,Teclado Mecanico,Accesorios,$ 80.0,5.0,Efectivo
7107,2025-10-15,102,  marta Sanchez  ,ROSARIO,Silla Gamer,Muebles,$ 250.0,1.0,Transferencia
7108,2025-09-25,102,  marta Sanchez  ,ROSARIO,Laptop Pro,Electronica,$ 1200.5,1.0,Efectivo
7109,2025-12-02,105,PEDRO GOMEZ,CORDOBA,Teclado Mecanico,Accesorios,$ 80.0,1.0,Efectivo
7110,30/01/2025,101,JUAN PEREZ,CORDOBA,Monitor 24',Electronica,$ 350.0,5.0,Debito
7111,2025-06-21,106,Lucia Fernandez,TUCUMAN,Laptop Pro,Electronica,$ 1200.5,1.0,Transferencia
7112,2025-09-07,102,  marta Sanchez  ,ROSARIO,Teclado Mecanico,Accesorios,$ 80.0,1.0,Debito
7113,2025-05-12,103,Luis Garcia.,CABA,Monitor 24',Electronica,$ 350.0,5.0,Tarjeta Credito
7114,2025-08-30,106,Lucia Fernandez,TUCUMAN,Laptop Pro,Electronica,$ 1200.5,1.0,Tarjeta Credito
7115,2025-05-12,102,  marta Sanchez  ,ROSARIO,Silla Gamer,Muebles,$ 250.0,5.0,Efectivo
7116,2025-06-18,105,PEDRO GOMEZ,CORDOBA,Teclado Mecanico,Accesorios,$ 80.0,2.0,Debito
7117,2025-11-03,103,Luis Garcia.,CABA,Monitor 24',Electronica,$ 350.0,1.0,Debito
7118,2025-07-21,102,  marta Sanchez  ,ROSARIO,Mouse Optico,Accesorios,$ 25.0,3.0,Debito
7119,2025-03-17,103,Luis Garcia.,CABA,Laptop Pro,Electronica,,1.0,Transferencia
7120,01/11/2025,104,Ana Lopez,Mendoza,Cable HDMI,Cables,$ 15.75,3.0,Transferencia
7121,2025-10-27,105,PEDRO GOMEZ,CORDOBA,Silla Gamer,Muebles,$ 250.0,,Transferencia
7122,2025-07-06,105,PEDRO GOMEZ,CORDOBA,Mouse Optico,Accesorios,$ 25.0,,Debito
7123,2025-06-18,105,PEDRO GOMEZ,CORDOBA,Silla Gamer,Muebles,$ 250.0,2.0,Debito
7124,2025-05-29,104,Ana Lopez,Mendoza,Cable HDMI,Cables,$ 15.75,2.0,Tarjeta Credito
7125,2025-07-24,104,Ana Lopez,Mendoza,Mouse Optico,Accesorios,$ 25.0,3.0,Transferencia
7126,2025-10-11,103,Luis Garcia.,CABA,Silla Gamer,Muebles,$ 250.0,4.0,Debito
7127,2025-11-09,103,Luis Garcia.,CABA,Mouse Optico,Accesorios,$ 25.0,2.0,Transferencia
7128,2025-11-16,101,JUAN PEREZ,CORDOBA,Mouse Optico,Accesorios,$ 25.0,5.0,Efectivo
7129,2025-12-24,102,  marta Sanchez  ,ROSARIO,Silla Gamer,Muebles,$ 250.0,5.0,Efectivo
7130,04/11/2025,102,  marta Sanchez  ,ROSARIO,Mouse Optico,Accesorios,$ 25.0,2.0,Efectivo
7131,2025-02-17,106,Lucia Fernandez,TUCUMAN,Laptop Pro,Electronica,$ 1200.5,5.0,Debito
7132,2025-08-22,106,Lucia Fernandez,TUCUMAN,Monitor 24',Electronica,$ 350.0,4.0,Transferencia
7133,2025-08-19,106,Lucia Fernandez,TUCUMAN,Silla Gamer,Muebles,$ 250.0,5.0,Tarjeta Credito
7134,2025-08-23,105,PEDRO GOMEZ,CORDOBA,Teclado Mecanico,Accesorios,$ 80.0,3.0,Debito
7135,2025-09-03,103,Luis Garcia.,CABA,Cable HDMI,Cables,$ 15.75,4.0,Tarjeta Credito
7136,2025-04-13,101,JUAN PEREZ,CORDOBA,Silla Gamer,Muebles,$ 250.0,3.0,Debito
7137,2025-10-05,102,  marta Sanchez  ,ROSARIO,Teclado Mecanico,Accesorios,$ 80.0,1.0,Tarjeta Credito
7138,2025-01-11,105,PEDRO GOMEZ,CORDOBA,Silla Gamer,Muebles,$ 250.0,4.0,Efectivo
7139,2025-11-24,104,Ana Lopez,Mendoza,Cable HDMI,Cables,$ 15.75,4.0,Transferencia
7140,15/09/2025,101,JUAN PEREZ,CORDOBA,Silla Gamer,Muebles,$ 250.0,4.0,Tarjeta Credito
7141,2025-08-06,106,Lucia Fernandez,TUCUMAN,Silla Gamer,Muebles,$ 250.0,1.0,Debito
7142,2025-08-25,103,Luis Garcia.,CABA,Cable HDMI,Cables,$ 15.75,3.0,Tarjeta Credito
7143,2025-05-16,101,JUAN PEREZ,CORDOBA,Laptop Pro,Electronica,$ 1200.5,5.0,Debito
7144,2025-03-16,104,Ana Lopez,Mendoza,Laptop Pro,Electronica,$ 1200.5,2.0,Tarjeta Credito
7145,2025-10-28,105,PEDRO GOMEZ,CORDOBA,Mouse Optico,Accesorios,$ 25.0,4.0,Efectivo
7146,2025-05-13,106,Lucia Fernandez,TUCUMAN,Mouse Optico,Accesorios,$ 25.0,1.0,Debito
7147,2025-09-29,101,JUAN PEREZ,CORDOBA,Silla Gamer,Muebles,$ 250.0,3.0,Efectivo
7148,2025-08-27,103,Luis Garcia.,CABA,Mouse Optico,Accesorios,$ 25.0,3.0,Transferencia
7149,2025-04-15,104,Ana Lopez,Mendoza,Teclado Mecanico,Accesorios,$ 80.0,5.0,Debito
7150,10/09/2025,104,Ana Lopez,Mendoza,Laptop Pro,Electronica,$ 1200.5,5.0,Efectivo
7151,2025-12-30,103,Luis Garcia.,CABA,Cable HDMI,Cables,$ 15.75,3.0,Tarjeta Credito
7152,2025-05-20,101,JUAN PEREZ,CORDOBA,Laptop Pro,Electronica,,4.0,Tarjeta Credito
7153,2025-03-04,102,  marta Sanchez  ,ROSARIO,Mouse Optico,Accesorios,$ 25.0,1.0,Debito
7154,2025-03-23,105,PEDRO GOMEZ,CORDOBA,Teclado Mecanico,Accesorios,$ 80.0,2.0,Transferencia
7155,2025-09-15,106,Lucia Fernandez,TUCUMAN,Cable HDMI,Cables,$ 15.75,3.0,Transferencia
7156,2025-05-17,104,Ana Lopez,Mendoza,Mouse Optico,Accesorios,$ 25.0,4.0,Transferencia
7157,2025-11-25,103,Luis Garcia.,CABA,Laptop Pro,Electronica,$ 1200.5,2.0,Debito
7158,2025-06-14,104,Ana Lopez,Mendoza,Silla Gamer,Muebles,$ 250.0,3.0,Debito
7159,2025-12-08,105,PEDRO GOMEZ,CORDOBA,Silla Gamer,Muebles,$ 250.0,4.0,Tarjeta Credito
7160,15/06/2025,101,JUAN PEREZ,CORDOBA,Silla Gamer,Muebles,$ 250.0,2.0,Efectivo
7161,2025-10-30,106,Lucia Fernandez,TUCUMAN,Silla Gamer,Muebles,$ 250.0,4.0,Debito
7162,2025-06-15,101,JUAN PEREZ,CORDOBA,Cable HDMI,Cables,$ 15.75,1.0,Debito
7163,2025-12-25,103,Luis Garcia.,CABA,Mouse Optico,Accesorios,,2.0,Efectivo
7164,2025-01-24,104,Ana Lopez,Mendoza,Laptop Pro,Electronica,$ 1200.5,1.0,Debito
7165,2025-09-11,106,Lucia Fernandez,TUCUMAN,Teclado Mecanico,Accesorios,$ 80.0,1.0,Debito
7166,2025-08-18,101,JUAN PEREZ,CORDOBA,Mouse Optico,Accesorios,$ 25.0,4.0,Tarjeta Credito
7167,2025-04-20,104,Ana Lopez,Mendoza,Teclado Mecanico,Accesorios,$ 80.0,4.0,Efectivo
7168,2025-08-23,102,  marta Sanchez  ,ROSARIO,Silla Gamer,Muebles,$ 250.0,1.0,Efectivo
7169,2025-10-08,102,  marta Sanchez  ,ROSARIO,Cable HDMI,Cables,$ 15.75,4.0,Debito
7170,27/03/2025,104,Ana Lopez,Mendoza,Mouse Optico,Accesorios,$ 25.0,2.0,Efectivo
7171,2025-02-06,103,Luis Garcia.,CABA,Mouse Optico,Accesorios,$ 25.0,2.0,Tarjeta Credito
7172,2025-06-08,103,Luis Garcia.,CABA,Cable HDMI,Cables,$ 15.75,4.0,Transferencia
7173,2025-01-28,103,Luis Garcia.,CABA,Teclado Mecanico,Accesorios,$ 80.0,4.0,Transferencia
7174,2025-12-16,106,Lucia Fernandez,TUCUMAN,Laptop Pro,Electronica,$ 1200.5,4.0,Tarjeta Credito
7175,2025-12-26,103,Luis Garcia.,CABA,Silla Gamer,Muebles,$ 250.0,2.0,Debito
7176,2025-05-12,101,JUAN PEREZ,CORDOBA,Mouse Optico,Accesorios,,4.0,Transferencia
7177,2025-03-21,101,JUAN PEREZ,CORDOBA,Mouse Optico,Accesorios,$ 25.0,4.0,Debito
7178,2025-07-27,104,Ana Lopez,Mendoza,Teclado Mecanico,Accesorios,$ 80.0,1.0,Efectivo
7179,2025-11-22,102,  marta Sanchez  ,ROSARIO,Silla Gamer,Muebles,$ 250.0,1.0,Debito
7180,24/04/2025,105,PEDRO GOMEZ,CORDOBA,Monitor 24',Electronica,$ 350.0,5.0,Debito
7181,2025-10-09,101,JUAN PEREZ,CORDOBA,Teclado Mecanico,Accesorios,$ 80.0,1.0,Transferencia
7182,2025-06-20,105,PEDRO GOMEZ,CORDOBA,Laptop Pro,Electronica,$ 1200.5,2.0,Debito
7183,2025-12-01,104,Ana Lopez,Mendoza,Cable HDMI,Cables,$ 15.75,3.0,Efectivo
7184,2025-02-26,102,  marta Sanchez  ,ROSARIO,Teclado Mecanico,Accesorios,$ 80.0,1.0,Efectivo
7185,2025-09-12,106,Lucia Fernandez,TUCUMAN,Monitor 24',Electronica,,2.0,Efectivo
7186,2025-07-24,101,JUAN PEREZ,CORDOBA,Cable HDMI,Cables,$ 15.75,3.0,Efectivo
7187,2025-04-08,101,JUAN PEREZ,CORDOBA,Mouse Optico,Accesorios,$ 25.0,5.0,Debito
7188,2025-06-12,106,Lucia Fernandez,TUCUMAN,Mouse Optico,Accesorios,$ 25.0,4.0,Transferencia
7189,2025-01-13,103,Luis Garcia.,CABA,Teclado Mecanico,Accesorios,,3.0,Efectivo
7190,14/02/2025,101,JUAN PEREZ,CORDOBA,Monitor 24',Electronica,$ 350.0,5.0,Debito
7191,2025-02-08,106,Lucia Fernandez,TUCUMAN,Monitor 24',Electronica,$ 350.0,5.0,Efectivo
7192,2025-04-22,105,PEDRO GOMEZ,CORDOBA,Monitor 24',Electronica,$ 350.0,4.0,Transferencia
7193,2025-06-21,103,Luis Garcia.,CABA,Monitor 24',Electronica,$ 350.0,,Tarjeta Credito
7194,2025-08-05,105,PEDRO GOMEZ,CORDOBA,Teclado Mecanico,Accesorios,$ 80.0,3.0,Debito
7195,2025-05-22,101,JUAN PEREZ,CORDOBA,Teclado Mecanico,Accesorios,$ 80.0,2.0,Debito
7196,2025-03-19,103,Luis Garcia.,CABA,Mouse Optico,Accesorios,$ 25.0,3.0,Debito
7197,2025-12-13,101,JUAN PEREZ,CORDOBA,Silla Gamer,Muebles,$ 250.0,1.0,Tarjeta Credito
7198,2025-12-20,103,Luis Garcia.,CABA,Cable HDMI,Cables,$ 15.75,4.0,Tarjeta Credito
7199,2025-10-02,105,PEDRO GOMEZ,CORDOBA,Cable HDMI,Cables,$ 15.75,5.0,Efectivo
7200,04/06/2025,102,  marta Sanchez  ,ROSARIO,Teclado Mecanico,Accesorios,$ 80.0,1.0,Transferencia
7201,2025-02-26,104,Ana Lopez,Mendoza,Cable HDMI,Cables,$ 15.75,2.0,Tarjeta Credito
7202,2025-09-24,106,Lucia Fernandez,TUCUMAN,Laptop Pro,Electronica,$ 1200.5,5.0,Tarjeta Credito
7203,2025-09-18,103,Luis Garcia.,CABA,Silla Gamer,Muebles,,1.0,Transferencia
7204,2025-12-31,102,  marta Sanchez  ,ROSARIO,Monitor 24',Electronica,$ 350.0,1.0,Tarjeta Credito
7205,2025-01-25,106,Lucia Fernandez,TUCUMAN,Silla Gamer,Muebles,$ 250.0,2.0,Efectivo
7206,2025-12-03,106,Lucia Fernandez,TUCUMAN,Cable HDMI,Cables,$ 15.75,5.0,Tarjeta Credito
7207,2025-02-24,106,Lucia Fernandez,TUCUMAN,Mouse Optico,Accesorios,$ 25.0,1.0,Debito
7208,2025-10-19,106,Lucia Fernandez,TUCUMAN,Teclado Mecanico,Accesorios,$ 80.0,2.0,Tarjeta Credito
7209,2025-08-09,102,  marta Sanchez  ,ROSARIO,Monitor 24',Electronica,$ 350.0,3.0,Transferencia
7210,18/03/2025,105,PEDRO GOMEZ,CORDOBA,Laptop Pro,Electronica,$ 1200.5,3.0,Transferencia
7211,2025-01-27,104,Ana Lopez,Mendoza,Mouse Optico,Accesorios,$ 25.0,5.0,Efectivo
7212,2025-06-14,105,PEDRO GOMEZ,CORDOBA,Silla Gamer,Muebles,$ 250.0,4.0,Tarjeta Credito
7213,2025-01-01,105,PEDRO GOMEZ,CORDOBA,Mouse Optico,Accesorios,$ 25.0,3.0,Debito
7214,2025-12-18,103,Luis Garcia.,CABA,Teclado Mecanico,Accesorios,$ 80.0,1.0,Debito
7215,2025-09-09,104,Ana Lopez,Mendoza,Monitor 24',Electronica,$ 350.0,1.0,Transferencia
7216,2025-10-22,101,JUAN PEREZ,CORDOBA,Monitor 24',Electronica,$ 350.0,3.0,Transferencia
7217,2025-12-12,105,PEDRO GOMEZ,CORDOBA,Cable HDMI,Cables,$ 15.75,1.0,Debito
7218,2025-01-21,103,Luis Garcia.,CABA,Monitor 24',Electronica,$ 350.0,5.0,Efectivo
7219,2025-03-07,102,  marta Sanchez  ,ROSARIO,Mouse Optico,Accesorios,$ 25.0,2.0,Efectivo
7220,08/09/2025,106,Lucia Fernandez,TUCUMAN,Cable HDMI,Cables,$ 15.75,2.0,Debito
7221,2025-12-09,101,JUAN PEREZ,CORDOBA,Mouse Optico,Accesorios,$ 25.0,3.0,Debito
7222,2025-10-06,103,Luis Garcia.,CABA,Monitor 24',Electronica,$ 350.0,1.0,Efectivo
7223,2025-10-23,105,PEDRO GOMEZ,CORDOBA,Mouse Optico,Accesorios,$ 25.0,1.0,Transferencia
7224,2025-11-21,103,Luis Garcia.,CABA,Monitor 24',Electronica,$ 350.0,2.0,Debito
7225,2025-06-30,105,PEDRO GOMEZ,CORDOBA,Cable HDMI,Cables,$ 15.75,1.0,Transferencia
7226,2025-11-10,101,JUAN PEREZ,CORDOBA,Teclado Mecanico,Accesorios,$ 80.0,2.0,Transferencia
7227,2025-11-03,103,Luis Garcia.,CABA,Silla Gamer,Muebles,$ 250.0,4.0,Debito
7228,2025-03-13,106,Lucia Fernandez,TUCUMAN,Mouse Optico,Accesorios,$ 25.0,1.0,Transferencia
7229,2025-04-29,104,Ana Lopez,Mendoza,Monitor 24',Electronica,$ 350.0,2.0,Efectivo
7230,29/08/2025,103,Luis Garcia.,CABA,Silla Gamer,Muebles,$ 250.0,1.0,Transferencia
7231,2025-01-10,102,  marta Sanchez  ,ROSARIO,Cable HDMI,Cables,$ 15.75,1.0,Tarjeta Credito
7232,2025-10-16,104,Ana Lopez,Mendoza,Mouse Optico,Accesorios,$ 25.0,1.0,Transferencia
7233,2025-12-05,106,Lucia Fernandez,TUCUMAN,Teclado Mecanico,Accesorios,$ 80.0,4.0,Transferencia
7234,2025-04-20,103,Luis Garcia.,CABA,Silla Gamer,Muebles,$ 250.0,3.0,Transferencia
7235,2025-01-16,105,PEDRO GOMEZ,CORDOBA,Laptop Pro,Electronica,$ 1200.5,2.0,Tarjeta Credito
7236,2025-12-06,105,PEDRO GOMEZ,CORDOBA,Teclado Mecanico,Accesorios,$ 80.0,5.0,Tarjeta Credito
7237,2025-11-24,104,Ana Lopez,Mendoza,Teclado Mecanico,Accesorios,$ 80.0,4.0,Debito
7238,2025-03-11,106,Lucia Fernandez,TUCUMAN,Silla Gamer,Muebles,$ 250.0,1.0,Tarjeta Credito
7239,2025-06-01,106,Lucia Fernandez,TUCUMAN,Laptop Pro,Electronica,,3.0,Transferencia
7240,13/10/2025,106,Lucia Fernandez,TUCUMAN,Teclado Mecanico,Accesorios,$ 80.0,,Tarjeta Credito
7241,2025-08-17,106,Lucia Fernandez,TUCUMAN,Cable HDMI,Cables,$ 15.75,5.0,Efectivo
7242,2025-04-07,106,Lucia Fernandez,TUCUMAN,Mouse Optico,Accesorios,$ 25.0,3.0,Transferencia
7243,2025-04-19,102,  marta Sanchez  ,ROSARIO,Monitor 24',Electronica,$ 350.0,2.0,Transferencia
7244,2025-07-04,103,Luis Garcia.,CABA,Mouse Optico,Accesorios,$ 25.0,4.0,Transferencia
7245,2025-05-10,104,Ana Lopez,Mendoza,Teclado Mecanico,Accesorios,$ 80.0,1.0,Transferencia
7246,2025-09-24,101,JUAN PEREZ,CORDOBA,Silla Gamer,Muebles,$ 250.0,1.0,Tarjeta Credito
7247,2025-06-08,103,Luis Garcia.,CABA,Cable HDMI,Cables,$ 15.75,4.0,Transferencia
7248,2025-10-26,105,PEDRO GOMEZ,CORDOBA,Mouse Optico,Accesorios,$ 25.0,5.0,Debito
7249,2025-06-02,105,PEDRO GOMEZ,CORDOBA,Cable HDMI,Cables,$ 15.75,3.0,Debito
7250,17/11/2025,103,Luis Garcia.,CABA,Silla Gamer,Muebles,$ 250.0,5.0,Transferencia
7251,2025-09-15,103,Luis Garcia.,CABA,Silla Gamer,Muebles,$ 250.0,4.0,Tarjeta Credito
7252,2025-12-26,104,Ana Lopez,Mendoza,Cable HDMI,Cables,$ 15.75,5.0,Transferencia
7253,2025-05-04,105,PEDRO GOMEZ,CORDOBA,Monitor 24',Electronica,$ 350.0,2.0,Efectivo
7254,2025-02-11,103,Luis Garcia.,CABA,Teclado Mecanico,Accesorios,$ 80.0,4.0,Efectivo
7255,2025-08-16,104,Ana Lopez,Mendoza,Silla Gamer,Muebles,$ 250.0,1.0,Debito
7256,2025-08-01,102,  marta Sanchez  ,ROSARIO,Silla Gamer,Muebles,$ 250.0,2.0,Efectivo
7257,2025-05-29,105,PEDRO GOMEZ,CORDOBA,Silla Gamer,Muebles,$ 250.0,5.0,Transferencia
7258,2025-02-28,106,Lucia Fernandez,TUCUMAN,Laptop Pro,Electronica,$ 1200.5,4.0,Transferencia
7259,2025-06-20,102,  marta Sanchez  ,ROSARIO,Silla Gamer,Muebles,$ 250.0,5.0,Efectivo
7260,11/09/2025,104,Ana Lopez,Mendoza,Mouse Optico,Accesorios,$ 25.0,4.0,Transferencia
7261,2025-07-14,105,PEDRO GOMEZ,CORDOBA,Cable HDMI,Cables,$ 15.75,5.0,Debito
7262,2025-10-19,106,Lucia Fernandez,TUCUMAN,Teclado Mecanico,Accesorios,$ 80.0,2.0,Transferencia
7263,2025-10-09,101,JUAN PEREZ,CORDOBA,Laptop Pro,Electronica,$ 1200.5,1.0,Tarjeta Credito
7264,2025-04-02,106,Lucia Fernandez,TUCUMAN,Monitor 24',Electronica,$ 350.0,4.0,Tarjeta Credito
7265,2025-06-13,104,Ana Lopez,Mendoza,Mouse Optico,Accesorios,$ 25.0,5.0,Efectivo
7266,2025-10-26,101,JUAN PEREZ,CORDOBA,Monitor 24',Electronica,$ 350.0,5.0,Debito
7267,2025-11-20,104,Ana Lopez,Mendoza,Laptop Pro,Electronica,$ 1200.5,1.0,Tarjeta Credito
7268,2025-05-16,101,JUAN PEREZ,CORDOBA,Silla Gamer,Muebles,$ 250.0,4.0,Transferencia
7269,2025-12-04,103,Luis Garcia.,CABA,Mouse Optico,Accesorios,$ 25.0,3.0,Debito
7270,27/12/2025,104,Ana Lopez,Mendoza,Monitor 24',Electronica,$ 350.0,5.0,Transferencia
7271,2025-02-28,101,JUAN PEREZ,CORDOBA,Monitor 24',Electronica,$ 350.0,2.0,Efectivo
7272,2025-12-01,101,JUAN PEREZ,CORDOBA,Mouse Optico,Accesorios,$ 25.0,2.0,Transferencia
7273,2025-08-10,103,Luis Garcia.,CABA,Mouse Optico,Accesorios,$ 25.0,4.0,Debito
7274,2025-05-09,104,Ana Lopez,Mendoza,Mouse Optico,Accesorios,$ 25.0,2.0,Debito
7275,2025-09-04,103,Luis Garcia.,CABA,Cable HDMI,Cables,$ 15.75,1.0,Tarjeta Credito
7276,2025-11-28,103,Luis Garcia.,CABA,Silla Gamer,Muebles,$ 250.0,3.0,Tarjeta Credito
7277,2025-02-08,104,Ana Lopez,Mendoza,Teclado Mecanico,Accesorios,$ 80.0,2.0,Tarjeta Credito
7278,2025-12-05,104,Ana Lopez,Mendoza,Laptop Pro,Electronica,$ 1200.5,4.0,Efectivo
7279,2025-12-29,104,Ana Lopez,Mendoza,Teclado Mecanico,Accesorios,$ 80.0,4.0,Efectivo
7280,16/02/2025,104,Ana Lopez,Mendoza,Mouse Optico,Accesorios,$ 25.0,2.0,Efectivo
7281,2025-07-19,102,  marta Sanchez  ,ROSARIO,Monitor 24',Electronica,$ 350.0,2.0,Tarjeta Credito
7282,2025-06-28,102,  marta Sanchez  ,ROSARIO,Mouse Optico,Accesorios,$ 25.0,5.0,Efectivo
7283,2025-07-05,106,Lucia Fernandez,TUCUMAN,Mouse Optico,Accesorios,$ 25.0,4.0,Debito
7284,2025-01-06,102,  marta Sanchez  ,ROSARIO,Monitor 24',Electronica,$ 350.0,1.0,Tarjeta Credito
7285,2025-04-01,106,Lucia Fernandez,TUCUMAN,Teclado Mecanico,Accesorios,$ 80.0,5.0,Efectivo
7286,2025-05-18,104,Ana Lopez,Mendoza,Teclado Mecanico,Accesorios,$ 80.0,1.0,Transferencia
7287,2025-02-15,106,Lucia Fernandez,TUCUMAN,Teclado Mecanico,Accesorios,$ 80.0,5.0,Transferencia
7288,2025-12-10,106,Lucia Fernandez,TUCUMAN,Teclado Mecanico,Accesorios,$ 80.0,5.0,Debito
7289,2025-06-20,102,  marta Sanchez  ,ROSARIO,Teclado Mecanico,Accesorios,$ 80.0,2.0,Tarjeta Credito
7290,02/02/2025,105,PEDRO GOMEZ,CORDOBA,Monitor 24',Electronica,$ 350.0,4.0,Debito
7291,2025-02-01,102,  marta Sanchez  ,ROSARIO,Laptop Pro,Electronica,$ 1200.5,2.0,Tarjeta Credito
7292,2025-12-14,101,JUAN PEREZ,CORDOBA,Monitor 24',Electronica,$ 350.0,4.0,Debito
7293,2025-11-28,106,Lucia Fernandez,TUCUMAN,Silla Gamer,Muebles,$ 250.0,5.0,Tarjeta Credito
7294,2025-12-01,101,JUAN PEREZ,CORDOBA,Mouse Optico,Accesorios,$ 25.0,2.0,Debito
7295,2025-12-10,106,Lucia Fernandez,TUCUMAN,Silla Gamer,Muebles,$ 250.0,3.0,Transferencia
7296,2025-03-25,104,Ana Lopez,Mendoza,Silla Gamer,Muebles,$ 250.0,5.0,Debito
7297,2025-08-29,104,Ana Lopez,Mendoza,Teclado Mecanico,Accesorios,$ 80.0,3.0,Tarjeta Credito
7298,2025-04-04,104,Ana Lopez,Mendoza,Laptop Pro,Electronica,$ 1200.5,4.0,Tarjeta Credito
7299,2025-12-27,103,Luis Garcia.,CABA,Monitor 24',Electronica,$ 350.0,4.0,Tarjeta Credito
7300,07/03/2025,101,JUAN PEREZ,CORDOBA,Silla Gamer,Muebles,$ 250.0,1.0,Transferencia
7301,2025-09-18,102,  marta Sanchez  ,ROSARIO,Teclado Mecanico,Accesorios,$ 80.0,3.0,Debito
7302,2025-02-02,101,JUAN PEREZ,CORDOBA,Mouse Optico,Accesorios,$ 25.0,5.0,Efectivo
7303,2025-09-13,101,JUAN PEREZ,CORDOBA,Monitor 24',Electronica,$ 350.0,5.0,Tarjeta Credito
7304,2025-03-30,105,PEDRO GOMEZ,CORDOBA,Monitor 24',Electronica,$ 350.0,1.0,Efectivo
7305,2025-08-31,104,Ana Lopez,Mendoza,Laptop Pro,Electronica,$ 1200.5,3.0,Efectivo
7306,2025-03-22,105,PEDRO GOMEZ,CORDOBA,Cable HDMI,Cables,$ 15.75,3.0,Transferencia
7307,2025-06-15,106,Lucia Fernandez,TUCUMAN,Cable HDMI,Cables,$ 15.75,4.0,Transferencia
7308,2025-03-19,101,JUAN PEREZ,CORDOBA,Silla Gamer,Muebles,$ 250.0,2.0,Transferencia
7309,2025-03-15,102,  marta Sanchez  ,ROSARIO,Monitor 24',Electronica,$ 350.0,5.0,Debito
7310,10/04/2025,101,JUAN PEREZ,CORDOBA,Monitor 24',Electronica,$ 350.0,4.0,Efectivo
7311,2025-07-30,104,Ana Lopez,Mendoza,Mouse Optico,Accesorios,$ 25.0,4.0,Efectivo
7312,2025-12-13,104,Ana Lopez,Mendoza,Monitor 24',Electronica,$ 350.0,2.0,Transferencia
7313,2025-03-04,101,JUAN PEREZ,CORDOBA,Laptop Pro,Electronica,$ 1200.5,1.0,Tarjeta Credito
7314,2025-06-11,105,PEDRO GOMEZ,CORDOBA,Teclado Mecanico,Accesorios,$ 80.0,3.0,Tarjeta Credito
7315,2025-06-23,106,Lucia Fernandez,TUCUMAN,Silla Gamer,Muebles,$ 250.0,3.0,Tarjeta Credito
7316,2025-10-15,101,JUAN PEREZ,CORDOBA,Laptop Pro,Electronica,$ 1200.5,4.0,Debito
7317,2025-05-14,105,PEDRO GOMEZ,CORDOBA,Teclado Mecanico,Accesorios,$ 80.0,5.0,Transferencia
7318,2025-10-08,104,Ana Lopez,Mendoza,Cable HDMI,Cables,$ 15.75,4.0,Efectivo
7319,2025-05-05,104,Ana Lopez,Mendoza,Monitor 24',Electronica,$ 350.0,4.0,Debito
7320,21/10/2025,103,Luis Garcia.,CABA,Silla Gamer,Muebles,$ 250.0,4.0,Transferencia
7321,2025-08-09,102,  marta Sanchez  ,ROSARIO,Silla Gamer,Muebles,$ 250.0,1.0,Tarjeta Credito
7322,2025-04-03,103,Luis Garcia.,CABA,Laptop Pro,Electronica,$ 1200.5,5.0,Debito
7323,2025-06-10,102,  marta Sanchez  ,ROSARIO,Monitor 24',Electronica,$ 350.0,1.0,Efectivo
7324,2025-11-21,101,JUAN PEREZ,CORDOBA,Monitor 24',Electronica,,4.0,Tarjeta Credito
7325,2025-11-25,105,PEDRO GOMEZ,CORDOBA,Teclado Mecanico,Accesorios,$ 80.0,1.0,Efectivo
7326,2025-09-07,103,Luis Garcia.,CABA,Cable HDMI,Cables,$ 15.75,4.0,Debito
7327,2025-09-30,101,JUAN PEREZ,CORDOBA,Cable HDMI,Cables,$ 15.75,5.0,Tarjeta Credito
7328,2025-02-17,105,PEDRO GOMEZ,CORDOBA,Cable HDMI,Cables,$ 15.75,2.0,Debito
7329,2025-04-15,104,Ana Lopez,Mendoza,Monitor 24',Electronica,$ 350.0,5.0,Efectivo
7330,03/06/2025,105,PEDRO GOMEZ,CORDOBA,Teclado Mecanico,Accesorios,$ 80.0,3.0,Efectivo
7331,2025-05-06,104,Ana Lopez,Mendoza,Laptop Pro,Electronica,$ 1200.5,5.0,Efectivo
7332,2025-11-04,103,Luis Garcia.,CABA,Monitor 24',Electronica,$ 350.0,4.0,Transferencia
7333,2025-04-03,105,PEDRO GOMEZ,CORDOBA,Monitor 24',Electronica,$ 350.0,4.0,Debito
7334,2025-08-13,103,Luis Garcia.,CABA,Mouse Optico,Accesorios,$ 25.0,2.0,Efectivo
7335,2025-08-16,105,PEDRO GOMEZ,CORDOBA,Teclado Mecanico,Accesorios,$ 80.0,1.0,Tarjeta Credito
7336,2025-09-23,105,PEDRO GOMEZ,CORDOBA,Cable HDMI,Cables,$ 15.75,5.0,Transferencia
7337,2025-04-06,102,  marta Sanchez  ,ROSARIO,Silla Gamer,Muebles,$ 250.0,1.0,Tarjeta Credito
7338,2025-01-07,103,Luis Garcia.,CABA,Cable HDMI,Cables,$ 15.75,1.0,Debito
7339,2025-06-14,102,  marta Sanchez  ,ROSARIO,Teclado Mecanico,Accesorios,$ 80.0,3.0,Tarjeta Credito
7340,22/05/2025,105,PEDRO GOMEZ,CORDOBA,Mouse Optico,Accesorios,$ 25.0,4.0,Transferencia
7341,2025-08-29,106,Lucia Fernandez,TUCUMAN,Silla Gamer,Muebles,$ 250.0,5.0,Transferencia
7342,2025-07-28,102,  marta Sanchez  ,ROSARIO,Laptop Pro,Electronica,$ 1200.5,2.0,Efectivo
7343,2025-06-10,105,PEDRO GOMEZ,CORDOBA,Teclado Mecanico,Accesorios,$ 80.0,5.0,Tarjeta Credito
7344,2025-03-22,105,PEDRO GOMEZ,CORDOBA,Teclado Mecanico,Accesorios,$ 80.0,1.0,Debito
7345,2025-09-08,101,JUAN PEREZ,CORDOBA,Cable HDMI,Cables,$ 15.75,3.0,Debito
7346,2025-10-10,105,PEDRO GOMEZ,CORDOBA,Silla Gamer,Muebles,$ 250.0,4.0,Transferencia
7347,2025-05-07,104,Ana Lopez,Mendoza,Teclado Mecanico,Accesorios,,4.0,Transferencia
7348,2025-09-21,105,PEDRO GOMEZ,CORDOBA,Silla Gamer,Muebles,$ 250.0,4.0,Debito
7349,2025-09-13,101,JUAN PEREZ,CORDOBA,Cable HDMI,Cables,$ 15.75,5.0,Efectivo
7350,29/01/2025,103,Luis Garcia.,CABA,Laptop Pro,Electronica,$ 1200.5,3.0,Tarjeta Credito
7351,2025-03-13,104,Ana Lopez,Mendoza,Silla Gamer,Muebles,$ 250.0,5.0,Tarjeta Credito
7352,2025-01-09,106,Lucia Fernandez,TUCUMAN,Laptop Pro,Electronica,$ 1200.5,2.0,Transferencia
7353,2025-03-17,104,Ana Lopez,Mendoza,Monitor 24',Electronica,$ 350.0,3.0,Debito
7354,2025-06-20,102,  marta Sanchez  ,ROSARIO,Laptop Pro,Electronica,$ 1200.5,3.0,Debito
7355,2025-02-04,104,Ana Lopez,Mendoza,Laptop Pro,Electronica,$ 1200.5,5.0,Debito
7356,2025-11-23,102,  marta Sanchez  ,ROSARIO,Monitor 24',Electronica,$ 350.0,5.0,Debito
7357,2025-09-17,106,Lucia Fernandez,TUCUMAN,Laptop Pro,Electronica,$ 1200.5,4.0,Efectivo
7358,2025-04-13,106,Lucia Fernandez,TUCUMAN,Monitor 24',Electronica,$ 350.0,3.0,Transferencia
7359,2025-06-23,106,Lucia Fernandez,TUCUMAN,Teclado Mecanico,Accesorios,$ 80.0,4.0,Transferencia
7360,18/01/2025,105,PEDRO GOMEZ,CORDOBA,Monitor 24',Electronica,$ 350.0,1.0,Efectivo
7361,2025-01-24,101,JUAN PEREZ,CORDOBA,Mouse Optico,Accesorios,$ 25.0,2.0,Tarjeta Credito
7362,2025-02-24,102,  marta Sanchez  ,ROSARIO,Cable HDMI,Cables,$ 15.75,5.0,Debito
7363,2025-09-05,101,JUAN PEREZ,CORDOBA,Mouse Optico,Accesorios,$ 25.0,3.0,Transferencia
7364,2025-10-13,104,Ana Lopez,Mendoza,Cable HDMI,Cables,$ 15.75,5.0,Transferencia
7365,2025-04-25,103,Luis Garcia.,CABA,Laptop Pro,Electronica,$ 1200.5,1.0,Debito
7366,2025-10-17,106,Lucia Fernandez,TUCUMAN,Mouse Optico,Accesorios,,3.0,Transferencia
7367,2025-10-14,101,JUAN PEREZ,CORDOBA,Teclado Mecanico,Accesorios,$ 80.0,2.0,Debito
7368,2025-08-05,105,PEDRO GOMEZ,CORDOBA,Laptop Pro,Electronica,$ 1200.5,4.0,Debito
7369,2025-07-31,103,Luis Garcia.,CABA,Silla Gamer,Muebles,,4.0,Efectivo
7370,02/07/2025,103,Luis Garcia.,CABA,Cable HDMI,Cables,$ 15.75,3.0,Efectivo
7371,2025-06-13,101,JUAN PEREZ,CORDOBA,Laptop Pro,Electronica,$ 1200.5,4.0,Debito
7372,2025-07-01,106,Lucia Fernandez,TUCUMAN,Mouse Optico,Accesorios,$ 25.0,2.0,Efectivo
7373,2025-09-30,106,Lucia Fernandez,TUCUMAN,Silla Gamer,Muebles,$ 250.0,5.0,Tarjeta Credito
7374,2025-10-04,101,JUAN PEREZ,CORDOBA,Silla Gamer,Muebles,$ 250.0,5.0,Debito
7375,2025-06-25,102,  marta Sanchez  ,ROSARIO,Mouse Optico,Accesorios,$ 25.0,3.0,Debito
7376,2025-01-24,106,Lucia Fernandez,TUCUMAN,Mouse Optico,Accesorios,$ 25.0,1.0,Tarjeta Credito
7377,2025-07-09,103,Luis Garcia.,CABA,Laptop Pro,Electronica,$ 1200.5,3.0,Transferencia
7378,2025-07-14,101,JUAN PEREZ,CORDOBA,Teclado Mecanico,Accesorios,,4.0,Tarjeta Credito
7379,2025-11-22,101,JUAN PEREZ,CORDOBA,Monitor 24',Electronica,$ 350.0,4.0,Tarjeta Credito
7380,26/05/2025,102,  marta Sanchez  ,ROSARIO,Silla Gamer,Muebles,,3.0,Tarjeta Credito
7381,2025-06-09,101,JUAN PEREZ,CORDOBA,Laptop Pro,Electronica,$ 1200.5,5.0,Transferencia
7382,2025-09-02,102,  marta Sanchez  ,ROSARIO,Silla Gamer,Muebles,,5.0,Tarjeta Credito
7383,2025-06-08,106,Lucia Fernandez,TUCUMAN,Teclado Mecanico,Accesorios,$ 80.0,2.0,Efectivo
7384,2025-06-28,104,Ana Lopez,Mendoza,Silla Gamer,Muebles,$ 250.0,5.0,Tarjeta Credito
7385,2025-12-02,106,Lucia Fernandez,TUCUMAN,Mouse Optico,Accesorios,$ 25.0,4.0,Efectivo
7386,2025-03-26,104,Ana Lopez,Mendoza,Mouse Optico,Accesorios,$ 25.0,5.0,Tarjeta Credito
7387,2025-09-26,104,Ana Lopez,Mendoza,Laptop Pro,Electronica,$ 1200.5,1.0,Efectivo
7388,2025-04-05,106,Lucia Fernandez,TUCUMAN,Silla Gamer,Muebles,$ 250.0,5.0,Debito
7389,2025-05-07,104,Ana Lopez,Mendoza,Silla Gamer,Muebles,$ 250.0,1.0,Tarjeta Credito
7390,19/04/2025,103,Luis Garcia.,CABA,Monitor 24',Electronica,$ 350.0,5.0,Tarjeta Credito
7391,2025-10-09,103,Luis Garcia.,CABA,Silla Gamer,Muebles,$ 250.0,4.0,Debito
7392,2025-06-11,106,Lucia Fernandez,TUCUMAN,Mouse Optico,Accesorios,$ 25.0,,Debito
7393,2025-08-13,101,JUAN PEREZ,CORDOBA,Silla Gamer,Muebles,$ 250.0,4.0,Transferencia
7394,2025-01-08,101,JUAN PEREZ,CORDOBA,Teclado Mecanico,Accesorios,$ 80.0,1.0,Debito
7395,2025-10-15,104,Ana Lopez,Mendoza,Cable HDMI,Cables,$ 15.75,2.0,Efectivo
7396,2025-02-25,104,Ana Lopez,Mendoza,Cable HDMI,Cables,$ 15.75,3.0,Tarjeta Credito
7397,2025-05-10,101,JUAN PEREZ,CORDOBA,Teclado Mecanico,Accesorios,$ 80.0,4.0,Transferencia
7398,2025-04-29,103,Luis Garcia.,CABA,Teclado Mecanico,Accesorios,$ 80.0,2.0,Debito
7399,2025-08-14,101,JUAN PEREZ,CORDOBA,Mouse Optico,Accesorios,$ 25.0,4.0,Transferencia
7400,01/07/2025,102,  marta Sanchez  ,ROSARIO,Cable HDMI,Cables,$ 15.75,5.0,Efectivo
7401,2025-07-06,104,Ana Lopez,Mendoza,Monitor 24',Electronica,,5.0,Debito
7402,2025-04-29,101,JUAN PEREZ,CORDOBA,Teclado Mecanico,Accesorios,$ 80.0,3.0,Debito
7403,2025-01-19,101,JUAN PEREZ,CORDOBA,Teclado Mecanico,Accesorios,$ 80.0,1.0,Efectivo
7404,2025-02-14,103,Luis Garcia.,CABA,Teclado Mecanico,Accesorios,$ 80.0,3.0,Efectivo
7405,2025-04-05,101,JUAN PEREZ,CORDOBA,Monitor 24',Electronica,$ 350.0,3.0,Transferencia
7406,2025-11-02,105,PEDRO GOMEZ,CORDOBA,Teclado Mecanico,Accesorios,$ 80.0,3.0,Tarjeta Credito
7407,2025-10-21,106,Lucia Fernandez,TUCUMAN,Silla Gamer,Muebles,$ 250.0,2.0,Debito
7408,2025-05-11,105,PEDRO GOMEZ,CORDOBA,Laptop Pro,Electronica,$ 1200.5,4.0,Transferencia
7409,2025-04-07,101,JUAN PEREZ,CORDOBA,Cable HDMI,Cables,$ 15.75,4.0,Transferencia
7410,16/06/2025,105,PEDRO GOMEZ,CORDOBA,Teclado Mecanico,Accesorios,$ 80.0,2.0,Debito
7411,2025-01-02,106,Lucia Fernandez,TUCUMAN,Teclado Mecanico,Accesorios,$ 80.0,1.0,Efectivo
7412,2025-05-19,104,Ana Lopez,Mendoza,Monitor 24',Electronica,,1.0,Transferencia
7413,2025-05-25,103,Luis Garcia.,CABA,Mouse Optico,Accesorios,$ 25.0,4.0,Tarjeta Credito
7414,2025-03-15,105,PEDRO GOMEZ,CORDOBA,Mouse Optico,Accesorios,$ 25.0,2.0,Tarjeta Credito
7415,2025-05-11,102,  marta Sanchez  ,ROSARIO,Cable HDMI,Cables,$ 15.75,3.0,Efectivo
7416,2025-10-22,101,JUAN PEREZ,CORDOBA,Laptop Pro,Electronica,$ 1200.5,2.0,Efectivo
7417,2025-06-23,102,  marta Sanchez  ,ROSARIO,Teclado Mecanico,Accesorios,,5.0,Tarjeta Credito
7418,2025-11-28,105,PEDRO GOMEZ,CORDOBA,Monitor 24',Electronica,$ 350.0,1.0,Debito
7419,2025-02-06,102,  marta Sanchez  ,ROSARIO,Teclado Mecanico,Accesorios,$ 80.0,3.0,Tarjeta Credito
7420,05/04/2025,106,Lucia Fernandez,TUCUMAN,Silla Gamer,Muebles,$ 250.0,5.0,Tarjeta Credito
7421,2025-03-19,106,Lucia Fernandez,TUCUMAN,Mouse Optico,Accesorios,$ 25.0,2.0,Transferencia
7422,2025-03-06,102,  marta Sanchez  ,ROSARIO,Teclado Mecanico,Accesorios,$ 80.0,4.0,Debito
7423,2025-11-11,103,Luis Garcia.,CABA,Teclado Mecanico,Accesorios,$ 80.0,5.0,Tarjeta Credito
7424,2025-05-30,105,PEDRO GOMEZ,CORDOBA,Silla Gamer,Muebles,$ 250.0,4.0,Debito
7425,2025-12-18,103,Luis Garcia.,CABA,Cable HDMI,Cables,$ 15.75,3.0,Transferencia
7426,2025-08-02,101,JUAN PEREZ,CORDOBA,Mouse Optico,Accesorios,$ 25.0,4.0,Transferencia
7427,2025-07-29,106,Lucia Fernandez,TUCUMAN,Teclado Mecanico,Accesorios,$ 80.0,5.0,Tarjeta Credito
7428,2025-04-28,106,Lucia Fernandez,TUCUMAN,Monitor 24',Electronica,$ 350.0,4.0,Transferencia
7429,2025-04-08,102,  marta Sanchez  ,ROSARIO,Laptop Pro,Electronica,$ 1200.5,2.0,Tarjeta Credito
7430,02/11/2025,104,Ana Lopez,Mendoza,Teclado Mecanico,Accesorios,,1.0,Transferencia
7431,2025-10-01,105,PEDRO GOMEZ,CORDOBA,Silla Gamer,Muebles,$ 250.0,3.0,Tarjeta Credito
7432,2025-02-23,105,PEDRO GOMEZ,CORDOBA,Laptop Pro,Electronica,$ 1200.5,1.0,Transferencia
7433,2025-03-11,102,  marta Sanchez  ,ROSARIO,Teclado Mecanico,Accesorios,$ 80.0,5.0,Transferencia
7434,2025-12-21,105,PEDRO GOMEZ,CORDOBA,Cable HDMI,Cables,$ 15.75,3.0,Transferencia
7435,2025-07-01,101,JUAN PEREZ,CORDOBA,Laptop Pro,Electronica,$ 1200.5,2.0,Debito
7436,2025-07-04,105,PEDRO GOMEZ,CORDOBA,Laptop Pro,Electronica,$ 1200.5,1.0,Efectivo
7437,2025-01-12,105,PEDRO GOMEZ,CORDOBA,Laptop Pro,Electronica,$ 1200.5,1.0,Debito
7438,2025-07-14,102,  marta Sanchez  ,ROSARIO,Mouse Optico,Accesorios,$ 25.0,1.0,Transferencia
7439,2025-03-31,104,Ana Lopez,Mendoza,Silla Gamer,Muebles,$ 250.0,4.0,Transferencia
7440,23/02/2025,102,  marta Sanchez  ,ROSARIO,Monitor 24',Electronica,$ 350.0,2.0,Debito
7441,2025-05-06,106,Lucia Fernandez,TUCUMAN,Laptop Pro,Electronica,$ 1200.5,2.0,Tarjeta Credito
7442,2025-05-29,101,JUAN PEREZ,CORDOBA,Cable HDMI,Cables,,4.0,Debito
7443,2025-07-22,106,Lucia Fernandez,TUCUMAN,Laptop Pro,Electronica,$ 1200.5,5.0,Tarjeta Credito
7444,2025-11-10,101,JUAN PEREZ,CORDOBA,Cable HDMI,Cables,$ 15.75,4.0,Debito
7445,2025-01-26,104,Ana Lopez,Mendoza,Monitor 24',Electronica,$ 350.0,5.0,Tarjeta Credito
7446,2025-12-11,104,Ana Lopez,Mendoza,Cable HDMI,Cables,$ 15.75,1.0,Debito
7447,2025-04-11,102,  marta Sanchez  ,ROSARIO,Teclado Mecanico,Accesorios,$ 80.0,4.0,Tarjeta Credito
7448,2025-10-24,103,Luis Garcia.,CABA,Mouse Optico,Accesorios,,5.0,Transferencia
7449,2025-06-24,101,JUAN PEREZ,CORDOBA,Laptop Pro,Electronica,$ 1200.5,4.0,Transferencia
7450,04/09/2025,104,Ana Lopez,Mendoza,Laptop Pro,Electronica,,3.0,Debito
7451,2025-06-17,103,Luis Garcia.,CABA,Cable HDMI,Cables,$ 15.75,5.0,Transferencia
7452,2025-03-28,101,JUAN PEREZ,CORDOBA,Mouse Optico,Accesorios,$ 25.0,3.0,Transferencia
7453,2025-04-17,102,  marta Sanchez  ,ROSARIO,Cable HDMI,Cables,$ 15.75,2.0,Efectivo
7454,2025-02-27,103,Luis Garcia.,CABA,Laptop Pro,Electronica,$ 1200.5,2.0,Efectivo
7455,2025-05-30,104,Ana Lopez,Mendoza,Monitor 24',Electronica,$ 350.0,5.0,Debito
7456,2025-11-04,103,Luis Garcia.,CABA,Monitor 24',Electronica,$ 350.0,1.0,Debito
7457,2025-03-30,106,Lucia Fernandez,TUCUMAN,Cable HDMI,Cables,$ 15.75,4.0,Transferencia
7458,2025-11-03,104,Ana Lopez,Mendoza,Teclado Mecanico,Accesorios,$ 80.0,3.0,Efectivo
7459,2025-07-07,106,Lucia Fernandez,TUCUMAN,Silla Gamer,Muebles,$ 250.0,3.0,Transferencia
7460,04/07/2025,105,PEDRO GOMEZ,CORDOBA,Teclado Mecanico,Accesorios,,4.0,Debito
7461,2025-10-25,101,JUAN PEREZ,CORDOBA,Cable HDMI,Cables,$ 15.75,4.0,Transferencia
7462,2025-02-09,101,JUAN PEREZ,CORDOBA,Silla Gamer,Muebles,$ 250.0,5.0,Tarjeta Credito
7463,2025-04-18,103,Luis Garcia.,CABA,Mouse Optico,Accesorios,$ 25.0,3.0,Debito
7464,2025-05-16,105,PEDRO GOMEZ,CORDOBA,Teclado Mecanico,Accesorios,,3.0,Debito
7465,2025-11-13,101,JUAN PEREZ,CORDOBA,Laptop Pro,Electronica,$ 1200.5,2.0,Efectivo
7466,2025-08-11,102,  marta Sanchez  ,ROSARIO,Laptop Pro,Electronica,$ 1200.5,4.0,Tarjeta Credito
7467,2025-04-17,106,Lucia Fernandez,TUCUMAN,Cable HDMI,Cables,$ 15.75,3.0,Transferencia
7468,2025-04-27,104,Ana Lopez,Mendoza,Teclado Mecanico,Accesorios,$ 80.0,3.0,Tarjeta Credito
7469,2025-04-08,105,PEDRO GOMEZ,CORDOBA,Mouse Optico,Accesorios,$ 25.0,1.0,Debito
7470,26/10/2025,101,JUAN PEREZ,CORDOBA,Cable HDMI,Cables,$ 15.75,3.0,Tarjeta Credito
7471,2025-11-06,103,Luis Garcia.,CABA,Laptop Pro,Electronica,$ 1200.5,1.0,Tarjeta Credito
7472,2025-01-06,105,PEDRO GOMEZ,CORDOBA,Silla Gamer,Muebles,,3.0,Debito
7473,2025-11-23,104,Ana Lopez,Mendoza,Mouse Optico,Accesorios,$ 25.0,2.0,Efectivo
7474,2025-02-14,105,PEDRO GOMEZ,CORDOBA,Monitor 24',Electronica,$ 350.0,3.0,Transferencia
7475,2025-05-03,103,Luis Garcia.,CABA,Laptop Pro,Electronica,$ 1200.5,2.0,Debito
7476,2025-01-28,104,Ana Lopez,Mendoza,Laptop Pro,Electronica,$ 1200.5,4.0,Tarjeta Credito
7477,2025-10-25,102,  marta Sanchez  ,ROSARIO,Monitor 24',Electronica,$ 350.0,4.0,Debito
7478,2025-02-11,104,Ana Lopez,Mendoza,Monitor 24',Electronica,$ 350.0,3.0,Debito
7479,2025-06-22,101,JUAN PEREZ,CORDOBA,Teclado Mecanico,Accesorios,$ 80.0,4.0,Debito
7480,28/06/2025,106,Lucia Fernandez,TUCUMAN,Silla Gamer,Muebles,$ 250.0,3.0,Debito
7481,2025-12-27,105,PEDRO GOMEZ,CORDOBA,Cable HDMI,Cables,$ 15.75,5.0,Tarjeta Credito
7482,2025-10-11,104,Ana Lopez,Mendoza,Silla Gamer,Muebles,$ 250.0,1.0,Efectivo
7483,2025-02-04,101,JUAN PEREZ,CORDOBA,Laptop Pro,Electronica,$ 1200.5,1.0,Transferencia
7484,2025-09-14,103,Luis Garcia.,CABA,Silla Gamer,Muebles,$ 250.0,3.0,Debito
7485,2025-02-08,104,Ana Lopez,Mendoza,Mouse Optico,Accesorios,$ 25.0,4.0,Tarjeta Credito
7486,2026-01-01,106,Lucia Fernandez,TUCUMAN,Teclado Mecanico,Accesorios,$ 80.0,1.0,Debito
7487,2025-06-14,104,Ana Lopez,Mendoza,Cable HDMI,Cables,$ 15.75,1.0,Efectivo
7488,2025-01-03,104,Ana Lopez,Mendoza,Silla Gamer,Muebles,$ 250.0,,Tarjeta Credito
7489,2025-09-10,106,Lucia Fernandez,TUCUMAN,Laptop Pro,Electronica,$ 1200.5,4.0,Tarjeta Credito
7490,16/04/2025,104,Ana Lopez,Mendoza,Laptop Pro,Electronica,$ 1200.5,1.0,Transferencia
7491,2025-09-30,104,Ana Lopez,Mendoza,Mouse Optico,Accesorios,$ 25.0,5.0,Tarjeta Credito
7492,2025-01-16,104,Ana Lopez,Mendoza,Mouse Optico,Accesorios,$ 25.0,4.0,Debito
7493,2025-05-13,103,Luis Garcia.,CABA,Teclado Mecanico,Accesorios,,1.0,Efectivo
7494,2025-07-24,103,Luis Garcia.,CABA,Mouse Optico,Accesorios,$ 25.0,4.0,Transferencia
7495,2025-03-04,103,Luis Garcia.,CABA,Laptop Pro,Electronica,$ 1200.5,3.0,Transferencia
7496,2025-12-29,103,Luis Garcia.,CABA,Silla Gamer,Muebles,$ 250.0,1.0,Efectivo
7497,2025-05-30,104,Ana Lopez,Mendoza,Monitor 24',Electronica,$ 350.0,2.0,Efectivo
7498,2025-03-06,105,PEDRO GOMEZ,CORDOBA,Mouse Optico,Accesorios,$ 25.0,4.0,Efectivo
7499,2025-02-07,102,  marta Sanchez  ,ROSARIO,Silla Gamer,Muebles,$ 250.0,5.0,Efectivo
7500,25/04/2025,104,Ana Lopez,Mendoza,Laptop Pro,Electronica,$ 1200.5,5.0,Efectivo
7501,2025-12-26,101,JUAN PEREZ,CORDOBA,Silla Gamer,Muebles,$ 250.0,3.0,Debito
7502,2025-03-17,104,Ana Lopez,Mendoza,Monitor 24',Electronica,$ 350.0,3.0,Debito
7503,2025-04-07,103,Luis Garcia.,CABA,Monitor 24',Electronica,$ 350.0,4.0,Efectivo
7504,2025-01-05,105,PEDRO GOMEZ,CORDOBA,Monitor 24',Electronica,$ 350.0,3.0,Tarjeta Credito
7505,2025-04-20,101,JUAN PEREZ,CORDOBA,Silla Gamer,Muebles,$ 250.0,1.0,Transferencia
7506,2025-05-29,106,Lucia Fernandez,TUCUMAN,Silla Gamer,Muebles,$ 250.0,2.0,Tarjeta Credito
7507,2025-09-12,106,Lucia Fernandez,TUCUMAN,Laptop Pro,Electronica,$ 1200.5,1.0,Debito
7508,2025-10-23,105,PEDRO GOMEZ,CORDOBA,Teclado Mecanico,Accesorios,$ 80.0,4.0,Debito
7509,2025-10-13,101,JUAN PEREZ,CORDOBA,Laptop Pro,Electronica,$ 1200.5,1.0,Efectivo
7510,11/12/2025,101,JUAN PEREZ,CORDOBA,Silla Gamer,Muebles,$ 250.0,3.0,Efectivo
7511,2025-09-13,104,Ana Lopez,Mendoza,Monitor 24',Electronica,$ 350.0,2.0,Efectivo
7512,2025-11-08,106,Lucia Fernandez,TUCUMAN,Silla Gamer,Muebles,$ 250.0,5.0,Debito
7513,2025-12-07,101,JUAN PEREZ,CORDOBA,Laptop Pro,Electronica,$ 1200.5,2.0,Efectivo
7514,2025-12-07,102,  marta Sanchez  ,ROSARIO,Laptop Pro,Electronica,$ 1200.5,3.0,Tarjeta Credito
7515,2025-10-16,103,Luis Garcia.,CABA,Laptop Pro,Electronica,$ 1200.5,,Tarjeta Credito
7516,2025-11-15,105,PEDRO GOMEZ,CORDOBA,Monitor 24',Electronica,$ 350.0,4.0,Efectivo
7517,2025-11-14,106,Lucia Fernandez,TUCUMAN,Laptop Pro,Electronica,$ 1200.5,3.0,Efectivo
7518,2025-06-29,101,JUAN PEREZ,CORDOBA,Cable HDMI,Cables,$ 15.75,5.0,Tarjeta Credito
7519,2025-08-17,105,PEDRO GOMEZ,CORDOBA,Monitor 24',Electronica,$ 350.0,5.0,Tarjeta Credito
7520,07/11/2025,104,Ana Lopez,Mendoza,Mouse Optico,Accesorios,$ 25.0,3.0,Tarjeta Credito
7521,2025-02-18,104,Ana Lopez,Mendoza,Silla Gamer,Muebles,$ 250.0,3.0,Tarjeta Credito
7522,2025-11-22,106,Lucia Fernandez,TUCUMAN,Silla Gamer,Muebles,$ 250.0,2.0,Debito
7523,2025-11-10,105,PEDRO GOMEZ,CORDOBA,Silla Gamer,Muebles,,1.0,Debito
7524,2025-02-15,105,PEDRO GOMEZ,CORDOBA,Mouse Optico,Accesorios,$ 25.0,1.0,Debito
7525,2025-11-05,105,PEDRO GOMEZ,CORDOBA,Monitor 24',Electronica,$ 350.0,2.0,Transferencia
7526,2025-04-05,102,  marta Sanchez  ,ROSARIO,Laptop Pro,Electronica,$ 1200.5,2.0,Efectivo
7527,2025-12-29,101,JUAN PEREZ,CORDOBA,Silla Gamer,Muebles,$ 250.0,3.0,Debito
7528,2025-03-31,101,JUAN PEREZ,CORDOBA,Teclado Mecanico,Accesorios,$ 80.0,3.0,Tarjeta Credito
7529,2025-03-31,102,  marta Sanchez  ,ROSARIO,Monitor 24',Electronica,$ 350.0,2.0,Transferencia
7530,30/11/2025,102,  marta Sanchez  ,ROSARIO,Monitor 24',Electronica,$ 350.0,3.0,Transferencia
7531,2025-06-08,101,JUAN PEREZ,CORDOBA,Silla Gamer,Muebles,$ 250.0,,Efectivo
7532,2025-08-13,102,  marta Sanchez  ,ROSARIO,Laptop Pro,Electronica,$ 1200.5,3.0,Tarjeta Credito
7533,2025-09-18,103,Luis Garcia.,CABA,Silla Gamer,Muebles,$ 250.0,5.0,Efectivo
7534,2025-01-26,102,  marta Sanchez  ,ROSARIO,Monitor 24',Electronica,$ 350.0,5.0,Transferencia
7535,2025-04-26,106,Lucia Fernandez,TUCUMAN,Monitor 24',Electronica,$ 350.0,1.0,Efectivo
7536,2025-12-17,103,Luis Garcia.,CABA,Silla Gamer,Muebles,$ 250.0,5.0,Transferencia
7537,2025-12-10,104,Ana Lopez,Mendoza,Monitor 24',Electronica,$ 350.0,4.0,Efectivo
7538,2025-04-24,104,Ana Lopez,Mendoza,Mouse Optico,Accesorios,$ 25.0,4.0,Tarjeta Credito
7539,2025-03-18,102,  marta Sanchez  ,ROSARIO,Cable HDMI,Cables,$ 15.75,1.0,Tarjeta Credito
7540,17/04/2025,102,  marta Sanchez  ,ROSARIO,Silla Gamer,Muebles,$ 250.0,3.0,Transferencia
7541,2025-01-23,103,Luis Garcia.,CABA,Silla Gamer,Muebles,$ 250.0,5.0,Efectivo
7542,2025-12-31,105,PEDRO GOMEZ,CORDOBA,Monitor 24',Electronica,$ 350.0,2.0,Transferencia
7543,2025-04-03,106,Lucia Fernandez,TUCUMAN,Mouse Optico,Accesorios,$ 25.0,1.0,Debito
7544,2025-06-14,102,  marta Sanchez  ,ROSARIO,Cable HDMI,Cables,$ 15.75,4.0,Tarjeta Credito
7545,2025-06-05,106,Lucia Fernandez,TUCUMAN,Cable HDMI,Cables,$ 15.75,1.0,Transferencia
7546,2025-09-27,104,Ana Lopez,Mendoza,Laptop Pro,Electronica,$ 1200.5,4.0,Transferencia
7547,2025-03-28,104,Ana Lopez,Mendoza,Cable HDMI,Cables,$ 15.75,1.0,Debito
7548,2025-04-06,106,Lucia Fernandez,TUCUMAN,Cable HDMI,Cables,$ 15.75,5.0,Tarjeta Credito
7549,2025-04-18,105,PEDRO GOMEZ,CORDOBA,Cable HDMI,Cables,$ 15.75,5.0,Transferencia
7550,06/10/2025,101,JUAN PEREZ,CORDOBA,Teclado Mecanico,Accesorios,$ 80.0,5.0,Transferencia
7551,2025-04-12,105,PEDRO GOMEZ,CORDOBA,Laptop Pro,Electronica,$ 1200.5,4.0,Transferencia
7552,2025-02-19,105,PEDRO GOMEZ,CORDOBA,Laptop Pro,Electronica,$ 1200.5,1.0,Efectivo
7553,2025-07-22,105,PEDRO GOMEZ,CORDOBA,Monitor 24',Electronica,$ 350.0,3.0,Efectivo
7554,2025-09-07,101,JUAN PEREZ,CORDOBA,Teclado Mecanico,Accesorios,$ 80.0,,Efectivo
7555,2025-06-14,102,  marta Sanchez  ,ROSARIO,Monitor 24',Electronica,$ 350.0,2.0,Transferencia
7556,2025-02-21,103,Luis Garcia.,CABA,Cable HDMI,Cables,$ 15.75,1.0,Transferencia
7557,2025-04-29,105,PEDRO GOMEZ,CORDOBA,Silla Gamer,Muebles,$ 250.0,2.0,Efectivo
7558,2025-10-30,104,Ana Lopez,Mendoza,Teclado Mecanico,Accesorios,$ 80.0,3.0,Debito
7559,2025-04-23,106,Lucia Fernandez,TUCUMAN,Monitor 24',Electronica,$ 350.0,4.0,Efectivo
7560,01/05/2025,101,JUAN PEREZ,CORDOBA,Monitor 24',Electronica,$ 350.0,1.0,Debito
7561,2025-12-15,104,Ana Lopez,Mendoza,Teclado Mecanico,Accesorios,$ 80.0,4.0,Transferencia
7562,2025-02-21,102,  marta Sanchez  ,ROSARIO,Laptop Pro,Electronica,$ 1200.5,4.0,Tarjeta Credito
7563,2025-06-20,101,JUAN PEREZ,CORDOBA,Cable HDMI,Cables,$ 15.75,5.0,Transferencia
7564,2025-02-28,104,Ana Lopez,Mendoza,Mouse Optico,Accesorios,$ 25.0,1.0,Transferencia
7565,2025-11-15,104,Ana Lopez,Mendoza,Teclado Mecanico,Accesorios,$ 80.0,2.0,Debito
7566,2025-11-30,105,PEDRO GOMEZ,CORDOBA,Silla Gamer,Muebles,$ 250.0,5.0,Transferencia
7567,2025-05-27,101,JUAN PEREZ,CORDOBA,Laptop Pro,Electronica,$ 1200.5,2.0,Tarjeta Credito
7568,2025-02-19,104,Ana Lopez,Mendoza,Mouse Optico,Accesorios,$ 25.0,4.0,Efectivo
7569,2025-08-09,102,  marta Sanchez  ,ROSARIO,Monitor 24',Electronica,$ 350.0,2.0,Transferencia
7570,01/02/2025,103,Luis Garcia.,CABA,Monitor 24',Electronica,$ 350.0,2.0,Tarjeta Credito
7571,2025-04-23,103,Luis Garcia.,CABA,Silla Gamer,Muebles,$ 250.0,4.0,Tarjeta Credito
7572,2025-08-19,102,  marta Sanchez  ,ROSARIO,Laptop Pro,Electronica,$ 1200.5,1.0,Efectivo
7573,2025-12-05,104,Ana Lopez,Mendoza,Cable HDMI,Cables,$ 15.75,2.0,Efectivo
7574,2025-06-14,106,Lucia Fernandez,TUCUMAN,Silla Gamer,Muebles,,1.0,Debito
7575,2025-05-15,105,PEDRO GOMEZ,CORDOBA,Silla Gamer,Muebles,$ 250.0,4.0,Tarjeta Credito
7576,2025-05-15,106,Lucia Fernandez,TUCUMAN,Teclado Mecanico,Accesorios,$ 80.0,3.0,Efectivo
7577,2025-07-05,101,JUAN PEREZ,CORDOBA,Silla Gamer,Muebles,$ 250.0,3.0,Efectivo
7578,2025-05-24,104,Ana Lopez,Mendoza,Teclado Mecanico,Accesorios,,1.0,Tarjeta Credito
7579,2025-11-27,106,Lucia Fernandez,TUCUMAN,Teclado Mecanico,Accesorios,$ 80.0,5.0,Transferencia
7580,06/02/2025,101,JUAN PEREZ,CORDOBA,Laptop Pro,Electronica,$ 1200.5,1.0,Efectivo
7581,2025-11-19,101,JUAN PEREZ,CORDOBA,Monitor 24',Electronica,$ 350.0,4.0,Tarjeta Credito
7582,2025-05-11,105,PEDRO GOMEZ,CORDOBA,Laptop Pro,Electronica,$ 1200.5,4.0,Efectivo
7583,2025-05-12,103,Luis Garcia.,CABA,Cable HDMI,Cables,,1.0,Efectivo
7584,2025-05-30,101,JUAN PEREZ,CORDOBA,Laptop Pro,Electronica,$ 1200.5,3.0,Efectivo
7585,2025-07-17,105,PEDRO GOMEZ,CORDOBA,Teclado Mecanico,Accesorios,$ 80.0,5.0,Debito
7586,2025-07-04,103,Luis Garcia.,CABA,Mouse Optico,Accesorios,$ 25.0,5.0,Transferencia
7587,2025-08-06,103,Luis Garcia.,CABA,Teclado Mecanico,Accesorios,$ 80.0,1.0,Tarjeta Credito
7588,2025-01-21,102,  marta Sanchez  ,ROSARIO,Cable HDMI,Cables,$ 15.75,1.0,Tarjeta Credito
7589,2025-03-29,105,PEDRO GOMEZ,CORDOBA,Laptop Pro,Electronica,$ 1200.5,4.0,Efectivo
7590,03/12/2025,102,  marta Sanchez  ,ROSARIO,Silla Gamer,Muebles,$ 250.0,1.0,Efectivo
7591,2025-11-05,105,PEDRO GOMEZ,CORDOBA,Monitor 24',Electronica,,3.0,Tarjeta Credito
7592,2025-09-12,104,Ana Lopez,Mendoza,Laptop Pro,Electronica,$ 1200.5,3.0,Debito
7593,2025-12-05,104,Ana Lopez,Mendoza,Silla Gamer,Muebles,$ 250.0,1.0,Tarjeta Credito
7594,2025-03-22,106,Lucia Fernandez,TUCUMAN,Mouse Optico,Accesorios,$ 25.0,4.0,Debito
7595,2025-03-25,104,Ana Lopez,Mendoza,Laptop Pro,Electronica,$ 1200.5,1.0,Debito
7596,2025-05-30,105,PEDRO GOMEZ,CORDOBA,Monitor 24',Electronica,$ 350.0,3.0,Efectivo
7597,2025-11-07,106,Lucia Fernandez,TUCUMAN,Cable HDMI,Cables,$ 15.75,3.0,Tarjeta Credito
7598,2025-04-27,106,Lucia Fernandez,TUCUMAN,Cable HDMI,Cables,$ 15.75,1.0,Tarjeta Credito
7599,2025-11-20,102,  marta Sanchez  ,ROSARIO,Teclado Mecanico,Accesorios,$ 80.0,3.0,Debito
7600,30/12/2025,106,Lucia Fernandez,TUCUMAN,Cable HDMI,Cables,$ 15.75,3.0,Tarjeta Credito
7601,2025-06-03,106,Lucia Fernandez,TUCUMAN,Monitor 24',Electronica,$ 350.0,5.0,Efectivo
7602,2025-10-22,101,JUAN PEREZ,CORDOBA,Laptop Pro,Electronica,$ 1200.5,5.0,Efectivo
7603,2025-10-24,104,Ana Lopez,Mendoza,Mouse Optico,Accesorios,$ 25.0,5.0,Debito
7604,2025-11-26,105,PEDRO GOMEZ,CORDOBA,Laptop Pro,Electronica,$ 1200.5,4.0,Debito
7605,2025-12-11,106,Lucia Fernandez,TUCUMAN,Silla Gamer,Muebles,$ 250.0,3.0,Debito
7606,2025-09-29,102,  marta Sanchez  ,ROSARIO,Teclado Mecanico,Accesorios,,2.0,Efectivo
7607,2025-02-21,101,JUAN PEREZ,CORDOBA,Cable HDMI,Cables,$ 15.75,4.0,Transferencia
7608,2025-08-17,105,PEDRO GOMEZ,CORDOBA,Cable HDMI,Cables,$ 15.75,4.0,Debito
7609,2025-07-24,104,Ana Lopez,Mendoza,Silla Gamer,Muebles,$ 250.0,1.0,Tarjeta Credito
7610,06/07/2025,105,PEDRO GOMEZ,CORDOBA,Mouse Optico,Accesorios,$ 25.0,2.0,Efectivo
7611,2025-11-29,105,PEDRO GOMEZ,CORDOBA,Silla Gamer,Muebles,$ 250.0,4.0,Debito
7612,2025-07-01,101,JUAN PEREZ,CORDOBA,Cable HDMI,Cables,$ 15.75,3.0,Tarjeta Credito
7613,2025-07-11,101,JUAN PEREZ,CORDOBA,Silla Gamer,Muebles,$ 250.0,2.0,Debito
7614,2025-12-05,104,Ana Lopez,Mendoza,Laptop Pro,Electronica,$ 1200.5,4.0,Debito
7615,2025-05-20,104,Ana Lopez,Mendoza,Laptop Pro,Electronica,,4.0,Tarjeta Credito
7616,2025-01-10,102,  marta Sanchez  ,ROSARIO,Monitor 24',Electronica,$ 350.0,3.0,Efectivo
7617,2025-01-19,105,PEDRO GOMEZ,CORDOBA,Monitor 24',Electronica,$ 350.0,5.0,Efectivo
7618,2025-03-09,104,Ana Lopez,Mendoza,Monitor 24',Electronica,$ 350.0,2.0,Debito
7619,2025-10-09,103,Luis Garcia.,CABA,Monitor 24',Electronica,$ 350.0,3.0,Debito
7620,29/07/2025,104,Ana Lopez,Mendoza,Silla Gamer,Muebles,$ 250.0,3.0,Transferencia
7621,2025-06-20,101,JUAN PEREZ,CORDOBA,Silla Gamer,Muebles,,3.0,Transferencia
7622,2025-08-19,101,JUAN PEREZ,CORDOBA,Silla Gamer,Muebles,$ 250.0,4.0,Transferencia
7623,2025-12-28,105,PEDRO GOMEZ,CORDOBA,Silla Gamer,Muebles,$ 250.0,4.0,Efectivo
7624,2025-10-12,106,Lucia Fernandez,TUCUMAN,Cable HDMI,Cables,$ 15.75,5.0,Efectivo
7625,2025-11-27,102,  marta Sanchez  ,ROSARIO,Silla Gamer,Muebles,$ 250.0,1.0,Transferencia
7626,2025-11-09,104,Ana Lopez,Mendoza,Teclado Mecanico,Accesorios,$ 80.0,2.0,Debito
7627,2025-06-06,104,Ana Lopez,Mendoza,Silla Gamer,Muebles,$ 250.0,5.0,Efectivo
7628,2025-07-04,102,  marta Sanchez  ,ROSARIO,Silla Gamer,Muebles,,5.0,Debito
7629,2025-07-01,101,JUAN PEREZ,CORDOBA,Teclado Mecanico,Accesorios,$ 80.0,4.0,Efectivo
7630,09/09/2025,102,  marta Sanchez  ,ROSARIO,Monitor 24',Electronica,$ 350.0,5.0,Tarjeta Credito
7631,2025-07-19,105,PEDRO GOMEZ,CORDOBA,Laptop Pro,Electronica,$ 1200.5,5.0,Efectivo
7632,2025-08-30,101,JUAN PEREZ,CORDOBA,Silla Gamer,Muebles,$ 250.0,2.0,Efectivo
7633,2025-07-18,101,JUAN PEREZ,CORDOBA,Laptop Pro,Electronica,$ 1200.5,5.0,Debito
7634,2025-09-03,105,PEDRO GOMEZ,CORDOBA,Laptop Pro,Electronica,$ 1200.5,1.0,Debito
7635,2025-01-11,106,Lucia Fernandez,TUCUMAN,Laptop Pro,Electronica,$ 1200.5,3.0,Tarjeta Credito
7636,2025-09-03,102,  marta Sanchez  ,ROSARIO,Mouse Optico,Accesorios,$ 25.0,4.0,Transferencia
7637,2025-05-25,103,Luis Garcia.,CABA,Cable HDMI,Cables,$ 15.75,,Debito
7638,2025-11-24,106,Lucia Fernandez,TUCUMAN,Cable HDMI,Cables,$ 15.75,1.0,Tarjeta Credito
7639,2025-03-31,106,Lucia Fernandez,TUCUMAN,Silla Gamer,Muebles,$ 250.0,3.0,Tarjeta Credito
7640,24/02/2025,102,  marta Sanchez  ,ROSARIO,Laptop Pro,Electronica,$ 1200.5,5.0,Tarjeta Credito
7641,2025-07-02,103,Luis Garcia.,CABA,Teclado Mecanico,Accesorios,$ 80.0,1.0,Transferencia
7642,2025-04-29,101,JUAN PEREZ,CORDOBA,Mouse Optico,Accesorios,$ 25.0,1.0,Efectivo
7643,2025-08-10,105,PEDRO GOMEZ,CORDOBA,Teclado Mecanico,Accesorios,$ 80.0,3.0,Transferencia
7644,2025-05-29,102,  marta Sanchez  ,ROSARIO,Cable HDMI,Cables,$ 15.75,2.0,Debito
7645,2025-05-27,103,Luis Garcia.,CABA,Silla Gamer,Muebles,$ 250.0,3.0,Debito
7646,2025-09-03,102,  marta Sanchez  ,ROSARIO,Teclado Mecanico,Accesorios,$ 80.0,3.0,Tarjeta Credito
7647,2025-01-05,106,Lucia Fernandez,TUCUMAN,Mouse Optico,Accesorios,$ 25.0,4.0,Debito
7648,2025-02-10,102,  marta Sanchez  ,ROSARIO,Silla Gamer,Muebles,$ 250.0,1.0,Debito
7649,2025-01-24,102,  marta Sanchez  ,ROSARIO,Monitor 24',Electronica,$ 350.0,2.0,Transferencia
7650,13/11/2025,104,Ana Lopez,Mendoza,Teclado Mecanico,Accesorios,$ 80.0,3.0,Transferencia
7651,2025-03-15,106,Lucia Fernandez,TUCUMAN,Teclado Mecanico,Accesorios,$ 80.0,4.0,Debito
7652,2025-09-19,105,PEDRO GOMEZ,CORDOBA,Mouse Optico,Accesorios,$ 25.0,3.0,Tarjeta Credito
7653,2025-08-12,102,  marta Sanchez  ,ROSARIO,Cable HDMI,Cables,$ 15.75,4.0,Efectivo
7654,2025-07-16,104,Ana Lopez,Mendoza,Cable HDMI,Cables,$ 15.75,3.0,Tarjeta Credito
7655,2025-12-27,104,Ana Lopez,Mendoza,Teclado Mecanico,Accesorios,$ 80.0,5.0,Debito
7656,2025-06-10,105,PEDRO GOMEZ,CORDOBA,Teclado Mecanico,Accesorios,$ 80.0,1.0,Efectivo
7657,2025-02-08,104,Ana Lopez,Mendoza,Mouse Optico,Accesorios,$ 25.0,1.0,Efectivo
7658,2025-02-09,101,JUAN PEREZ,CORDOBA,Monitor 24',Electronica,$ 350.0,,Tarjeta Credito
7659,2025-03-10,105,PEDRO GOMEZ,CORDOBA,Laptop Pro,Electronica,$ 1200.5,2.0,Transferencia
7660,03/04/2025,104,Ana Lopez,Mendoza,Laptop Pro,Electronica,$ 1200.5,1.0,Efectivo
7661,2025-04-24,105,PEDRO GOMEZ,CORDOBA,Teclado Mecanico,Accesorios,$ 80.0,1.0,Transferencia
7662,2025-02-02,103,Luis Garcia.,CABA,Mouse Optico,Accesorios,$ 25.0,1.0,Efectivo
7663,2025-07-09,105,PEDRO GOMEZ,CORDOBA,Monitor 24',Electronica,$ 350.0,1.0,Transferencia
7664,2025-12-22,104,Ana Lopez,Mendoza,Laptop Pro,Electronica,,1.0,Debito
7665,2025-04-08,103,Luis Garcia.,CABA,Cable HDMI,Cables,$ 15.75,3.0,Debito
7666,2025-04-30,101,JUAN PEREZ,CORDOBA,Teclado Mecanico,Accesorios,,4.0,Transferencia
7667,2025-05-01,104,Ana Lopez,Mendoza,Mouse Optico,Accesorios,$ 25.0,1.0,Tarjeta Credito
7668,2025-12-05,101,JUAN PEREZ,CORDOBA,Laptop Pro,Electronica,$ 1200.5,2.0,Debito
7669,2025-10-10,102,  marta Sanchez  ,ROSARIO,Laptop Pro,Electronica,$ 1200.5,2.0,Efectivo
7670,01/08/2025,101,JUAN PEREZ,CORDOBA,Laptop Pro,Electronica,$ 1200.5,3.0,Efectivo
7671,2025-08-07,106,Lucia Fernandez,TUCUMAN,Cable HDMI,Cables,$ 15.75,3.0,Tarjeta Credito
7672,2025-06-24,103,Luis Garcia.,CABA,Mouse Optico,Accesorios,$ 25.0,3.0,Debito
7673,2025-10-13,101,JUAN PEREZ,CORDOBA,Laptop Pro,Electronica,$ 1200.5,1.0,Efectivo
7674,2025-02-12,103,Luis Garcia.,CABA,Laptop Pro,Electronica,$ 1200.5,1.0,Tarjeta Credito
7675,2025-11-09,105,PEDRO GOMEZ,CORDOBA,Monitor 24',Electronica,$ 350.0,4.0,Tarjeta Credito
7676,2025-07-27,102,  marta Sanchez  ,ROSARIO,Teclado Mecanico,Accesorios,$ 80.0,3.0,Debito
7677,2025-08-12,104,Ana Lopez,Mendoza,Cable HDMI,Cables,$ 15.75,3.0,Efectivo
7678,2025-06-12,104,Ana Lopez,Mendoza,Mouse Optico,Accesorios,$ 25.0,,Efectivo
7679,2025-06-08,102,  marta Sanchez  ,ROSARIO,Mouse Optico,Accesorios,$ 25.0,1.0,Debito
7680,06/12/2025,105,PEDRO GOMEZ,CORDOBA,Monitor 24',Electronica,$ 350.0,1.0,Debito
7681,2025-02-24,103,Luis Garcia.,CABA,Monitor 24',Electronica,$ 350.0,4.0,Tarjeta Credito
7682,2025-10-15,101,JUAN PEREZ,CORDOBA,Monitor 24',Electronica,$ 350.0,4.0,Tarjeta Credito
7683,2025-01-11,103,Luis Garcia.,CABA,Cable HDMI,Cables,$ 15.75,3.0,Efectivo
7684,2025-10-13,104,Ana Lopez,Mendoza,Laptop Pro,Electronica,$ 1200.5,5.0,Debito
7685,2025-05-15,103,Luis Garcia.,CABA,Laptop Pro,Electronica,$ 1200.5,3.0,Efectivo
7686,2025-11-16,106,Lucia Fernandez,TUCUMAN,Mouse Optico,Accesorios,$ 25.0,2.0,Debito
7687,2025-01-10,104,Ana Lopez,Mendoza,Silla Gamer,Muebles,$ 250.0,3.0,Tarjeta Credito
7688,2025-03-05,101,JUAN PEREZ,CORDOBA,Monitor 24',Electronica,$ 350.0,4.0,Transferencia
7689,2025-05-10,104,Ana Lopez,Mendoza,Cable HDMI,Cables,$ 15.75,4.0,Tarjeta Credito
7690,11/05/2025,103,Luis Garcia.,CABA,Mouse Optico,Accesorios,$ 25.0,5.0,Tarjeta Credito
7691,2025-01-03,103,Luis Garcia.,CABA,Mouse Optico,Accesorios,$ 25.0,5.0,Tarjeta Credito
7692,2025-01-06,104,Ana Lopez,Mendoza,Silla Gamer,Muebles,,3.0,Transferencia
7693,2025-10-23,104,Ana Lopez,Mendoza,Monitor 24',Electronica,$ 350.0,2.0,Debito
7694,2025-02-23,104,Ana Lopez,Mendoza,Teclado Mecanico,Accesorios,$ 80.0,1.0,Debito
7695,2025-01-20,101,JUAN PEREZ,CORDOBA,Monitor 24',Electronica,,1.0,Tarjeta Credito
7696,2025-06-28,106,Lucia Fernandez,TUCUMAN,Teclado Mecanico,Accesorios,$ 80.0,5.0,Tarjeta Credito
7697,2025-08-31,101,JUAN PEREZ,CORDOBA,Teclado Mecanico,Accesorios,$ 80.0,3.0,Efectivo
7698,2025-08-12,103,Luis Garcia.,CABA,Teclado Mecanico,Accesorios,$ 80.0,4.0,Debito
7699,2025-08-08,101,JUAN PEREZ,CORDOBA,Teclado Mecanico,Accesorios,$ 80.0,5.0,Transferencia
7700,30/04/2025,102,  marta Sanchez  ,ROSARIO,Cable HDMI,Cables,$ 15.75,3.0,Transferencia
7701,2025-10-31,101,JUAN PEREZ,CORDOBA,Silla Gamer,Muebles,$ 250.0,2.0,Debito
7702,2025-07-06,102,  marta Sanchez  ,ROSARIO,Silla Gamer,Muebles,$ 250.0,2.0,Debito
7703,2025-12-19,104,Ana Lopez,Mendoza,Monitor 24',Electronica,$ 350.0,5.0,Tarjeta Credito
7704,2025-01-24,102,  marta Sanchez  ,ROSARIO,Silla Gamer,Muebles,$ 250.0,3.0,Efectivo
7705,2025-11-18,106,Lucia Fernandez,TUCUMAN,Teclado Mecanico,Accesorios,$ 80.0,5.0,Tarjeta Credito
7706,2025-12-10,101,JUAN PEREZ,CORDOBA,Mouse Optico,Accesorios,$ 25.0,4.0,Transferencia
7707,2025-04-21,101,JUAN PEREZ,CORDOBA,Cable HDMI,Cables,$ 15.75,5.0,Tarjeta Credito
7708,2025-09-09,102,  marta Sanchez  ,ROSARIO,Monitor 24',Electronica,$ 350.0,1.0,Debito
7709,2025-01-25,106,Lucia Fernandez,TUCUMAN,Mouse Optico,Accesorios,$ 25.0,2.0,Debito
7710,10/07/2025,101,JUAN PEREZ,CORDOBA,Mouse Optico,Accesorios,$ 25.0,5.0,Tarjeta Credito
7711,2025-07-20,103,Luis Garcia.,CABA,Laptop Pro,Electronica,$ 1200.5,1.0,Debito
7712,2025-03-19,106,Lucia Fernandez,TUCUMAN,Teclado Mecanico,Accesorios,$ 80.0,3.0,Debito
7713,2025-07-17,106,Lucia Fernandez,TUCUMAN,Mouse Optico,Accesorios,$ 25.0,3.0,Transferencia
7714,2025-09-07,104,Ana Lopez,Mendoza,Cable HDMI,Cables,$ 15.75,1.0,Transferencia
7715,2025-05-22,102,  marta Sanchez  ,ROSARIO,Monitor 24',Electronica,$ 350.0,1.0,Debito
7716,2025-01-10,105,PEDRO GOMEZ,CORDOBA,Monitor 24',Electronica,$ 350.0,4.0,Transferencia
7717,2025-09-12,106,Lucia Fernandez,TUCUMAN,Cable HDMI,Cables,$ 15.75,5.0,Transferencia
7718,2025-03-02,106,Lucia Fernandez,TUCUMAN,Monitor 24',Electronica,$ 350.0,1.0,Debito
7719,2025-10-04,104,Ana Lopez,Mendoza,Monitor 24',Electronica,$ 350.0,2.0,Transferencia
7720,22/05/2025,101,JUAN PEREZ,CORDOBA,Laptop Pro,Electronica,$ 1200.5,3.0,Debito
7721,2025-10-01,101,JUAN PEREZ,CORDOBA,Silla Gamer,Muebles,$ 250.0,4.0,Tarjeta Credito
7722,2025-10-17,104,Ana Lopez,Mendoza,Monitor 24',Electronica,$ 350.0,4.0,Efectivo
7723,2025-05-26,105,PEDRO GOMEZ,CORDOBA,Laptop Pro,Electronica,$ 1200.5,1.0,Efectivo
7724,2025-05-05,106,Lucia Fernandez,TUCUMAN,Cable HDMI,Cables,$ 15.75,2.0,Debito
7725,2025-10-23,106,Lucia Fernandez,TUCUMAN,Cable HDMI,Cables,,4.0,Efectivo
7726,2025-04-07,103,Luis Garcia.,CABA,Laptop Pro,Electronica,,1.0,Efectivo
7727,2025-03-02,106,Lucia Fernandez,TUCUMAN,Laptop Pro,Electronica,$ 1200.5,3.0,Debito
7728,2025-09-04,103,Luis Garcia.,CABA,Monitor 24',Electronica,$ 350.0,1.0,Efectivo
7729,2025-06-07,102,  marta Sanchez  ,ROSARIO,Teclado Mecanico,Accesorios,,2.0,Efectivo
7730,25/03/2025,101,JUAN PEREZ,CORDOBA,Teclado Mecanico,Accesorios,$ 80.0,1.0,Efectivo
7731,2025-10-02,106,Lucia Fernandez,TUCUMAN,Mouse Optico,Accesorios,$ 25.0,3.0,Tarjeta Credito
7732,2025-06-18,101,JUAN PEREZ,CORDOBA,Mouse Optico,Accesorios,$ 25.0,1.0,Debito
7733,2025-08-31,105,PEDRO GOMEZ,CORDOBA,Cable HDMI,Cables,$ 15.75,3.0,Tarjeta Credito
7734,2025-03-04,106,Lucia Fernandez,TUCUMAN,Monitor 24',Electronica,$ 350.0,1.0,Efectivo
7735,2025-01-13,101,JUAN PEREZ,CORDOBA,Cable HDMI,Cables,$ 15.75,3.0,Tarjeta Credito
7736,2026-01-01,102,  marta Sanchez  ,ROSARIO,Laptop Pro,Electronica,$ 1200.5,,Efectivo
7737,2025-05-21,106,Lucia Fernandez,TUCUMAN,Laptop Pro,Electronica,$ 1200.5,3.0,Debito
7738,2025-04-19,105,PEDRO GOMEZ,CORDOBA,Cable HDMI,Cables,$ 15.75,4.0,Debito
7739,2025-03-16,106,Lucia Fernandez,TUCUMAN,Cable HDMI,Cables,$ 15.75,5.0,Efectivo
7740,19/09/2025,104,Ana Lopez,Mendoza,Mouse Optico,Accesorios,$ 25.0,1.0,Transferencia
7741,2025-04-02,106,Lucia Fernandez,TUCUMAN,Monitor 24',Electronica,$ 350.0,4.0,Tarjeta Credito
7742,2025-04-12,103,Luis Garcia.,CABA,Teclado Mecanico,Accesorios,$ 80.0,1.0,Transferencia
7743,2025-04-15,103,Luis Garcia.,CABA,Laptop Pro,Electronica,$ 1200.5,3.0,Tarjeta Credito
7744,2025-06-10,102,  marta Sanchez  ,ROSARIO,Silla Gamer,Muebles,$ 250.0,5.0,Transferencia
7745,2025-10-24,104,Ana Lopez,Mendoza,Teclado Mecanico,Accesorios,$ 80.0,3.0,Transferencia
7746,2025-12-14,104,Ana Lopez,Mendoza,Monitor 24',Electronica,$ 350.0,3.0,Efectivo
7747,2025-05-24,106,Lucia Fernandez,TUCUMAN,Cable HDMI,Cables,$ 15.75,1.0,Efectivo
7748,2025-10-26,101,JUAN PEREZ,CORDOBA,Cable HDMI,Cables,$ 15.75,3.0,Debito
7749,2025-12-01,106,Lucia Fernandez,TUCUMAN,Mouse Optico,Accesorios,$ 25.0,4.0,Debito
7750,03/05/2025,104,Ana Lopez,Mendoza,Mouse Optico,Accesorios,$ 25.0,2.0,Transferencia
7751,2025-03-21,101,JUAN PEREZ,CORDOBA,Monitor 24',Electronica,$ 350.0,2.0,Transferencia
7752,2025-10-19,101,JUAN PEREZ,CORDOBA,Silla Gamer,Muebles,$ 250.0,3.0,Tarjeta Credito
7753,2026-01-01,105,PEDRO GOMEZ,CORDOBA,Silla Gamer,Muebles,$ 250.0,3.0,Tarjeta Credito
7754,2025-05-06,101,JUAN PEREZ,CORDOBA,Monitor 24',Electronica,$ 350.0,4.0,Debito
7755,2025-06-05,104,Ana Lopez,Mendoza,Cable HDMI,Cables,$ 15.75,2.0,Debito
7756,2025-03-24,101,JUAN PEREZ,CORDOBA,Silla Gamer,Muebles,$ 250.0,5.0,Debito
7757,2025-07-31,104,Ana Lopez,Mendoza,Mouse Optico,Accesorios,$ 25.0,4.0,Transferencia
7758,2025-10-12,105,PEDRO GOMEZ,CORDOBA,Laptop Pro,Electronica,$ 1200.5,2.0,Transferencia
7759,2025-10-16,102,  marta Sanchez  ,ROSARIO,Laptop Pro,Electronica,$ 1200.5,5.0,Transferencia
7760,13/09/2025,103,Luis Garcia.,CABA,Teclado Mecanico,Accesorios,$ 80.0,3.0,Tarjeta Credito
7761,2025-07-22,105,PEDRO GOMEZ,CORDOBA,Silla Gamer,Muebles,$ 250.0,,Debito
7762,2025-08-24,102,  marta Sanchez  ,ROSARIO,Teclado Mecanico,Accesorios,$ 80.0,2.0,Tarjeta Credito
7763,2025-10-21,104,Ana Lopez,Mendoza,Cable HDMI,Cables,$ 15.75,,Debito
7764,2025-09-26,105,PEDRO GOMEZ,CORDOBA,Silla Gamer,Muebles,$ 250.0,4.0,Tarjeta Credito
7765,2025-03-25,103,Luis Garcia.,CABA,Silla Gamer,Muebles,$ 250.0,3.0,Debito
7766,2025-01-12,103,Luis Garcia.,CABA,Cable HDMI,Cables,$ 15.75,4.0,Transferencia
7767,2025-05-27,102,  marta Sanchez  ,ROSARIO,Silla Gamer,Muebles,$ 250.0,4.0,Debito
7768,2025-03-05,101,JUAN PEREZ,CORDOBA,Mouse Optico,Accesorios,,2.0,Efectivo
7769,2025-01-03,105,PEDRO GOMEZ,CORDOBA,Silla Gamer,Muebles,$ 250.0,3.0,Efectivo
7770,22/08/2025,103,Luis Garcia.,CABA,Cable HDMI,Cables,$ 15.75,3.0,Transferencia
7771,2025-08-02,102,  marta Sanchez  ,ROSARIO,Monitor 24',Electronica,$ 350.0,4.0,Debito
7772,2025-03-11,106,Lucia Fernandez,TUCUMAN,Silla Gamer,Muebles,$ 250.0,2.0,Tarjeta Credito
7773,2025-12-19,106,Lucia Fernandez,TUCUMAN,Cable HDMI,Cables,,4.0,Efectivo
7774,2025-11-24,101,JUAN PEREZ,CORDOBA,Monitor 24',Electronica,$ 350.0,3.0,Transferencia
7775,2025-09-29,106,Lucia Fernandez,TUCUMAN,Laptop Pro,Electronica,$ 1200.5,2.0,Debito
7776,2025-11-25,105,PEDRO GOMEZ,CORDOBA,Mouse Optico,Accesorios,$ 25.0,2.0,Debito
7777,2025-08-03,101,JUAN PEREZ,CORDOBA,Mouse Optico,Accesorios,$ 25.0,5.0,Debito
7778,2025-02-11,101,JUAN PEREZ,CORDOBA,Monitor 24',Electronica,$ 350.0,4.0,Tarjeta Credito
7779,2025-08-14,102,  marta Sanchez  ,ROSARIO,Silla Gamer,Muebles,$ 250.0,2.0,Tarjeta Credito
7780,23/06/2025,104,Ana Lopez,Mendoza,Silla Gamer,Muebles,$ 250.0,4.0,Efectivo
7781,2025-05-07,106,Lucia Fernandez,TUCUMAN,Monitor 24',Electronica,$ 350.0,5.0,Transferencia
7782,2025-01-20,104,Ana Lopez,Mendoza,Mouse Optico,Accesorios,$ 25.0,4.0,Debito
7783,2025-01-17,104,Ana Lopez,Mendoza,Mouse Optico,Accesorios,$ 25.0,4.0,Efectivo
7784,2025-05-10,106,Lucia Fernandez,TUCUMAN,Teclado Mecanico,Accesorios,$ 80.0,3.0,Debito
7785,2025-07-28,104,Ana Lopez,Mendoza,Monitor 24',Electronica,$ 350.0,5.0,Debito
7786,2025-06-12,105,PEDRO GOMEZ,CORDOBA,Silla Gamer,Muebles,$ 250.0,2.0,Efectivo
7787,2025-06-03,103,Luis Garcia.,CABA,Silla Gamer,Muebles,$ 250.0,4.0,Debito
7788,2025-11-09,104,Ana Lopez,Mendoza,Mouse Optico,Accesorios,$ 25.0,4.0,Transferencia
7789,2025-08-04,102,  marta Sanchez  ,ROSARIO,Silla Gamer,Muebles,$ 250.0,4.0,Tarjeta Credito
7790,14/05/2025,101,JUAN PEREZ,CORDOBA,Monitor 24',Electronica,$ 350.0,4.0,Transferencia
7791,2025-12-10,105,PEDRO GOMEZ,CORDOBA,Teclado Mecanico,Accesorios,$ 80.0,2.0,Transferencia
7792,2025-12-08,102,  marta Sanchez  ,ROSARIO,Cable HDMI,Cables,$ 15.75,2.0,Transferencia
7793,2025-05-10,103,Luis Garcia.,CABA,Silla Gamer,Muebles,$ 250.0,4.0,Transferencia
7794,2025-08-09,105,PEDRO GOMEZ,CORDOBA,Teclado Mecanico,Accesorios,$ 80.0,3.0,Debito
7795,2025-05-18,103,Luis Garcia.,CABA,Teclado Mecanico,Accesorios,$ 80.0,3.0,Transferencia
7796,2025-02-10,104,Ana Lopez,Mendoza,Silla Gamer,Muebles,$ 250.0,5.0,Transferencia
7797,2025-09-04,104,Ana Lopez,Mendoza,Mouse Optico,Accesorios,$ 25.0,4.0,Tarjeta Credito
7798,2025-02-09,101,JUAN PEREZ,CORDOBA,Silla Gamer,Muebles,$ 250.0,3.0,Debito
7799,2025-10-27,106,Lucia Fernandez,TUCUMAN,Laptop Pro,Electronica,$ 1200.5,5.0,Tarjeta Credito
7800,04/01/2025,105,PEDRO GOMEZ,CORDOBA,Laptop Pro,Electronica,,4.0,Efectivo
7801,2025-06-15,106,Lucia Fernandez,TUCUMAN,Cable HDMI,Cables,$ 15.75,2.0,Tarjeta Credito
7802,2025-08-31,101,JUAN PEREZ,CORDOBA,Laptop Pro,Electronica,$ 1200.5,4.0,Transferencia
7803,2025-09-09,106,Lucia Fernandez,TUCUMAN,Silla Gamer,Muebles,$ 250.0,2.0,Tarjeta Credito
7804,2025-04-03,106,Lucia Fernandez,TUCUMAN,Monitor 24',Electronica,$ 350.0,5.0,Debito
7805,2025-01-29,106,Lucia Fernandez,TUCUMAN,Mouse Optico,Accesorios,$ 25.0,2.0,Tarjeta Credito
7806,2025-07-11,104,Ana Lopez,Mendoza,Teclado Mecanico,Accesorios,$ 80.0,5.0,Tarjeta Credito
7807,2025-08-18,101,JUAN PEREZ,CORDOBA,Silla Gamer,Muebles,$ 250.0,4.0,Tarjeta Credito
7808,2025-02-17,101,JUAN PEREZ,CORDOBA,Teclado Mecanico,Accesorios,$ 80.0,1.0,Transferencia
7809,2025-01-12,103,Luis Garcia.,CABA,Laptop Pro,Electronica,$ 1200.5,4.0,Debito
7810,08/06/2025,103,Luis Garcia.,CABA,Mouse Optico,Accesorios,$ 25.0,4.0,Efectivo
7811,2025-12-11,102,  marta Sanchez  ,ROSARIO,Teclado Mecanico,Accesorios,$ 80.0,3.0,Transferencia
7812,2025-09-09,103,Luis Garcia.,CABA,Teclado Mecanico,Accesorios,$ 80.0,1.0,Debito
7813,2025-09-18,101,JUAN PEREZ,CORDOBA,Mouse Optico,Accesorios,$ 25.0,3.0,Transferencia
7814,2025-10-03,106,Lucia Fernandez,TUCUMAN,Cable HDMI,Cables,$ 15.75,5.0,Debito
7815,2025-04-06,103,Luis Garcia.,CABA,Cable HDMI,Cables,$ 15.75,3.0,Efectivo
7816,2025-03-26,102,  marta Sanchez  ,ROSARIO,Cable HDMI,Cables,$ 15.75,1.0,Debito
7817,2025-04-29,103,Luis Garcia.,CABA,Silla Gamer,Muebles,,2.0,Debito
7818,2025-05-23,104,Ana Lopez,Mendoza,Silla Gamer,Muebles,$ 250.0,2.0,Transferencia
7819,2025-10-31,106,Lucia Fernandez,TUCUMAN,Mouse Optico,Accesorios,$ 25.0,4.0,Debito
7820,26/11/2025,104,Ana Lopez,Mendoza,Silla Gamer,Muebles,$ 250.0,1.0,Efectivo
7821,2025-03-08,104,Ana Lopez,Mendoza,Teclado Mecanico,Accesorios,$ 80.0,4.0,Efectivo
7822,2025-03-18,105,PEDRO GOMEZ,CORDOBA,Teclado Mecanico,Accesorios,$ 80.0,5.0,Transferencia
7823,2025-02-22,106,Lucia Fernandez,TUCUMAN,Monitor 24',Electronica,$ 350.0,,Debito
7824,2025-02-08,106,Lucia Fernandez,TUCUMAN,Silla Gamer,Muebles,,4.0,Efectivo
7825,2025-11-11,103,Luis Garcia.,CABA,Mouse Optico,Accesorios,$ 25.0,2.0,Tarjeta Credito
7826,2025-05-13,104,Ana Lopez,Mendoza,Silla Gamer,Muebles,$ 250.0,2.0,Debito
7827,2025-06-28,103,Luis Garcia.,CABA,Cable HDMI,Cables,$ 15.75,1.0,Transferencia
7828,2025-10-31,103,Luis Garcia.,CABA,Cable HDMI,Cables,$ 15.75,3.0,Debito
7829,2025-10-18,105,PEDRO GOMEZ,CORDOBA,Cable HDMI,Cables,$ 15.75,5.0,Efectivo
7830,14/12/2025,102,  marta Sanchez  ,ROSARIO,Monitor 24',Electronica,$ 350.0,3.0,Tarjeta Credito
7831,2025-04-25,106,Lucia Fernandez,TUCUMAN,Mouse Optico,Accesorios,$ 25.0,3.0,Tarjeta Credito
7832,2025-12-21,106,Lucia Fernandez,TUCUMAN,Teclado Mecanico,Accesorios,,4.0,Transferencia
7833,2025-05-03,101,JUAN PEREZ,CORDOBA,Silla Gamer,Muebles,$ 250.0,3.0,Transferencia
7834,2025-10-04,103,Luis Garcia.,CABA,Teclado Mecanico,Accesorios,$ 80.0,3.0,Efectivo
7835,2025-08-30,105,PEDRO GOMEZ,CORDOBA,Laptop Pro,Electronica,$ 1200.5,1.0,Transferencia
7836,2025-02-07,105,PEDRO GOMEZ,CORDOBA,Mouse Optico,Accesorios,$ 25.0,2.0,Debito
7837,2025-03-19,103,Luis Garcia.,CABA,Silla Gamer,Muebles,$ 250.0,1.0,Efectivo
7838,2025-09-11,103,Luis Garcia.,CABA,Monitor 24',Electronica,$ 350.0,2.0,Debito
7839,2025-01-27,106,Lucia Fernandez,TUCUMAN,Teclado Mecanico,Accesorios,$ 80.0,1.0,Debito
7840,09/07/2025,101,JUAN PEREZ,CORDOBA,Cable HDMI,Cables,$ 15.75,4.0,Transferencia
7841,2025-04-22,104,Ana Lopez,Mendoza,Silla Gamer,Muebles,$ 250.0,3.0,Transferencia
7842,2025-06-21,102,  marta Sanchez  ,ROSARIO,Teclado Mecanico,Accesorios,$ 80.0,,Debito
7843,2025-01-27,105,PEDRO GOMEZ,CORDOBA,Cable HDMI,Cables,$ 15.75,4.0,Transferencia
7844,2025-09-22,104,Ana Lopez,Mendoza,Cable HDMI,Cables,$ 15.75,2.0,Transferencia
7845,2025-11-15,105,PEDRO GOMEZ,CORDOBA,Cable HDMI,Cables,$ 15.75,4.0,Tarjeta Credito
7846,2025-07-05,105,PEDRO GOMEZ,CORDOBA,Monitor 24',Electronica,$ 350.0,5.0,Transferencia
7847,2025-08-20,105,PEDRO GOMEZ,CORDOBA,Monitor 24',Electronica,$ 350.0,2.0,Transferencia
7848,2025-11-06,104,Ana Lopez,Mendoza,Mouse Optico,Accesorios,,3.0,Tarjeta Credito
7849,2025-10-23,103,Luis Garcia.,CABA,Cable HDMI,Cables,$ 15.75,3.0,Debito
7850,10/09/2025,105,PEDRO GOMEZ,CORDOBA,Silla Gamer,Muebles,$ 250.0,3.0,Transferencia
7851,2025-02-06,102,  marta Sanchez  ,ROSARIO,Mouse Optico,Accesorios,$ 25.0,2.0,Tarjeta Credito
7852,2025-11-25,106,Lucia Fernandez,TUCUMAN,Mouse Optico,Accesorios,$ 25.0,4.0,Tarjeta Credito
7853,2025-02-18,105,PEDRO GOMEZ,CORDOBA,Teclado Mecanico,Accesorios,$ 80.0,1.0,Transferencia
7854,2025-01-11,101,JUAN PEREZ,CORDOBA,Laptop Pro,Electronica,$ 1200.5,5.0,Debito
7855,2025-11-09,103,Luis Garcia.,CABA,Silla Gamer,Muebles,$ 250.0,5.0,Debito
7856,2025-06-29,101,JUAN PEREZ,CORDOBA,Laptop Pro,Electronica,$ 1200.5,3.0,Transferencia
7857,2025-01-28,105,PEDRO GOMEZ,CORDOBA,Silla Gamer,Muebles,$ 250.0,2.0,Tarjeta Credito
7858,2025-01-02,105,PEDRO GOMEZ,CORDOBA,Silla Gamer,Muebles,$ 250.0,4.0,Debito
7859,2025-03-29,105,PEDRO GOMEZ,CORDOBA,Mouse Optico,Accesorios,$ 25.0,5.0,Transferencia
7860,27/05/2025,106,Lucia Fernandez,TUCUMAN,Teclado Mecanico,Accesorios,$ 80.0,2.0,Transferencia
7861,2025-12-13,104,Ana Lopez,Mendoza,Cable HDMI,Cables,$ 15.75,1.0,Tarjeta Credito
7862,2025-03-25,106,Lucia Fernandez,TUCUMAN,Monitor 24',Electronica,$ 350.0,2.0,Debito
7863,2025-01-14,102,  marta Sanchez  ,ROSARIO,Silla Gamer,Muebles,$ 250.0,2.0,Tarjeta Credito
7864,2025-06-03,103,Luis Garcia.,CABA,Silla Gamer,Muebles,$ 250.0,1.0,Debito
7865,2025-06-11,106,Lucia Fernandez,TUCUMAN,Monitor 24',Electronica,$ 350.0,4.0,Transferencia
7866,2025-12-09,106,Lucia Fernandez,TUCUMAN,Monitor 24',Electronica,$ 350.0,5.0,Transferencia
7867,2025-12-07,104,Ana Lopez,Mendoza,Teclado Mecanico,Accesorios,$ 80.0,2.0,Debito
7868,2025-01-03,105,PEDRO GOMEZ,CORDOBA,Monitor 24',Electronica,$ 350.0,1.0,Transferencia
7869,2025-11-27,103,Luis Garcia.,CABA,Laptop Pro,Electronica,$ 1200.5,2.0,Tarjeta Credito
7870,11/08/2025,106,Lucia Fernandez,TUCUMAN,Cable HDMI,Cables,$ 15.75,4.0,Efectivo
7871,2025-05-21,105,PEDRO GOMEZ,CORDOBA,Laptop Pro,Electronica,$ 1200.5,4.0,Debito
7872,2025-07-28,101,JUAN PEREZ,CORDOBA,Cable HDMI,Cables,$ 15.75,4.0,Tarjeta Credito
7873,2025-06-20,101,JUAN PEREZ,CORDOBA,Silla Gamer,Muebles,$ 250.0,3.0,Tarjeta Credito
7874,2025-04-05,101,JUAN PEREZ,CORDOBA,Laptop Pro,Electronica,$ 1200.5,4.0,Debito
7875,2025-08-25,106,Lucia Fernandez,TUCUMAN,Monitor 24',Electronica,$ 350.0,4.0,Efectivo
7876,2025-04-09,106,Lucia Fernandez,TUCUMAN,Teclado Mecanico,Accesorios,$ 80.0,4.0,Debito
7877,2025-01-31,103,Luis Garcia.,CABA,Laptop Pro,Electronica,$ 1200.5,3.0,Tarjeta Credito
7878,2025-05-04,106,Lucia Fernandez,TUCUMAN,Mouse Optico,Accesorios,$ 25.0,3.0,Debito
7879,2025-03-02,106,Lucia Fernandez,TUCUMAN,Mouse Optico,Accesorios,$ 25.0,1.0,Debito
7880,21/06/2025,101,JUAN PEREZ,CORDOBA,Teclado Mecanico,Accesorios,$ 80.0,4.0,Transferencia
7881,2025-04-15,101,JUAN PEREZ,CORDOBA,Monitor 24',Electronica,$ 350.0,2.0,Tarjeta Credito
7882,2025-09-28,104,Ana Lopez,Mendoza,Silla Gamer,Muebles,$ 250.0,4.0,Transferencia
7883,2025-02-01,105,PEDRO GOMEZ,CORDOBA,Mouse Optico,Accesorios,$ 25.0,4.0,Tarjeta Credito
7884,2025-09-03,103,Luis Garcia.,CABA,Laptop Pro,Electronica,$ 1200.5,4.0,Debito
7885,2025-11-06,101,JUAN PEREZ,CORDOBA,Teclado Mecanico,Accesorios,$ 80.0,4.0,Tarjeta Credito
7886,2025-01-31,103,Luis Garcia.,CABA,Cable HDMI,Cables,$ 15.75,5.0,Debito
7887,2025-08-09,104,Ana Lopez,Mendoza,Cable HDMI,Cables,$ 15.75,5.0,Efectivo
7888,2025-01-17,104,Ana Lopez,Mendoza,Teclado Mecanico,Accesorios,$ 80.0,1.0,Debito
7889,2025-08-04,103,Luis Garcia.,CABA,Cable HDMI,Cables,$ 15.75,2.0,Transferencia
7890,09/12/2025,101,JUAN PEREZ,CORDOBA,Cable HDMI,Cables,$ 15.75,3.0,Debito
7891,2025-10-04,104,Ana Lopez,Mendoza,Cable HDMI,Cables,$ 15.75,3.0,Transferencia
7892,2025-11-15,104,Ana Lopez,Mendoza,Monitor 24',Electronica,$ 350.0,4.0,Debito
7893,2025-05-10,102,  marta Sanchez  ,ROSARIO,Teclado Mecanico,Accesorios,$ 80.0,2.0,Tarjeta Credito
7894,2026-01-01,101,JUAN PEREZ,CORDOBA,Cable HDMI,Cables,$ 15.75,3.0,Debito
7895,2025-07-01,103,Luis Garcia.,CABA,Cable HDMI,Cables,,2.0,Transferencia
7896,2025-03-19,104,Ana Lopez,Mendoza,Teclado Mecanico,Accesorios,$ 80.0,3.0,Debito
7897,2025-09-25,104,Ana Lopez,Mendoza,Silla Gamer,Muebles,$ 250.0,5.0,Transferencia
7898,2025-05-31,105,PEDRO GOMEZ,CORDOBA,Mouse Optico,Accesorios,$ 25.0,5.0,Tarjeta Credito
7899,2025-08-19,106,Lucia Fernandez,TUCUMAN,Mouse Optico,Accesorios,$ 25.0,1.0,Efectivo
7900,27/03/2025,106,Lucia Fernandez,TUCUMAN,Silla Gamer,Muebles,$ 250.0,1.0,Efectivo
7901,2025-11-24,105,PEDRO GOMEZ,CORDOBA,Teclado Mecanico,Accesorios,$ 80.0,1.0,Transferencia
7902,2025-11-09,101,JUAN PEREZ,CORDOBA,Silla Gamer,Muebles,$ 250.0,1.0,Transferencia
7903,2025-01-12,104,Ana Lopez,Mendoza,Cable HDMI,Cables,,5.0,Tarjeta Credito
7904,2025-06-06,103,Luis Garcia.,CABA,Teclado Mecanico,Accesorios,$ 80.0,3.0,Tarjeta Credito
7905,2025-11-06,103,Luis Garcia.,CABA,Laptop Pro,Electronica,$ 1200.5,2.0,Debito
7906,2025-02-17,105,PEDRO GOMEZ,CORDOBA,Cable HDMI,Cables,$ 15.75,1.0,Transferencia
7907,2025-11-02,104,Ana Lopez,Mendoza,Cable HDMI,Cables,$ 15.75,4.0,Tarjeta Credito
7908,2025-09-25,106,Lucia Fernandez,TUCUMAN,Teclado Mecanico,Accesorios,$ 80.0,3.0,Efectivo
7909,2025-11-24,101,JUAN PEREZ,CORDOBA,Teclado Mecanico,Accesorios,$ 80.0,1.0,Tarjeta Credito
7910,17/12/2025,104,Ana Lopez,Mendoza,Teclado Mecanico,Accesorios,$ 80.0,2.0,Tarjeta Credito
7911,2025-01-26,104,Ana Lopez,Mendoza,Teclado Mecanico,Accesorios,$ 80.0,5.0,Efectivo
7912,2025-05-24,105,PEDRO GOMEZ,CORDOBA,Mouse Optico,Accesorios,$ 25.0,,Debito
7913,2025-12-17,104,Ana Lopez,Mendoza,Silla Gamer,Muebles,$ 250.0,4.0,Transferencia
7914,2025-01-18,103,Luis Garcia.,CABA,Laptop Pro,Electronica,$ 1200.5,3.0,Tarjeta Credito
7915,2025-07-31,106,Lucia Fernandez,TUCUMAN,Cable HDMI,Cables,$ 15.75,5.0,Debito
7916,2025-12-18,102,  marta Sanchez  ,ROSARIO,Mouse Optico,Accesorios,$ 25.0,4.0,Debito
7917,2025-02-21,103,Luis Garcia.,CABA,Silla Gamer,Muebles,$ 250.0,3.0,Transferencia
7918,2025-02-08,102,  marta Sanchez  ,ROSARIO,Monitor 24',Electronica,$ 350.0,1.0,Transferencia
7919,2025-04-19,104,Ana Lopez,Mendoza,Mouse Optico,Accesorios,$ 25.0,2.0,Transferencia
7920,24/12/2025,104,Ana Lopez,Mendoza,Teclado Mecanico,Accesorios,$ 80.0,3.0,Efectivo
7921,2025-08-05,106,Lucia Fernandez,TUCUMAN,Mouse Optico,Accesorios,$ 25.0,3.0,Efectivo
7922,2025-12-22,103,Luis Garcia.,CABA,Mouse Optico,Accesorios,$ 25.0,2.0,Tarjeta Credito
7923,2025-11-21,102,  marta Sanchez  ,ROSARIO,Cable HDMI,Cables,,3.0,Debito
7924,2025-05-22,104,Ana Lopez,Mendoza,Cable HDMI,Cables,$ 15.75,3.0,Tarjeta Credito
7925,2025-10-07,102,  marta Sanchez  ,ROSARIO,Cable HDMI,Cables,$ 15.75,3.0,Transferencia
7926,2025-08-29,102,  marta Sanchez  ,ROSARIO,Mouse Optico,Accesorios,$ 25.0,2.0,Debito
7927,2025-08-25,102,  marta Sanchez  ,ROSARIO,Laptop Pro,Electronica,$ 1200.5,3.0,Transferencia
7928,2025-04-23,106,Lucia Fernandez,TUCUMAN,Silla Gamer,Muebles,$ 250.0,2.0,Tarjeta Credito
7929,2025-10-19,106,Lucia Fernandez,TUCUMAN,Mouse Optico,Accesorios,$ 25.0,5.0,Debito
7930,26/03/2025,103,Luis Garcia.,CABA,Teclado Mecanico,Accesorios,$ 80.0,2.0,Efectivo
7931,2025-08-04,101,JUAN PEREZ,CORDOBA,Laptop Pro,Electronica,$ 1200.5,3.0,Efectivo
7932,2025-01-23,106,Lucia Fernandez,TUCUMAN,Cable HDMI,Cables,$ 15.75,5.0,Transferencia
7933,2025-01-22,105,PEDRO GOMEZ,CORDOBA,Monitor 24',Electronica,$ 350.0,2.0,Debito
7934,2025-06-27,102,  marta Sanchez  ,ROSARIO,Monitor 24',Electronica,$ 350.0,5.0,Transferencia
7935,2025-08-20,106,Lucia Fernandez,TUCUMAN,Silla Gamer,Muebles,,2.0,Efectivo
7936,2025-04-22,105,PEDRO GOMEZ,CORDOBA,Teclado Mecanico,Accesorios,$ 80.0,3.0,Efectivo
7937,2025-12-13,105,PEDRO GOMEZ,CORDOBA,Mouse Optico,Accesorios,$ 25.0,2.0,Tarjeta Credito
7938,2025-07-11,104,Ana Lopez,Mendoza,Teclado Mecanico,Accesorios,$ 80.0,3.0,Transferencia
7939,2025-08-19,102,  marta Sanchez  ,ROSARIO,Silla Gamer,Muebles,$ 250.0,2.0,Efectivo
7940,16/08/2025,101,JUAN PEREZ,CORDOBA,Monitor 24',Electronica,$ 350.0,4.0,Debito
7941,2025-09-07,102,  marta Sanchez  ,ROSARIO,Silla Gamer,Muebles,$ 250.0,5.0,Debito
7942,2025-01-16,101,JUAN PEREZ,CORDOBA,Cable HDMI,Cables,$ 15.75,3.0,Transferencia
7943,2025-10-04,105,PEDRO GOMEZ,CORDOBA,Mouse Optico,Accesorios,$ 25.0,1.0,Transferencia
7944,2025-12-02,106,Lucia Fernandez,TUCUMAN,Mouse Optico,Accesorios,$ 25.0,5.0,Debito
7945,2025-12-19,103,Luis Garcia.,CABA,Teclado Mecanico,Accesorios,$ 80.0,4.0,Debito
7946,2025-06-20,103,Luis Garcia.,CABA,Monitor 24',Electronica,$ 350.0,4.0,Transferencia
7947,2025-01-07,102,  marta Sanchez  ,ROSARIO,Mouse Optico,Accesorios,$ 25.0,2.0,Efectivo
7948,2025-12-13,104,Ana Lopez,Mendoza,Monitor 24',Electronica,$ 350.0,5.0,Debito
7949,2025-09-23,101,JUAN PEREZ,CORDOBA,Mouse Optico,Accesorios,$ 25.0,4.0,Tarjeta Credito
7950,19/10/2025,106,Lucia Fernandez,TUCUMAN,Teclado Mecanico,Accesorios,$ 80.0,5.0,Efectivo
7951,2025-01-19,103,Luis Garcia.,CABA,Laptop Pro,Electronica,$ 1200.5,5.0,Transferencia
7952,2025-03-19,105,PEDRO GOMEZ,CORDOBA,Silla Gamer,Muebles,$ 250.0,2.0,Debito
7953,2025-12-22,101,JUAN PEREZ,CORDOBA,Monitor 24',Electronica,$ 350.0,4.0,Tarjeta Credito
7954,2025-08-04,101,JUAN PEREZ,CORDOBA,Mouse Optico,Accesorios,$ 25.0,3.0,Debito
7955,2025-11-30,105,PEDRO GOMEZ,CORDOBA,Monitor 24',Electronica,$ 350.0,2.0,Efectivo
7956,2025-12-18,106,Lucia Fernandez,TUCUMAN,Laptop Pro,Electronica,$ 1200.5,1.0,Transferencia
7957,2025-03-28,102,  marta Sanchez  ,ROSARIO,Monitor 24',Electronica,$ 350.0,5.0,Tarjeta Credito
7958,2025-09-21,106,Lucia Fernandez,TUCUMAN,Cable HDMI,Cables,$ 15.75,4.0,Tarjeta Credito
7959,2025-02-16,105,PEDRO GOMEZ,CORDOBA,Laptop Pro,Electronica,$ 1200.5,,Tarjeta Credito
7960,31/03/2025,103,Luis Garcia.,CABA,Cable HDMI,Cables,$ 15.75,4.0,Tarjeta Credito
7961,2025-09-19,102,  marta Sanchez  ,ROSARIO,Teclado Mecanico,Accesorios,,5.0,Efectivo
7962,2025-04-18,103,Luis Garcia.,CABA,Monitor 24',Electronica,$ 350.0,1.0,Transferencia
7963,2026-01-01,102,  marta Sanchez  ,ROSARIO,Teclado Mecanico,Accesorios,$ 80.0,4.0,Transferencia
7964,2025-02-07,105,PEDRO GOMEZ,CORDOBA,Mouse Optico,Accesorios,$ 25.0,5.0,Tarjeta Credito
7965,2025-09-20,103,Luis Garcia.,CABA,Mouse Optico,Accesorios,$ 25.0,1.0,Debito
7966,2025-06-18,105,PEDRO GOMEZ,CORDOBA,Teclado Mecanico,Accesorios,$ 80.0,3.0,Transferencia
7967,2025-03-04,101,JUAN PEREZ,CORDOBA,Cable HDMI,Cables,$ 15.75,1.0,Debito
7968,2025-03-27,103,Luis Garcia.,CABA,Teclado Mecanico,Accesorios,$ 80.0,2.0,Tarjeta Credito
7969,2025-07-17,101,JUAN PEREZ,CORDOBA,Mouse Optico,Accesorios,$ 25.0,3.0,Debito
7970,30/01/2025,101,JUAN PEREZ,CORDOBA,Mouse Optico,Accesorios,$ 25.0,2.0,Tarjeta Credito
7971,2025-02-28,104,Ana Lopez,Mendoza,Cable HDMI,Cables,$ 15.75,3.0,Transferencia
7972,2025-03-13,106,Lucia Fernandez,TUCUMAN,Mouse Optico,Accesorios,$ 25.0,5.0,Tarjeta Credito
7973,2025-06-12,101,JUAN PEREZ,CORDOBA,Cable HDMI,Cables,$ 15.75,4.0,Transferencia
7974,2025-03-01,101,JUAN PEREZ,CORDOBA,Monitor 24',Electronica,$ 350.0,4.0,Transferencia
7975,2025-10-11,104,Ana Lopez,Mendoza,Laptop Pro,Electronica,$ 1200.5,5.0,Efectivo
7976,2025-01-22,102,  marta Sanchez  ,ROSARIO,Laptop Pro,Electronica,,1.0,Debito
7977,2025-04-03,105,PEDRO GOMEZ,CORDOBA,Silla Gamer,Muebles,$ 250.0,4.0,Transferencia
7978,2025-10-06,102,  marta Sanchez  ,ROSARIO,Mouse Optico,Accesorios,$ 25.0,4.0,Tarjeta Credito
7979,2025-10-17,102,  marta Sanchez  ,ROSARIO,Laptop Pro,Electronica,$ 1200.5,1.0,Efectivo
7980,22/05/2025,101,JUAN PEREZ,CORDOBA,Laptop Pro,Electronica,$ 1200.5,2.0,Debito
7981,2025-09-11,101,JUAN PEREZ,CORDOBA,Teclado Mecanico,Accesorios,$ 80.0,1.0,Efectivo
7982,2025-12-23,103,Luis Garcia.,CABA,Laptop Pro,Electronica,$ 1200.5,1.0,Debito
7983,2025-12-20,106,Lucia Fernandez,TUCUMAN,Mouse Optico,Accesorios,$ 25.0,2.0,Transferencia
7984,2025-01-14,102,  marta Sanchez  ,ROSARIO,Monitor 24',Electronica,$ 350.0,2.0,Debito
7985,2025-02-04,102,  marta Sanchez  ,ROSARIO,Monitor 24',Electronica,,5.0,Efectivo
7986,2025-09-06,104,Ana Lopez,Mendoza,Laptop Pro,Electronica,$ 1200.5,3.0,Tarjeta Credito
7987,2025-02-21,106,Lucia Fernandez,TUCUMAN,Monitor 24',Electronica,$ 350.0,1.0,Debito
7988,2025-01-29,104,Ana Lopez,Mendoza,Mouse Optico,Accesorios,$ 25.0,2.0,Efectivo
7989,2025-06-08,101,JUAN PEREZ,CORDOBA,Teclado Mecanico,Accesorios,$ 80.0,3.0,Debito
7990,03/05/2025,104,Ana Lopez,Mendoza,Monitor 24',Electronica,$ 350.0,4.0,Transferencia
7991,2025-07-05,106,Lucia Fernandez,TUCUMAN,Cable HDMI,Cables,$ 15.75,5.0,Tarjeta Credito
7992,2025-09-16,105,PEDRO GOMEZ,CORDOBA,Monitor 24',Electronica,,,Efectivo
7993,2025-03-14,101,JUAN PEREZ,CORDOBA,Teclado Mecanico,Accesorios,$ 80.0,1.0,Tarjeta Credito
7994,2025-08-09,106,Lucia Fernandez,TUCUMAN,Monitor 24',Electronica,$ 350.0,3.0,Debito
7995,2025-01-10,103,Luis Garcia.,CABA,Laptop Pro,Electronica,$ 1200.5,3.0,Efectivo
7996,2025-12-12,105,PEDRO GOMEZ,CORDOBA,Silla Gamer,Muebles,$ 250.0,4.0,Efectivo
7997,2025-01-31,106,Lucia Fernandez,TUCUMAN,Mouse Optico,Accesorios,$ 25.0,5.0,Tarjeta Credito
7998,2025-03-28,102,  marta Sanchez  ,ROSARIO,Mouse Optico,Accesorios,,3.0,Tarjeta Credito
7999,2025-10-08,105,PEDRO GOMEZ,CORDOBA,Cable HDMI,Cables,$ 15.75,,Tarjeta Credito
8000,07/09/2025,105,PEDRO GOMEZ,CORDOBA,Laptop Pro,Electronica,$ 1200.5,3.0,Tarjeta Credito
8001,2025-03-24,106,Lucia Fernandez,TUCUMAN,Cable HDMI,Cables,$ 15.75,4.0,Efectivo
8002,2025-07-25,101,JUAN PEREZ,CORDOBA,Monitor 24',Electronica,$ 350.0,2.0,Transferencia
8003,2025-09-21,106,Lucia Fernandez,TUCUMAN,Silla Gamer,Muebles,$ 250.0,2.0,Debito
8004,2025-10-03,103,Luis Garcia.,CABA,Teclado Mecanico,Accesorios,$ 80.0,5.0,Debito
8005,2025-03-14,102,  marta Sanchez  ,ROSARIO,Laptop Pro,Electronica,$ 1200.5,5.0,Debito
8006,2025-04-27,101,JUAN PEREZ,CORDOBA,Laptop Pro,Electronica,$ 1200.5,2.0,Efectivo
8007,2025-06-01,104,Ana Lopez,Mendoza,Teclado Mecanico,Accesorios,$ 80.0,2.0,Debito
8008,2025-10-26,101,JUAN PEREZ,CORDOBA,Silla Gamer,Muebles,$ 250.0,3.0,Transferencia
8009,2025-07-06,101,JUAN PEREZ,CORDOBA,Monitor 24',Electronica,$ 350.0,5.0,Tarjeta Credito
8010,18/11/2025,101,JUAN PEREZ,CORDOBA,Mouse Optico,Accesorios,$ 25.0,,Debito
8011,2025-06-29,106,Lucia Fernandez,TUCUMAN,Cable HDMI,Cables,$ 15.75,3.0,Debito
8012,2025-08-18,103,Luis Garcia.,CABA,Mouse Optico,Accesorios,$ 25.0,2.0,Debito
8013,2025-01-20,106,Lucia Fernandez,TUCUMAN,Laptop Pro,Electronica,$ 1200.5,5.0,Transferencia
8014,2025-01-30,103,Luis Garcia.,CABA,Monitor 24',Electronica,$ 350.0,4.0,Efectivo
8015,2025-03-19,104,Ana Lopez,Mendoza,Laptop Pro,Electronica,$ 1200.5,4.0,Efectivo
8016,2025-01-31,101,JUAN PEREZ,CORDOBA,Teclado Mecanico,Accesorios,$ 80.0,,Transferencia
8017,2025-06-21,103,Luis Garcia.,CABA,Mouse Optico,Accesorios,$ 25.0,1.0,Transferencia
8018,2025-02-17,103,Luis Garcia.,CABA,Silla Gamer,Muebles,$ 250.0,2.0,Tarjeta Credito
8019,2025-06-03,105,PEDRO GOMEZ,CORDOBA,Monitor 24',Electronica,$ 350.0,3.0,Tarjeta Credito
8020,07/05/2025,101,JUAN PEREZ,CORDOBA,Teclado Mecanico,Accesorios,$ 80.0,1.0,Efectivo
8021,2025-10-11,105,PEDRO GOMEZ,CORDOBA,Monitor 24',Electronica,$ 350.0,2.0,Transferencia
8022,2025-07-27,102,  marta Sanchez  ,ROSARIO,Cable HDMI,Cables,$ 15.75,1.0,Transferencia
8023,2025-11-30,105,PEDRO GOMEZ,CORDOBA,Teclado Mecanico,Accesorios,$ 80.0,1.0,Transferencia
8024,2025-05-26,101,JUAN PEREZ,CORDOBA,Teclado Mecanico,Accesorios,$ 80.0,4.0,Debito
8025,2025-10-12,103,Luis Garcia.,CABA,Teclado Mecanico,Accesorios,$ 80.0,3.0,Tarjeta Credito
8026,2025-06-30,105,PEDRO GOMEZ,CORDOBA,Monitor 24',Electronica,$ 350.0,3.0,Transferencia
8027,2025-10-17,105,PEDRO GOMEZ,CORDOBA,Cable HDMI,Cables,$ 15.75,1.0,Transferencia
8028,2025-03-03,105,PEDRO GOMEZ,CORDOBA,Teclado Mecanico,Accesorios,,3.0,Tarjeta Credito
8029,2025-09-28,103,Luis Garcia.,CABA,Mouse Optico,Accesorios,$ 25.0,3.0,Transferencia
8030,06/04/2025,101,JUAN PEREZ,CORDOBA,Mouse Optico,Accesorios,$ 25.0,5.0,Debito
8031,2025-03-02,103,Luis Garcia.,CABA,Cable HDMI,Cables,$ 15.75,5.0,Tarjeta Credito
8032,2025-09-29,103,Luis Garcia.,CABA,Mouse Optico,Accesorios,$ 25.0,1.0,Efectivo
8033,2025-08-10,102,  marta Sanchez  ,ROSARIO,Laptop Pro,Electronica,$ 1200.5,5.0,Transferencia
8034,2025-10-15,101,JUAN PEREZ,CORDOBA,Mouse Optico,Accesorios,$ 25.0,1.0,Debito
8035,2025-08-26,106,Lucia Fernandez,TUCUMAN,Teclado Mecanico,Accesorios,$ 80.0,1.0,Tarjeta Credito
8036,2025-06-18,106,Lucia Fernandez,TUCUMAN,Laptop Pro,Electronica,,1.0,Debito
8037,2025-07-01,101,JUAN PEREZ,CORDOBA,Cable HDMI,Cables,$ 15.75,3.0,Efectivo
8038,2025-01-13,106,Lucia Fernandez,TUCUMAN,Monitor 24',Electronica,$ 350.0,1.0,Efectivo
8039,2025-08-21,102,  marta Sanchez  ,ROSARIO,Cable HDMI,Cables,$ 15.75,5.0,Efectivo
8040,21/12/2025,102,  marta Sanchez  ,ROSARIO,Laptop Pro,Electronica,$ 1200.5,3.0,Debito
8041,2025-11-08,104,Ana Lopez,Mendoza,Teclado Mecanico,Accesorios,$ 80.0,5.0,Transferencia
8042,2025-04-03,105,PEDRO GOMEZ,CORDOBA,Teclado Mecanico,Accesorios,$ 80.0,4.0,Transferencia
8043,2025-04-27,102,  marta Sanchez  ,ROSARIO,Monitor 24',Electronica,$ 350.0,5.0,Tarjeta Credito
8044,2025-01-21,105,PEDRO GOMEZ,CORDOBA,Silla Gamer,Muebles,$ 250.0,3.0,Tarjeta Credito
8045,2025-12-17,103,Luis Garcia.,CABA,Laptop Pro,Electronica,$ 1200.5,4.0,Debito
8046,2025-04-29,105,PEDRO GOMEZ,CORDOBA,Silla Gamer,Muebles,$ 250.0,5.0,Debito
8047,2025-10-08,104,Ana Lopez,Mendoza,Silla Gamer,Muebles,$ 250.0,4.0,Tarjeta Credito
8048,2025-11-18,103,Luis Garcia.,CABA,Silla Gamer,Muebles,$ 250.0,1.0,Transferencia
8049,2025-04-06,106,Lucia Fernandez,TUCUMAN,Monitor 24',Electronica,$ 350.0,2.0,Debito
8050,05/12/2025,103,Luis Garcia.,CABA,Silla Gamer,Muebles,$ 250.0,1.0,Tarjeta Credito
8051,2025-09-27,102,  marta Sanchez  ,ROSARIO,Laptop Pro,Electronica,$ 1200.5,1.0,Transferencia
8052,2025-09-04,103,Luis Garcia.,CABA,Silla Gamer,Muebles,$ 250.0,5.0,Transferencia
8053,2025-02-03,104,Ana Lopez,Mendoza,Laptop Pro,Electronica,$ 1200.5,4.0,Debito
8054,2025-08-16,102,  marta Sanchez  ,ROSARIO,Laptop Pro,Electronica,$ 1200.5,4.0,Transferencia
8055,2025-06-09,106,Lucia Fernandez,TUCUMAN,Monitor 24',Electronica,$ 350.0,3.0,Efectivo
8056,2025-08-20,104,Ana Lopez,Mendoza,Monitor 24',Electronica,$ 350.0,1.0,Tarjeta Credito
8057,2025-10-01,104,Ana Lopez,Mendoza,Cable HDMI,Cables,$ 15.75,4.0,Transferencia
8058,2025-01-10,104,Ana Lopez,Mendoza,Silla Gamer,Muebles,,5.0,Efectivo
8059,2025-04-10,102,  marta Sanchez  ,ROSARIO,Cable HDMI,Cables,,3.0,Debito
8060,23/02/2025,105,PEDRO GOMEZ,CORDOBA,Silla Gamer,Muebles,$ 250.0,1.0,Tarjeta Credito
8061,2025-02-05,106,Lucia Fernandez,TUCUMAN,Monitor 24',Electronica,$ 350.0,2.0,Efectivo
8062,2025-04-05,103,Luis Garcia.,CABA,Teclado Mecanico,Accesorios,$ 80.0,4.0,Tarjeta Credito
8063,2025-05-15,104,Ana Lopez,Mendoza,Mouse Optico,Accesorios,$ 25.0,5.0,Debito
8064,2025-04-14,102,  marta Sanchez  ,ROSARIO,Teclado Mecanico,Accesorios,$ 80.0,1.0,Tarjeta Credito
8065,2025-03-10,102,  marta Sanchez  ,ROSARIO,Teclado Mecanico,Accesorios,$ 80.0,2.0,Tarjeta Credito
8066,2025-01-04,103,Luis Garcia.,CABA,Monitor 24',Electronica,$ 350.0,,Transferencia
8067,2025-02-27,103,Luis Garcia.,CABA,Cable HDMI,Cables,$ 15.75,4.0,Debito
8068,2025-04-05,103,Luis Garcia.,CABA,Cable HDMI,Cables,$ 15.75,4.0,Tarjeta Credito
8069,2025-09-01,102,  marta Sanchez  ,ROSARIO,Mouse Optico,Accesorios,$ 25.0,2.0,Debito
8070,22/02/2025,106,Lucia Fernandez,TUCUMAN,Cable HDMI,Cables,$ 15.75,2.0,Transferencia
8071,2025-09-15,103,Luis Garcia.,CABA,Silla Gamer,Muebles,$ 250.0,2.0,Tarjeta Credito
8072,2025-09-07,102,  marta Sanchez  ,ROSARIO,Teclado Mecanico,Accesorios,$ 80.0,2.0,Transferencia
8073,2025-02-07,105,PEDRO GOMEZ,CORDOBA,Monitor 24',Electronica,$ 350.0,5.0,Debito
8074,2025-03-21,104,Ana Lopez,Mendoza,Laptop Pro,Electronica,$ 1200.5,1.0,Debito
8075,2025-12-20,102,  marta Sanchez  ,ROSARIO,Teclado Mecanico,Accesorios,$ 80.0,1.0,Tarjeta Credito
8076,2025-01-16,103,Luis Garcia.,CABA,Silla Gamer,Muebles,$ 250.0,4.0,Tarjeta Credito
8077,2025-09-19,102,  marta Sanchez  ,ROSARIO,Cable HDMI,Cables,$ 15.75,2.0,Efectivo
8078,2025-04-25,106,Lucia Fernandez,TUCUMAN,Cable HDMI,Cables,$ 15.75,5.0,Transferencia
8079,2025-11-27,102,  marta Sanchez  ,ROSARIO,Teclado Mecanico,Accesorios,$ 80.0,4.0,Efectivo
8080,12/06/2025,102,  marta Sanchez  ,ROSARIO,Cable HDMI,Cables,$ 15.75,5.0,Transferencia
8081,2025-01-22,102,  marta Sanchez  ,ROSARIO,Mouse Optico,Accesorios,$ 25.0,5.0,Debito
8082,2025-02-13,101,JUAN PEREZ,CORDOBA,Silla Gamer,Muebles,$ 250.0,2.0,Transferencia
8083,2025-07-19,101,JUAN PEREZ,CORDOBA,Silla Gamer,Muebles,$ 250.0,5.0,Efectivo
8084,2025-01-20,104,Ana Lopez,Mendoza,Teclado Mecanico,Accesorios,$ 80.0,1.0,Transferencia
8085,2025-05-11,105,PEDRO GOMEZ,CORDOBA,Laptop Pro,Electronica,$ 1200.5,2.0,Tarjeta Credito
8086,2025-08-03,105,PEDRO GOMEZ,CORDOBA,Mouse Optico,Accesorios,$ 25.0,3.0,Efectivo
8087,2025-04-20,104,Ana Lopez,Mendoza,Mouse Optico,Accesorios,$ 25.0,5.0,Debito
8088,2025-09-03,106,Lucia Fernandez,TUCUMAN,Laptop Pro,Electronica,$ 1200.5,2.0,Debito
8089,2025-01-13,104,Ana Lopez,Mendoza,Teclado Mecanico,Accesorios,$ 80.0,2.0,Efectivo
8090,28/12/2025,106,Lucia Fernandez,TUCUMAN,Laptop Pro,Electronica,$ 1200.5,5.0,Tarjeta Credito
8091,2025-08-31,104,Ana Lopez,Mendoza,Monitor 24',Electronica,$ 350.0,5.0,Efectivo
8092,2025-08-01,106,Lucia Fernandez,TUCUMAN,Mouse Optico,Accesorios,$ 25.0,2.0,Debito
8093,2025-08-02,106,Lucia Fernandez,TUCUMAN,Monitor 24',Electronica,$ 350.0,5.0,Efectivo
8094,2025-06-25,103,Luis Garcia.,CABA,Mouse Optico,Accesorios,$ 25.0,4.0,Efectivo
8095,2025-12-19,105,PEDRO GOMEZ,CORDOBA,Mouse Optico,Accesorios,$ 25.0,5.0,Transferencia
8096,2025-10-02,104,Ana Lopez,Mendoza,Laptop Pro,Electronica,$ 1200.5,5.0,Transferencia
8097,2025-06-09,104,Ana Lopez,Mendoza,Monitor 24',Electronica,$ 350.0,2.0,Transferencia
8098,2025-01-20,105,PEDRO GOMEZ,CORDOBA,Teclado Mecanico,Accesorios,$ 80.0,3.0,Tarjeta Credito
8099,2025-07-19,102,  marta Sanchez  ,ROSARIO,Monitor 24',Electronica,$ 350.0,1.0,Debito
8100,13/11/2025,105,PEDRO GOMEZ,CORDOBA,Mouse Optico,Accesorios,$ 25.0,5.0,Tarjeta Credito
8101,2025-01-02,104,Ana Lopez,Mendoza,Laptop Pro,Electronica,$ 1200.5,4.0,Transferencia
8102,2025-05-30,102,  marta Sanchez  ,ROSARIO,Cable HDMI,Cables,,5.0,Tarjeta Credito
8103,2025-09-09,103,Luis Garcia.,CABA,Mouse Optico,Accesorios,$ 25.0,4.0,Tarjeta Credito
8104,2025-07-12,105,PEDRO GOMEZ,CORDOBA,Silla Gamer,Muebles,$ 250.0,1.0,Debito
8105,2025-10-31,101,JUAN PEREZ,CORDOBA,Cable HDMI,Cables,$ 15.75,4.0,Transferencia
8106,2025-12-14,105,PEDRO GOMEZ,CORDOBA,Mouse Optico,Accesorios,$ 25.0,3.0,Tarjeta Credito
8107,2025-08-30,102,  marta Sanchez  ,ROSARIO,Silla Gamer,Muebles,$ 250.0,2.0,Efectivo
8108,2025-07-26,101,JUAN PEREZ,CORDOBA,Laptop Pro,Electronica,$ 1200.5,3.0,Debito
8109,2025-07-13,103,Luis Garcia.,CABA,Cable HDMI,Cables,$ 15.75,1.0,Tarjeta Credito
8110,11/09/2025,106,Lucia Fernandez,TUCUMAN,Silla Gamer,Muebles,$ 250.0,3.0,Debito
8111,2025-06-11,101,JUAN PEREZ,CORDOBA,Monitor 24',Electronica,$ 350.0,3.0,Tarjeta Credito
8112,2025-07-27,101,JUAN PEREZ,CORDOBA,Cable HDMI,Cables,,4.0,Debito
8113,2025-12-12,101,JUAN PEREZ,CORDOBA,Teclado Mecanico,Accesorios,$ 80.0,2.0,Tarjeta Credito
8114,2025-07-27,104,Ana Lopez,Mendoza,Teclado Mecanico,Accesorios,,3.0,Efectivo
8115,2025-07-12,106,Lucia Fernandez,TUCUMAN,Monitor 24',Electronica,$ 350.0,1.0,Tarjeta Credito
8116,2025-04-28,103,Luis Garcia.,CABA,Mouse Optico,Accesorios,$ 25.0,4.0,Debito
8117,2025-06-20,103,Luis Garcia.,CABA,Teclado Mecanico,Accesorios,$ 80.0,4.0,Tarjeta Credito
8118,2025-04-08,104,Ana Lopez,Mendoza,Cable HDMI,Cables,$ 15.75,4.0,Tarjeta Credito
8119,2025-05-01,103,Luis Garcia.,CABA,Mouse Optico,Accesorios,$ 25.0,3.0,Debito
8120,13/07/2025,105,PEDRO GOMEZ,CORDOBA,Teclado Mecanico,Accesorios,$ 80.0,1.0,Debito
8121,2025-10-12,103,Luis Garcia.,CABA,Cable HDMI,Cables,,1.0,Transferencia
8122,2025-06-06,104,Ana Lopez,Mendoza,Mouse Optico,Accesorios,$ 25.0,1.0,Transferencia
8123,2025-03-03,106,Lucia Fernandez,TUCUMAN,Teclado Mecanico,Accesorios,$ 80.0,4.0,Tarjeta Credito
8124,2025-12-02,102,  marta Sanchez  ,ROSARIO,Mouse Optico,Accesorios,$ 25.0,1.0,Efectivo
8125,2025-02-05,103,Luis Garcia.,CABA,Mouse Optico,Accesorios,$ 25.0,2.0,Efectivo
8126,2025-06-19,106,Lucia Fernandez,TUCUMAN,Monitor 24',Electronica,$ 350.0,5.0,Tarjeta Credito
8127,2025-04-05,101,JUAN PEREZ,CORDOBA,Teclado Mecanico,Accesorios,$ 80.0,5.0,Debito
8128,2025-01-30,102,  marta Sanchez  ,ROSARIO,Mouse Optico,Accesorios,$ 25.0,4.0,Efectivo
8129,2025-04-12,104,Ana Lopez,Mendoza,Cable HDMI,Cables,$ 15.75,3.0,Tarjeta Credito
8130,20/02/2025,101,JUAN PEREZ,CORDOBA,Monitor 24',Electronica,$ 350.0,4.0,Debito
8131,2025-07-04,104,Ana Lopez,Mendoza,Cable HDMI,Cables,$ 15.75,2.0,Transferencia
8132,2025-05-19,106,Lucia Fernandez,TUCUMAN,Mouse Optico,Accesorios,$ 25.0,2.0,Debito
8133,2025-08-04,101,JUAN PEREZ,CORDOBA,Cable HDMI,Cables,$ 15.75,4.0,Tarjeta Credito
8134,2025-11-06,102,  marta Sanchez  ,ROSARIO,Laptop Pro,Electronica,$ 1200.5,1.0,Transferencia
8135,2025-11-16,105,PEDRO GOMEZ,CORDOBA,Silla Gamer,Muebles,$ 250.0,3.0,Transferencia
8136,2025-09-28,105,PEDRO GOMEZ,CORDOBA,Silla Gamer,Muebles,$ 250.0,4.0,Debito
8137,2025-03-03,105,PEDRO GOMEZ,CORDOBA,Monitor 24',Electronica,$ 350.0,4.0,Efectivo
8138,2025-08-07,105,PEDRO GOMEZ,CORDOBA,Cable HDMI,Cables,$ 15.75,5.0,Debito
8139,2025-09-23,105,PEDRO GOMEZ,CORDOBA,Laptop Pro,Electronica,$ 1200.5,2.0,Tarjeta Credito
8140,04/10/2025,103,Luis Garcia.,CABA,Laptop Pro,Electronica,$ 1200.5,1.0,Efectivo
8141,2025-12-18,105,PEDRO GOMEZ,CORDOBA,Laptop Pro,Electronica,$ 1200.5,4.0,Efectivo
8142,2025-01-28,102,  marta Sanchez  ,ROSARIO,Teclado Mecanico,Accesorios,$ 80.0,3.0,Efectivo
8143,2025-09-03,106,Lucia Fernandez,TUCUMAN,Mouse Optico,Accesorios,$ 25.0,5.0,Efectivo
8144,2025-11-29,103,Luis Garcia.,CABA,Teclado Mecanico,Accesorios,$ 80.0,1.0,Debito
8145,2025-11-11,103,Luis Garcia.,CABA,Laptop Pro,Electronica,$ 1200.5,3.0,Debito
8146,2025-08-18,101,JUAN PEREZ,CORDOBA,Mouse Optico,Accesorios,$ 25.0,1.0,Transferencia
8147,2025-09-25,103,Luis Garcia.,CABA,Teclado Mecanico,Accesorios,$ 80.0,1.0,Tarjeta Credito
8148,2025-11-28,105,PEDRO GOMEZ,CORDOBA,Silla Gamer,Muebles,$ 250.0,4.0,Tarjeta Credito
8149,2025-07-03,106,Lucia Fernandez,TUCUMAN,Teclado Mecanico,Accesorios,,5.0,Transferencia
8150,30/03/2025,105,PEDRO GOMEZ,CORDOBA,Silla Gamer,Muebles,$ 250.0,4.0,Debito
8151,2025-12-13,106,Lucia Fernandez,TUCUMAN,Monitor 24',Electronica,$ 350.0,1.0,Debito
8152,2025-09-23,104,Ana Lopez,Mendoza,Laptop Pro,Electronica,$ 1200.5,4.0,Debito
8153,2025-04-30,101,JUAN PEREZ,CORDOBA,Teclado Mecanico,Accesorios,$ 80.0,4.0,Transferencia
8154,2025-05-04,105,PEDRO GOMEZ,CORDOBA,Laptop Pro,Electronica,,4.0,Transferencia
8155,2025-11-11,103,Luis Garcia.,CABA,Silla Gamer,Muebles,$ 250.0,5.0,Efectivo
8156,2025-07-07,104,Ana Lopez,Mendoza,Teclado Mecanico,Accesorios,$ 80.0,4.0,Debito
8157,2025-04-26,101,JUAN PEREZ,CORDOBA,Monitor 24',Electronica,$ 350.0,2.0,Efectivo
8158,2025-06-22,105,PEDRO GOMEZ,CORDOBA,Silla Gamer,Muebles,$ 250.0,4.0,Debito
8159,2025-10-04,102,  marta Sanchez  ,ROSARIO,Laptop Pro,Electronica,$ 1200.5,2.0,Transferencia
8160,25/03/2025,103,Luis Garcia.,CABA,Cable HDMI,Cables,$ 15.75,5.0,Transferencia
8161,2025-05-07,101,JUAN PEREZ,CORDOBA,Monitor 24',Electronica,$ 350.0,3.0,Efectivo
8162,2025-08-07,104,Ana Lopez,Mendoza,Cable HDMI,Cables,$ 15.75,1.0,Tarjeta Credito
8163,2025-04-22,105,PEDRO GOMEZ,CORDOBA,Mouse Optico,Accesorios,$ 25.0,3.0,Transferencia
8164,2025-05-20,103,Luis Garcia.,CABA,Laptop Pro,Electronica,$ 1200.5,3.0,Debito
8165,2025-12-20,103,Luis Garcia.,CABA,Cable HDMI,Cables,$ 15.75,4.0,Debito
8166,2025-02-17,105,PEDRO GOMEZ,CORDOBA,Teclado Mecanico,Accesorios,$ 80.0,4.0,Transferencia
8167,2025-05-03,102,  marta Sanchez  ,ROSARIO,Mouse Optico,Accesorios,$ 25.0,5.0,Efectivo
8168,2025-02-17,102,  marta Sanchez  ,ROSARIO,Laptop Pro,Electronica,$ 1200.5,3.0,Debito
8169,2025-02-12,104,Ana Lopez,Mendoza,Teclado Mecanico,Accesorios,$ 80.0,2.0,Efectivo
8170,01/08/2025,101,JUAN PEREZ,CORDOBA,Silla Gamer,Muebles,$ 250.0,,Tarjeta Credito
8171,2025-02-02,105,PEDRO GOMEZ,CORDOBA,Monitor 24',Electronica,$ 350.0,4.0,Transferencia
8172,2025-11-23,106,Lucia Fernandez,TUCUMAN,Mouse Optico,Accesorios,$ 25.0,2.0,Efectivo
8173,2025-07-09,106,Lucia Fernandez,TUCUMAN,Teclado Mecanico,Accesorios,$ 80.0,3.0,Debito
8174,2025-03-07,106,Lucia Fernandez,TUCUMAN,Laptop Pro,Electronica,$ 1200.5,2.0,Efectivo
8175,2025-08-21,106,Lucia Fernandez,TUCUMAN,Teclado Mecanico,Accesorios,$ 80.0,3.0,Tarjeta Credito
8176,2025-09-20,101,JUAN PEREZ,CORDOBA,Cable HDMI,Cables,$ 15.75,5.0,Tarjeta Credito
8177,2025-04-18,103,Luis Garcia.,CABA,Silla Gamer,Muebles,$ 250.0,3.0,Efectivo
8178,2025-11-19,102,  marta Sanchez  ,ROSARIO,Monitor 24',Electronica,$ 350.0,2.0,Debito
8179,2025-01-02,106,Lucia Fernandez,TUCUMAN,Silla Gamer,Muebles,$ 250.0,1.0,Transferencia
8180,31/12/2025,105,PEDRO GOMEZ,CORDOBA,Monitor 24',Electronica,$ 350.0,1.0,Transferencia
8181,2025-01-23,106,Lucia Fernandez,TUCUMAN,Monitor 24',Electronica,$ 350.0,1.0,Efectivo
8182,2025-12-24,101,JUAN PEREZ,CORDOBA,Monitor 24',Electronica,$ 350.0,2.0,Efectivo
8183,2025-12-10,101,JUAN PEREZ,CORDOBA,Monitor 24',Electronica,$ 350.0,4.0,Efectivo
8184,2025-01-31,101,JUAN PEREZ,CORDOBA,Mouse Optico,Accesorios,$ 25.0,4.0,Tarjeta Credito
8185,2025-06-28,101,JUAN PEREZ,CORDOBA,Cable HDMI,Cables,$ 15.75,4.0,Transferencia
8186,2025-01-01,103,Luis Garcia.,CABA,Mouse Optico,Accesorios,$ 25.0,3.0,Debito
8187,2025-11-02,103,Luis Garcia.,CABA,Mouse Optico,Accesorios,$ 25.0,2.0,Tarjeta Credito
8188,2025-05-11,106,Lucia Fernandez,TUCUMAN,Monitor 24',Electronica,$ 350.0,2.0,Transferencia
8189,2025-07-01,101,JUAN PEREZ,CORDOBA,Cable HDMI,Cables,$ 15.75,4.0,Debito
8190,25/06/2025,102,  marta Sanchez  ,ROSARIO,Laptop Pro,Electronica,$ 1200.5,1.0,Transferencia
8191,2025-11-20,103,Luis Garcia.,CABA,Silla Gamer,Muebles,$ 250.0,5.0,Transferencia
8192,2025-01-13,104,Ana Lopez,Mendoza,Mouse Optico,Accesorios,$ 25.0,3.0,Efectivo
8193,2025-03-17,106,Lucia Fernandez,TUCUMAN,Teclado Mecanico,Accesorios,$ 80.0,4.0,Efectivo
8194,2025-08-15,104,Ana Lopez,Mendoza,Monitor 24',Electronica,$ 350.0,2.0,Transferencia
8195,2025-05-29,105,PEDRO GOMEZ,CORDOBA,Cable HDMI,Cables,$ 15.75,3.0,Tarjeta Credito
8196,2025-09-18,105,PEDRO GOMEZ,CORDOBA,Cable HDMI,Cables,$ 15.75,4.0,Transferencia
8197,2025-12-14,105,PEDRO GOMEZ,CORDOBA,Laptop Pro,Electronica,$ 1200.5,2.0,Transferencia
8198,2025-09-23,105,PEDRO GOMEZ,CORDOBA,Teclado Mecanico,Accesorios,$ 80.0,1.0,Debito
8199,2025-11-26,103,Luis Garcia.,CABA,Silla Gamer,Muebles,$ 250.0,5.0,Efectivo
8200,21/12/2025,104,Ana Lopez,Mendoza,Silla Gamer,Muebles,$ 250.0,3.0,Efectivo
8201,2025-12-09,104,Ana Lopez,Mendoza,Mouse Optico,Accesorios,$ 25.0,4.0,Tarjeta Credito
8202,2025-08-18,102,  marta Sanchez  ,ROSARIO,Mouse Optico,Accesorios,$ 25.0,5.0,Debito
8203,2025-08-20,103,Luis Garcia.,CABA,Cable HDMI,Cables,$ 15.75,5.0,Tarjeta Credito
8204,2025-01-18,106,Lucia Fernandez,TUCUMAN,Mouse Optico,Accesorios,$ 25.0,2.0,Tarjeta Credito
8205,2025-10-27,103,Luis Garcia.,CABA,Teclado Mecanico,Accesorios,$ 80.0,3.0,Transferencia
8206,2025-11-20,105,PEDRO GOMEZ,CORDOBA,Laptop Pro,Electronica,$ 1200.5,5.0,Efectivo
8207,2025-04-08,104,Ana Lopez,Mendoza,Teclado Mecanico,Accesorios,$ 80.0,3.0,Efectivo
8208,2025-12-16,103,Luis Garcia.,CABA,Laptop Pro,Electronica,$ 1200.5,5.0,Debito
8209,2025-12-01,101,JUAN PEREZ,CORDOBA,Cable HDMI,Cables,$ 15.75,1.0,Tarjeta Credito
8210,11/04/2025,102,  marta Sanchez  ,ROSARIO,Laptop Pro,Electronica,$ 1200.5,2.0,Tarjeta Credito
8211,2025-11-13,106,Lucia Fernandez,TUCUMAN,Teclado Mecanico,Accesorios,$ 80.0,2.0,Debito
8212,2025-07-20,101,JUAN PEREZ,CORDOBA,Silla Gamer,Muebles,$ 250.0,4.0,Tarjeta Credito
8213,2025-12-22,101,JUAN PEREZ,CORDOBA,Teclado Mecanico,Accesorios,$ 80.0,4.0,Efectivo
8214,2025-03-11,104,Ana Lopez,Mendoza,Monitor 24',Electronica,$ 350.0,5.0,Transferencia
8215,2025-04-09,101,JUAN PEREZ,CORDOBA,Silla Gamer,Muebles,,,Debito
8216,2025-09-26,101,JUAN PEREZ,CORDOBA,Silla Gamer,Muebles,$ 250.0,2.0,Tarjeta Credito
8217,2025-06-01,101,JUAN PEREZ,CORDOBA,Teclado Mecanico,Accesorios,$ 80.0,4.0,Efectivo
8218,2025-10-09,102,  marta Sanchez  ,ROSARIO,Laptop Pro,Electronica,$ 1200.5,2.0,Transferencia
8219,2025-09-09,101,JUAN PEREZ,CORDOBA,Teclado Mecanico,Accesorios,$ 80.0,3.0,Debito
8220,24/05/2025,106,Lucia Fernandez,TUCUMAN,Monitor 24',Electronica,$ 350.0,1.0,Debito
8221,2025-08-21,101,JUAN PEREZ,CORDOBA,Teclado Mecanico,Accesorios,$ 80.0,4.0,Transferencia
8222,2025-03-04,101,JUAN PEREZ,CORDOBA,Monitor 24',Electronica,$ 350.0,4.0,Transferencia
8223,2025-09-15,105,PEDRO GOMEZ,CORDOBA,Laptop Pro,Electronica,$ 1200.5,5.0,Tarjeta Credito
8224,2025-12-02,106,Lucia Fernandez,TUCUMAN,Laptop Pro,Electronica,$ 1200.5,3.0,Debito
8225,2025-11-23,103,Luis Garcia.,CABA,Teclado Mecanico,Accesorios,$ 80.0,3.0,Efectivo
8226,2025-08-19,104,Ana Lopez,Mendoza,Monitor 24',Electronica,$ 350.0,2.0,Debito
8227,2025-06-13,106,Lucia Fernandez,TUCUMAN,Teclado Mecanico,Accesorios,$ 80.0,3.0,Debito
8228,2025-01-11,105,PEDRO GOMEZ,CORDOBA,Laptop Pro,Electronica,$ 1200.5,5.0,Transferencia
8229,2025-09-28,106,Lucia Fernandez,TUCUMAN,Teclado Mecanico,Accesorios,$ 80.0,4.0,Efectivo
8230,23/01/2025,102,  marta Sanchez  ,ROSARIO,Mouse Optico,Accesorios,$ 25.0,2.0,Transferencia
8231,2025-01-13,103,Luis Garcia.,CABA,Mouse Optico,Accesorios,$ 25.0,2.0,Tarjeta Credito
8232,2025-01-02,104,Ana Lopez,Mendoza,Laptop Pro,Electronica,,4.0,Efectivo
8233,2025-08-17,103,Luis Garcia.,CABA,Monitor 24',Electronica,$ 350.0,5.0,Debito
8234,2025-02-15,103,Luis Garcia.,CABA,Silla Gamer,Muebles,$ 250.0,2.0,Efectivo
8235,2025-08-30,101,JUAN PEREZ,CORDOBA,Laptop Pro,Electronica,$ 1200.5,2.0,Tarjeta Credito
8236,2025-09-17,102,  marta Sanchez  ,ROSARIO,Monitor 24',Electronica,$ 350.0,2.0,Debito
8237,2025-05-08,102,  marta Sanchez  ,ROSARIO,Silla Gamer,Muebles,$ 250.0,1.0,Efectivo
8238,2025-11-23,105,PEDRO GOMEZ,CORDOBA,Silla Gamer,Muebles,,5.0,Debito
8239,2025-02-24,106,Lucia Fernandez,TUCUMAN,Laptop Pro,Electronica,$ 1200.5,1.0,Efectivo
8240,29/04/2025,103,Luis Garcia.,CABA,Silla Gamer,Muebles,$ 250.0,4.0,Debito
8241,2025-02-21,102,  marta Sanchez  ,ROSARIO,Laptop Pro,Electronica,$ 1200.5,4.0,Tarjeta Credito
8242,2025-09-29,101,JUAN PEREZ,CORDOBA,Cable HDMI,Cables,$ 15.75,4.0,Debito
8243,2025-07-08,104,Ana Lopez,Mendoza,Mouse Optico,Accesorios,$ 25.0,4.0,Debito
8244,2025-08-20,102,  marta Sanchez  ,ROSARIO,Silla Gamer,Muebles,$ 250.0,,Tarjeta Credito
8245,2025-07-30,104,Ana Lopez,Mendoza,Cable HDMI,Cables,$ 15.75,4.0,Efectivo
8246,2025-08-31,101,JUAN PEREZ,CORDOBA,Monitor 24',Electronica,$ 350.0,5.0,Efectivo
8247,2025-10-19,104,Ana Lopez,Mendoza,Cable HDMI,Cables,$ 15.75,3.0,Transferencia
8248,2025-06-12,103,Luis Garcia.,CABA,Mouse Optico,Accesorios,$ 25.0,5.0,Debito
8249,2025-04-24,106,Lucia Fernandez,TUCUMAN,Teclado Mecanico,Accesorios,$ 80.0,1.0,Debito
8250,18/01/2025,106,Lucia Fernandez,TUCUMAN,Teclado Mecanico,Accesorios,$ 80.0,2.0,Debito
8251,2025-02-21,106,Lucia Fernandez,TUCUMAN,Laptop Pro,Electronica,$ 1200.5,5.0,Efectivo
8252,2025-02-01,106,Lucia Fernandez,TUCUMAN,Silla Gamer,Muebles,$ 250.0,1.0,Efectivo
8253,2025-11-14,106,Lucia Fernandez,TUCUMAN,Laptop Pro,Electronica,$ 1200.5,2.0,Transferencia
8254,2025-11-30,102,  marta Sanchez  ,ROSARIO,Laptop Pro,Electronica,$ 1200.5,2.0,Efectivo
8255,2025-08-03,106,Lucia Fernandez,TUCUMAN,Cable HDMI,Cables,$ 15.75,5.0,Efectivo
8256,2025-11-19,106,Lucia Fernandez,TUCUMAN,Silla Gamer,Muebles,$ 250.0,5.0,Efectivo
8257,2025-03-06,101,JUAN PEREZ,CORDOBA,Teclado Mecanico,Accesorios,$ 80.0,5.0,Tarjeta Credito
8258,2025-10-08,104,Ana Lopez,Mendoza,Mouse Optico,Accesorios,$ 25.0,3.0,Debito
8259,2025-12-05,104,Ana Lopez,Mendoza,Laptop Pro,Electronica,$ 1200.5,1.0,Tarjeta Credito
8260,24/11/2025,103,Luis Garcia.,CABA,Laptop Pro,Electronica,$ 1200.5,2.0,Efectivo
8261,2025-07-28,105,PEDRO GOMEZ,CORDOBA,Mouse Optico,Accesorios,$ 25.0,1.0,Debito
8262,2025-11-19,104,Ana Lopez,Mendoza,Cable HDMI,Cables,$ 15.75,2.0,Efectivo
8263,2025-05-31,104,Ana Lopez,Mendoza,Mouse Optico,Accesorios,$ 25.0,4.0,Debito
8264,2025-02-18,104,Ana Lopez,Mendoza,Mouse Optico,Accesorios,$ 25.0,3.0,Transferencia
8265,2025-07-28,101,JUAN PEREZ,CORDOBA,Cable HDMI,Cables,$ 15.75,5.0,Transferencia
8266,2025-09-28,102,  marta Sanchez  ,ROSARIO,Teclado Mecanico,Accesorios,$ 80.0,4.0,Tarjeta Credito
8267,2025-11-23,105,PEDRO GOMEZ,CORDOBA,Silla Gamer,Muebles,$ 250.0,1.0,Debito
8268,2025-10-14,106,Lucia Fernandez,TUCUMAN,Mouse Optico,Accesorios,$ 25.0,3.0,Efectivo
8269,2025-03-21,103,Luis Garcia.,CABA,Cable HDMI,Cables,$ 15.75,2.0,Transferencia
8270,22/06/2025,101,JUAN PEREZ,CORDOBA,Mouse Optico,Accesorios,$ 25.0,5.0,Debito
8271,2025-04-25,104,Ana Lopez,Mendoza,Teclado Mecanico,Accesorios,$ 80.0,1.0,Debito
8272,2025-05-14,106,Lucia Fernandez,TUCUMAN,Monitor 24',Electronica,$ 350.0,3.0,Transferencia
8273,2025-07-25,102,  marta Sanchez  ,ROSARIO,Monitor 24',Electronica,$ 350.0,3.0,Tarjeta Credito
8274,2025-04-02,104,Ana Lopez,Mendoza,Cable HDMI,Cables,$ 15.75,4.0,Tarjeta Credito
8275,2025-12-19,102,  marta Sanchez  ,ROSARIO,Monitor 24',Electronica,$ 350.0,3.0,Efectivo
8276,2025-08-21,103,Luis Garcia.,CABA,Silla Gamer,Muebles,,3.0,Tarjeta Credito
8277,2025-07-01,106,Lucia Fernandez,TUCUMAN,Laptop Pro,Electronica,$ 1200.5,3.0,Tarjeta Credito
8278,2025-08-03,104,Ana Lopez,Mendoza,Teclado Mecanico,Accesorios,$ 80.0,3.0,Tarjeta Credito
8279,2025-12-08,102,  marta Sanchez  ,ROSARIO,Cable HDMI,Cables,$ 15.75,4.0,Tarjeta Credito
8280,01/05/2025,104,Ana Lopez,Mendoza,Cable HDMI,Cables,$ 15.75,5.0,Transferencia
8281,2025-05-12,106,Lucia Fernandez,TUCUMAN,Mouse Optico,Accesorios,$ 25.0,5.0,Tarjeta Credito
8282,2025-12-06,104,Ana Lopez,Mendoza,Laptop Pro,Electronica,$ 1200.5,2.0,Efectivo
8283,2025-08-06,101,JUAN PEREZ,CORDOBA,Teclado Mecanico,Accesorios,$ 80.0,4.0,Tarjeta Credito
8284,2025-02-22,103,Luis Garcia.,CABA,Laptop Pro,Electronica,$ 1200.5,1.0,Tarjeta Credito
8285,2025-05-30,106,Lucia Fernandez,TUCUMAN,Laptop Pro,Electronica,$ 1200.5,2.0,Tarjeta Credito
8286,2025-10-23,106,Lucia Fernandez,TUCUMAN,Mouse Optico,Accesorios,$ 25.0,3.0,Efectivo
8287,2025-12-30,103,Luis Garcia.,CABA,Cable HDMI,Cables,,4.0,Debito
8288,2025-08-15,101,JUAN PEREZ,CORDOBA,Mouse Optico,Accesorios,$ 25.0,3.0,Debito
8289,2025-06-23,106,Lucia Fernandez,TUCUMAN,Cable HDMI,Cables,$ 15.75,1.0,Tarjeta Credito
8290,25/05/2025,106,Lucia Fernandez,TUCUMAN,Teclado Mecanico,Accesorios,$ 80.0,3.0,Tarjeta Credito
8291,2025-12-03,105,PEDRO GOMEZ,CORDOBA,Laptop Pro,Electronica,$ 1200.5,5.0,Transferencia
8292,2025-11-22,102,  marta Sanchez  ,ROSARIO,Cable HDMI,Cables,,1.0,Debito
8293,2025-06-01,103,Luis Garcia.,CABA,Cable HDMI,Cables,,2.0,Debito
8294,2025-06-14,104,Ana Lopez,Mendoza,Monitor 24',Electronica,$ 350.0,3.0,Debito
8295,2025-01-08,102,  marta Sanchez  ,ROSARIO,Cable HDMI,Cables,$ 15.75,4.0,Efectivo
8296,2025-07-31,104,Ana Lopez,Mendoza,Mouse Optico,Accesorios,,,Tarjeta Credito
8297,2025-10-06,103,Luis Garcia.,CABA,Cable HDMI,Cables,,5.0,Tarjeta Credito
8298,2025-05-07,101,JUAN PEREZ,CORDOBA,Silla Gamer,Muebles,,2.0,Debito
8299,2025-10-07,105,PEDRO GOMEZ,CORDOBA,Mouse Optico,Accesorios,$ 25.0,4.0,Transferencia
8300,18/11/2025,106,Lucia Fernandez,TUCUMAN,Silla Gamer,Muebles,$ 250.0,2.0,Tarjeta Credito
8301,2025-02-01,104,Ana Lopez,Mendoza,Laptop Pro,Electronica,$ 1200.5,4.0,Transferencia
8302,2025-12-29,102,  marta Sanchez  ,ROSARIO,Mouse Optico,Accesorios,$ 25.0,4.0,Transferencia
8303,2025-05-18,101,JUAN PEREZ,CORDOBA,Monitor 24',Electronica,$ 350.0,1.0,Tarjeta Credito
8304,2025-12-14,104,Ana Lopez,Mendoza,Laptop Pro,Electronica,$ 1200.5,2.0,Transferencia
8305,2025-06-07,106,Lucia Fernandez,TUCUMAN,Cable HDMI,Cables,$ 15.75,5.0,Debito
8306,2025-10-03,102,  marta Sanchez  ,ROSARIO,Monitor 24',Electronica,$ 350.0,5.0,Transferencia
8307,2025-04-13,106,Lucia Fernandez,TUCUMAN,Teclado Mecanico,Accesorios,$ 80.0,5.0,Debito
8308,2025-05-18,106,Lucia Fernandez,TUCUMAN,Silla Gamer,Muebles,$ 250.0,1.0,Tarjeta Credito
8309,2025-04-28,105,PEDRO GOMEZ,CORDOBA,Mouse Optico,Accesorios,$ 25.0,5.0,Efectivo
8310,21/09/2025,104,Ana Lopez,Mendoza,Mouse Optico,Accesorios,$ 25.0,2.0,Tarjeta Credito
8311,2025-12-06,104,Ana Lopez,Mendoza,Laptop Pro,Electronica,$ 1200.5,5.0,Debito
8312,2025-01-10,103,Luis Garcia.,CABA,Mouse Optico,Accesorios,$ 25.0,4.0,Tarjeta Credito
8313,2025-10-27,103,Luis Garcia.,CABA,Silla Gamer,Muebles,$ 250.0,5.0,Efectivo
8314,2025-08-28,101,JUAN PEREZ,CORDOBA,Teclado Mecanico,Accesorios,$ 80.0,2.0,Tarjeta Credito
8315,2025-11-02,102,  marta Sanchez  ,ROSARIO,Teclado Mecanico,Accesorios,$ 80.0,1.0,Efectivo
8316,2025-10-05,103,Luis Garcia.,CABA,Monitor 24',Electronica,$ 350.0,5.0,Tarjeta Credito
8317,2025-03-24,104,Ana Lopez,Mendoza,Silla Gamer,Muebles,$ 250.0,5.0,Efectivo
8318,2025-09-05,105,PEDRO GOMEZ,CORDOBA,Silla Gamer,Muebles,$ 250.0,1.0,Transferencia
8319,2025-10-10,104,Ana Lopez,Mendoza,Mouse Optico,Accesorios,$ 25.0,4.0,Efectivo
8320,12/01/2025,106,Lucia Fernandez,TUCUMAN,Cable HDMI,Cables,$ 15.75,2.0,Tarjeta Credito
8321,2025-11-23,101,JUAN PEREZ,CORDOBA,Cable HDMI,Cables,$ 15.75,1.0,Tarjeta Credito
8322,2025-05-27,105,PEDRO GOMEZ,CORDOBA,Teclado Mecanico,Accesorios,$ 80.0,3.0,Debito
8323,2025-03-17,103,Luis Garcia.,CABA,Silla Gamer,Muebles,$ 250.0,3.0,Efectivo
8324,2025-11-22,106,Lucia Fernandez,TUCUMAN,Monitor 24',Electronica,$ 350.0,5.0,Efectivo
8325,2025-01-07,104,Ana Lopez,Mendoza,Cable HDMI,Cables,,5.0,Tarjeta Credito
8326,2025-07-14,102,  marta Sanchez  ,ROSARIO,Mouse Optico,Accesorios,$ 25.0,2.0,Efectivo
8327,2025-12-16,105,PEDRO GOMEZ,CORDOBA,Silla Gamer,Muebles,$ 250.0,1.0,Tarjeta Credito
8328,2025-03-01,102,  marta Sanchez  ,ROSARIO,Monitor 24',Electronica,$ 350.0,4.0,Transferencia
8329,2025-05-18,103,Luis Garcia.,CABA,Silla Gamer,Muebles,$ 250.0,3.0,Debito
8330,23/03/2025,106,Lucia Fernandez,TUCUMAN,Teclado Mecanico,Accesorios,$ 80.0,4.0,Efectivo
8331,2025-05-05,104,Ana Lopez,Mendoza,Teclado Mecanico,Accesorios,$ 80.0,5.0,Transferencia
8332,2025-03-09,103,Luis Garcia.,CABA,Teclado Mecanico,Accesorios,$ 80.0,5.0,Tarjeta Credito
8333,2025-01-19,106,Lucia Fernandez,TUCUMAN,Laptop Pro,Electronica,$ 1200.5,2.0,Efectivo
8334,2025-06-07,106,Lucia Fernandez,TUCUMAN,Teclado Mecanico,Accesorios,$ 80.0,5.0,Tarjeta Credito
8335,2025-01-24,103,Luis Garcia.,CABA,Mouse Optico,Accesorios,$ 25.0,1.0,Efectivo
8336,2025-06-26,105,PEDRO GOMEZ,CORDOBA,Teclado Mecanico,Accesorios,$ 80.0,4.0,Transferencia
8337,2025-07-13,105,PEDRO GOMEZ,CORDOBA,Teclado Mecanico,Accesorios,$ 80.0,3.0,Efectivo
8338,2025-09-18,102,  marta Sanchez  ,ROSARIO,Monitor 24',Electronica,$ 350.0,4.0,Efectivo
8339,2025-08-07,101,JUAN PEREZ,CORDOBA,Silla Gamer,Muebles,$ 250.0,5.0,Debito
8340,03/12/2025,105,PEDRO GOMEZ,CORDOBA,Mouse Optico,Accesorios,$ 25.0,5.0,Debito
8341,2025-01-24,101,JUAN PEREZ,CORDOBA,Mouse Optico,Accesorios,$ 25.0,3.0,Efectivo
8342,2025-05-16,104,Ana Lopez,Mendoza,Silla Gamer,Muebles,$ 250.0,3.0,Debito
8343,2025-06-28,105,PEDRO GOMEZ,CORDOBA,Cable HDMI,Cables,$ 15.75,5.0,Efectivo
8344,2025-01-04,103,Luis Garcia.,CABA,Teclado Mecanico,Accesorios,$ 80.0,3.0,Efectivo
8345,2025-12-08,101,JUAN PEREZ,CORDOBA,Monitor 24',Electronica,$ 350.0,2.0,Debito
8346,2025-11-05,101,JUAN PEREZ,CORDOBA,Teclado Mecanico,Accesorios,$ 80.0,1.0,Tarjeta Credito
8347,2025-11-28,105,PEDRO GOMEZ,CORDOBA,Teclado Mecanico,Accesorios,$ 80.0,4.0,Efectivo
8348,2025-06-28,106,Lucia Fernandez,TUCUMAN,Cable HDMI,Cables,$ 15.75,2.0,Tarjeta Credito
8349,2025-05-07,106,Lucia Fernandez,TUCUMAN,Mouse Optico,Accesorios,$ 25.0,3.0,Tarjeta Credito
8350,11/11/2025,105,PEDRO GOMEZ,CORDOBA,Silla Gamer,Muebles,$ 250.0,4.0,Tarjeta Credito
8351,2025-01-03,101,JUAN PEREZ,CORDOBA,Cable HDMI,Cables,$ 15.75,4.0,Debito
8352,2025-05-31,106,Lucia Fernandez,TUCUMAN,Teclado Mecanico,Accesorios,$ 80.0,1.0,Efectivo
8353,2025-01-02,105,PEDRO GOMEZ,CORDOBA,Cable HDMI,Cables,$ 15.75,5.0,Transferencia
8354,2025-05-13,104,Ana Lopez,Mendoza,Laptop Pro,Electronica,$ 1200.5,3.0,Debito
8355,2025-04-16,103,Luis Garcia.,CABA,Cable HDMI,Cables,$ 15.75,4.0,Debito
8356,2025-10-01,106,Lucia Fernandez,TUCUMAN,Cable HDMI,Cables,$ 15.75,4.0,Tarjeta Credito
8357,2025-02-16,104,Ana Lopez,Mendoza,Silla Gamer,Muebles,$ 250.0,4.0,Debito
8358,2025-06-11,104,Ana Lopez,Mendoza,Monitor 24',Electronica,$ 350.0,3.0,Transferencia
8359,2025-08-01,101,JUAN PEREZ,CORDOBA,Cable HDMI,Cables,$ 15.75,1.0,Debito
8360,19/01/2025,105,PEDRO GOMEZ,CORDOBA,Silla Gamer,Muebles,$ 250.0,3.0,Transferencia
8361,2025-03-10,106,Lucia Fernandez,TUCUMAN,Laptop Pro,Electronica,$ 1200.5,,Efectivo
8362,2025-06-03,106,Lucia Fernandez,TUCUMAN,Teclado Mecanico,Accesorios,$ 80.0,5.0,Efectivo
8363,2025-07-08,103,Luis Garcia.,CABA,Cable HDMI,Cables,$ 15.75,4.0,Debito
8364,2025-07-11,105,PEDRO GOMEZ,CORDOBA,Monitor 24',Electronica,$ 350.0,2.0,Debito
8365,2025-04-27,105,PEDRO GOMEZ,CORDOBA,Laptop Pro,Electronica,,4.0,Transferencia
8366,2025-12-22,101,JUAN PEREZ,CORDOBA,Cable HDMI,Cables,$ 15.75,3.0,Tarjeta Credito
8367,2025-05-01,102,  marta Sanchez  ,ROSARIO,Silla Gamer,Muebles,$ 250.0,3.0,Transferencia
8368,2025-07-09,102,  marta Sanchez  ,ROSARIO,Mouse Optico,Accesorios,$ 25.0,2.0,Efectivo
8369,2025-09-13,103,Luis Garcia.,CABA,Monitor 24',Electronica,$ 350.0,4.0,Transferencia
8370,19/05/2025,106,Lucia Fernandez,TUCUMAN,Teclado Mecanico,Accesorios,$ 80.0,3.0,Transferencia
8371,2025-04-13,105,PEDRO GOMEZ,CORDOBA,Teclado Mecanico,Accesorios,$ 80.0,2.0,Transferencia
8372,2025-05-12,101,JUAN PEREZ,CORDOBA,Teclado Mecanico,Accesorios,$ 80.0,2.0,Tarjeta Credito
8373,2025-01-02,101,JUAN PEREZ,CORDOBA,Teclado Mecanico,Accesorios,$ 80.0,4.0,Transferencia
8374,2025-04-17,103,Luis Garcia.,CABA,Monitor 24',Electronica,$ 350.0,1.0,Transferencia
8375,2025-07-12,106,Lucia Fernandez,TUCUMAN,Silla Gamer,Muebles,$ 250.0,3.0,Debito
8376,2025-12-30,103,Luis Garcia.,CABA,Laptop Pro,Electronica,$ 1200.5,5.0,Debito
8377,2025-06-19,101,JUAN PEREZ,CORDOBA,Mouse Optico,Accesorios,$ 25.0,1.0,Efectivo
8378,2025-04-27,106,Lucia Fernandez,TUCUMAN,Silla Gamer,Muebles,$ 250.0,1.0,Debito
8379,2025-04-12,102,  marta Sanchez  ,ROSARIO,Silla Gamer,Muebles,$ 250.0,3.0,Tarjeta Credito
8380,04/12/2025,103,Luis Garcia.,CABA,Silla Gamer,Muebles,$ 250.0,4.0,Tarjeta Credito
8381,2025-05-06,106,Lucia Fernandez,TUCUMAN,Mouse Optico,Accesorios,$ 25.0,2.0,Transferencia
8382,2025-06-13,103,Luis Garcia.,CABA,Laptop Pro,Electronica,$ 1200.5,2.0,Tarjeta Credito
8383,2025-03-01,104,Ana Lopez,Mendoza,Laptop Pro,Electronica,$ 1200.5,1.0,Efectivo
8384,2025-09-29,103,Luis Garcia.,CABA,Silla Gamer,Muebles,$ 250.0,3.0,Transferencia
8385,2025-01-27,102,  marta Sanchez  ,ROSARIO,Monitor 24',Electronica,$ 350.0,3.0,Debito
8386,2025-04-26,105,PEDRO GOMEZ,CORDOBA,Silla Gamer,Muebles,$ 250.0,3.0,Debito
8387,2025-07-09,102,  marta Sanchez  ,ROSARIO,Cable HDMI,Cables,$ 15.75,2.0,Efectivo
8388,2025-10-16,102,  marta Sanchez  ,ROSARIO,Cable HDMI,Cables,$ 15.75,4.0,Tarjeta Credito
8389,2025-07-04,101,JUAN PEREZ,CORDOBA,Monitor 24',Electronica,$ 350.0,2.0,Tarjeta Credito
8390,06/03/2025,104,Ana Lopez,Mendoza,Cable HDMI,Cables,$ 15.75,5.0,Efectivo
8391,2025-05-09,101,JUAN PEREZ,CORDOBA,Monitor 24',Electronica,$ 350.0,1.0,Tarjeta Credito
8392,2025-01-08,104,Ana Lopez,Mendoza,Monitor 24',Electronica,$ 350.0,4.0,Efectivo
8393,2025-11-01,103,Luis Garcia.,CABA,Cable HDMI,Cables,$ 15.75,1.0,Debito
8394,2025-07-23,103,Luis Garcia.,CABA,Cable HDMI,Cables,$ 15.75,2.0,Transferencia
8395,2025-05-29,102,  marta Sanchez  ,ROSARIO,Mouse Optico,Accesorios,$ 25.0,1.0,Tarjeta Credito
8396,2025-12-20,104,Ana Lopez,Mendoza,Mouse Optico,Accesorios,$ 25.0,1.0,Debito
8397,2025-02-21,105,PEDRO GOMEZ,CORDOBA,Teclado Mecanico,Accesorios,$ 80.0,2.0,Efectivo
8398,2025-12-10,105,PEDRO GOMEZ,CORDOBA,Laptop Pro,Electronica,$ 1200.5,3.0,Transferencia
8399,2025-10-08,101,JUAN PEREZ,CORDOBA,Mouse Optico,Accesorios,$ 25.0,2.0,Transferencia
8400,30/07/2025,102,  marta Sanchez  ,ROSARIO,Cable HDMI,Cables,$ 15.75,1.0,Efectivo
8401,2025-03-09,101,JUAN PEREZ,CORDOBA,Silla Gamer,Muebles,$ 250.0,3.0,Transferencia
8402,2025-11-01,102,  marta Sanchez  ,ROSARIO,Monitor 24',Electronica,$ 350.0,1.0,Transferencia
8403,2025-03-09,102,  marta Sanchez  ,ROSARIO,Silla Gamer,Muebles,$ 250.0,1.0,Tarjeta Credito
8404,2025-08-18,102,  marta Sanchez  ,ROSARIO,Mouse Optico,Accesorios,$ 25.0,5.0,Transferencia
8405,2025-05-01,103,Luis Garcia.,CABA,Silla Gamer,Muebles,$ 250.0,4.0,Tarjeta Credito
8406,2025-06-21,106,Lucia Fernandez,TUCUMAN,Mouse Optico,Accesorios,$ 25.0,3.0,Debito
8407,2025-09-06,101,JUAN PEREZ,CORDOBA,Silla Gamer,Muebles,$ 250.0,3.0,Efectivo
8408,2025-09-07,104,Ana Lopez,Mendoza,Silla Gamer,Muebles,$ 250.0,5.0,Debito
8409,2025-07-05,104,Ana Lopez,Mendoza,Cable HDMI,Cables,$ 15.75,3.0,Tarjeta Credito
8410,01/01/2025,105,PEDRO GOMEZ,CORDOBA,Mouse Optico,Accesorios,$ 25.0,1.0,Debito
8411,2025-07-12,102,  marta Sanchez  ,ROSARIO,Mouse Optico,Accesorios,$ 25.0,2.0,Tarjeta Credito
8412,2025-08-05,106,Lucia Fernandez,TUCUMAN,Monitor 24',Electronica,$ 350.0,4.0,Tarjeta Credito
8413,2025-04-12,104,Ana Lopez,Mendoza,Silla Gamer,Muebles,$ 250.0,3.0,Efectivo
8414,2025-10-07,105,PEDRO GOMEZ,CORDOBA,Silla Gamer,Muebles,$ 250.0,4.0,Transferencia
8415,2025-04-04,105,PEDRO GOMEZ,CORDOBA,Silla Gamer,Muebles,$ 250.0,5.0,Transferencia
8416,2025-08-10,101,JUAN PEREZ,CORDOBA,Monitor 24',Electronica,$ 350.0,2.0,Transferencia
8417,2025-04-11,105,PEDRO GOMEZ,CORDOBA,Mouse Optico,Accesorios,$ 25.0,2.0,Efectivo
8418,2025-03-25,102,  marta Sanchez  ,ROSARIO,Silla Gamer,Muebles,$ 250.0,1.0,Debito
8419,2025-12-15,102,  marta Sanchez  ,ROSARIO,Teclado Mecanico,Accesorios,,3.0,Tarjeta Credito
8420,19/02/2025,106,Lucia Fernandez,TUCUMAN,Silla Gamer,Muebles,$ 250.0,2.0,Efectivo
8421,2025-04-05,103,Luis Garcia.,CABA,Mouse Optico,Accesorios,$ 25.0,3.0,Debito
8422,2025-01-14,104,Ana Lopez,Mendoza,Silla Gamer,Muebles,$ 250.0,5.0,Transferencia
8423,2025-04-27,105,PEDRO GOMEZ,CORDOBA,Silla Gamer,Muebles,$ 250.0,3.0,Tarjeta Credito
8424,2025-03-22,103,Luis Garcia.,CABA,Teclado Mecanico,Accesorios,$ 80.0,2.0,Transferencia
8425,2025-05-23,106,Lucia Fernandez,TUCUMAN,Teclado Mecanico,Accesorios,$ 80.0,3.0,Transferencia
8426,2025-09-25,102,  marta Sanchez  ,ROSARIO,Silla Gamer,Muebles,$ 250.0,5.0,Efectivo
8427,2025-11-09,105,PEDRO GOMEZ,CORDOBA,Laptop Pro,Electronica,,1.0,Efectivo
8428,2025-09-04,103,Luis Garcia.,CABA,Cable HDMI,Cables,$ 15.75,5.0,Transferencia
8429,2025-03-08,103,Luis Garcia.,CABA,Teclado Mecanico,Accesorios,$ 80.0,2.0,Tarjeta Credito
8430,03/01/2025,101,JUAN PEREZ,CORDOBA,Teclado Mecanico,Accesorios,$ 80.0,1.0,Debito
8431,2025-09-15,105,PEDRO GOMEZ,CORDOBA,Monitor 24',Electronica,$ 350.0,4.0,Efectivo
8432,2025-11-19,104,Ana Lopez,Mendoza,Silla Gamer,Muebles,$ 250.0,5.0,Tarjeta Credito
8433,2025-05-08,103,Luis Garcia.,CABA,Cable HDMI,Cables,$ 15.75,4.0,Efectivo
8434,2025-11-23,101,JUAN PEREZ,CORDOBA,Cable HDMI,Cables,$ 15.75,2.0,Debito
8435,2025-03-30,106,Lucia Fernandez,TUCUMAN,Laptop Pro,Electronica,$ 1200.5,3.0,Efectivo
8436,2025-02-26,106,Lucia Fernandez,TUCUMAN,Laptop Pro,Electronica,$ 1200.5,3.0,Efectivo
8437,2025-04-02,106,Lucia Fernandez,TUCUMAN,Teclado Mecanico,Accesorios,$ 80.0,2.0,Debito
8438,2025-08-17,106,Lucia Fernandez,TUCUMAN,Teclado Mecanico,Accesorios,$ 80.0,1.0,Efectivo
8439,2025-06-10,101,JUAN PEREZ,CORDOBA,Silla Gamer,Muebles,$ 250.0,1.0,Transferencia
8440,17/05/2025,102,  marta Sanchez  ,ROSARIO,Teclado Mecanico,Accesorios,$ 80.0,3.0,Transferencia
8441,2025-01-13,106,Lucia Fernandez,TUCUMAN,Mouse Optico,Accesorios,$ 25.0,2.0,Transferencia
8442,2025-02-04,104,Ana Lopez,Mendoza,Silla Gamer,Muebles,$ 250.0,1.0,Transferencia
8443,2025-06-26,104,Ana Lopez,Mendoza,Laptop Pro,Electronica,$ 1200.5,3.0,Transferencia
8444,2025-11-08,101,JUAN PEREZ,CORDOBA,Laptop Pro,Electronica,$ 1200.5,4.0,Transferencia
8445,2025-11-13,106,Lucia Fernandez,TUCUMAN,Laptop Pro,Electronica,$ 1200.5,2.0,Tarjeta Credito
8446,2025-03-25,106,Lucia Fernandez,TUCUMAN,Mouse Optico,Accesorios,$ 25.0,4.0,Efectivo
8447,2025-05-25,105,PEDRO GOMEZ,CORDOBA,Teclado Mecanico,Accesorios,$ 80.0,4.0,Debito
8448,2025-12-09,106,Lucia Fernandez,TUCUMAN,Silla Gamer,Muebles,$ 250.0,5.0,Debito
8449,2025-01-19,106,Lucia Fernandez,TUCUMAN,Mouse Optico,Accesorios,$ 25.0,1.0,Debito
8450,21/01/2025,105,PEDRO GOMEZ,CORDOBA,Laptop Pro,Electronica,$ 1200.5,1.0,Transferencia
8451,2025-09-26,103,Luis Garcia.,CABA,Monitor 24',Electronica,$ 350.0,5.0,Efectivo
8452,2025-02-27,102,  marta Sanchez  ,ROSARIO,Laptop Pro,Electronica,$ 1200.5,5.0,Tarjeta Credito
8453,2025-05-12,101,JUAN PEREZ,CORDOBA,Monitor 24',Electronica,$ 350.0,1.0,Debito
8454,2025-04-09,102,  marta Sanchez  ,ROSARIO,Silla Gamer,Muebles,$ 250.0,3.0,Transferencia
8455,2025-10-19,101,JUAN PEREZ,CORDOBA,Monitor 24',Electronica,$ 350.0,,Debito
8456,2025-05-16,103,Luis Garcia.,CABA,Laptop Pro,Electronica,$ 1200.5,4.0,Tarjeta Credito
8457,2025-12-17,106,Lucia Fernandez,TUCUMAN,Monitor 24',Electronica,$ 350.0,3.0,Efectivo
8458,2025-02-15,101,JUAN PEREZ,CORDOBA,Mouse Optico,Accesorios,$ 25.0,4.0,Efectivo
8459,2025-08-01,101,JUAN PEREZ,CORDOBA,Teclado Mecanico,Accesorios,,3.0,Tarjeta Credito
8460,16/05/2025,103,Luis Garcia.,CABA,Laptop Pro,Electronica,$ 1200.5,1.0,Efectivo
8461,2025-10-18,104,Ana Lopez,Mendoza,Laptop Pro,Electronica,$ 1200.5,2.0,Debito
8462,2025-12-17,104,Ana Lopez,Mendoza,Laptop Pro,Electronica,$ 1200.5,2.0,Debito
8463,2025-06-21,101,JUAN PEREZ,CORDOBA,Laptop Pro,Electronica,$ 1200.5,4.0,Transferencia
8464,2025-02-19,106,Lucia Fernandez,TUCUMAN,Teclado Mecanico,Accesorios,$ 80.0,5.0,Transferencia
8465,2025-01-19,103,Luis Garcia.,CABA,Laptop Pro,Electronica,$ 1200.5,4.0,Efectivo
8466,2025-05-11,101,JUAN PEREZ,CORDOBA,Silla Gamer,Muebles,$ 250.0,2.0,Efectivo
8467,2025-03-04,103,Luis Garcia.,CABA,Mouse Optico,Accesorios,$ 25.0,2.0,Debito
8468,2025-03-16,101,JUAN PEREZ,CORDOBA,Mouse Optico,Accesorios,,1.0,Efectivo
8469,2025-04-01,103,Luis Garcia.,CABA,Silla Gamer,Muebles,$ 250.0,5.0,Debito
8470,09/11/2025,106,Lucia Fernandez,TUCUMAN,Laptop Pro,Electronica,$ 1200.5,3.0,Transferencia
8471,2025-01-20,102,  marta Sanchez  ,ROSARIO,Teclado Mecanico,Accesorios,$ 80.0,,Transferencia
8472,2025-02-20,101,JUAN PEREZ,CORDOBA,Cable HDMI,Cables,$ 15.75,3.0,Tarjeta Credito
8473,2025-11-09,101,JUAN PEREZ,CORDOBA,Cable HDMI,Cables,$ 15.75,5.0,Debito
8474,2025-10-28,106,Lucia Fernandez,TUCUMAN,Laptop Pro,Electronica,$ 1200.5,2.0,Debito
8475,2025-02-09,103,Luis Garcia.,CABA,Silla Gamer,Muebles,$ 250.0,3.0,Transferencia
8476,2025-11-22,103,Luis Garcia.,CABA,Monitor 24',Electronica,$ 350.0,1.0,Transferencia
8477,2025-05-14,104,Ana Lopez,Mendoza,Teclado Mecanico,Accesorios,$ 80.0,5.0,Debito
8478,2025-07-21,106,Lucia Fernandez,TUCUMAN,Cable HDMI,Cables,$ 15.75,5.0,Tarjeta Credito
8479,2025-06-21,101,JUAN PEREZ,CORDOBA,Laptop Pro,Electronica,$ 1200.5,5.0,Transferencia
8480,17/03/2025,106,Lucia Fernandez,TUCUMAN,Teclado Mecanico,Accesorios,$ 80.0,4.0,Debito
8481,2025-11-13,104,Ana Lopez,Mendoza,Teclado Mecanico,Accesorios,$ 80.0,4.0,Debito
8482,2025-01-06,105,PEDRO GOMEZ,CORDOBA,Laptop Pro,Electronica,$ 1200.5,2.0,Efectivo
8483,2025-11-09,101,JUAN PEREZ,CORDOBA,Cable HDMI,Cables,$ 15.75,1.0,Transferencia
8484,2025-02-19,102,  marta Sanchez  ,ROSARIO,Silla Gamer,Muebles,$ 250.0,2.0,Tarjeta Credito
8485,2025-12-10,105,PEDRO GOMEZ,CORDOBA,Mouse Optico,Accesorios,$ 25.0,1.0,Debito
8486,2025-01-09,106,Lucia Fernandez,TUCUMAN,Mouse Optico,Accesorios,$ 25.0,2.0,Efectivo
8487,2025-12-14,106,Lucia Fernandez,TUCUMAN,Laptop Pro,Electronica,$ 1200.5,4.0,Tarjeta Credito
8488,2025-08-03,106,Lucia Fernandez,TUCUMAN,Cable HDMI,Cables,$ 15.75,1.0,Tarjeta Credito
8489,2025-05-19,101,JUAN PEREZ,CORDOBA,Cable HDMI,Cables,,1.0,Transferencia
8490,10/12/2025,106,Lucia Fernandez,TUCUMAN,Silla Gamer,Muebles,$ 250.0,4.0,Transferencia
8491,2025-09-28,104,Ana Lopez,Mendoza,Laptop Pro,Electronica,$ 1200.5,2.0,Transferencia
8492,2025-11-28,105,PEDRO GOMEZ,CORDOBA,Cable HDMI,Cables,$ 15.75,4.0,Debito
8493,2025-08-08,106,Lucia Fernandez,TUCUMAN,Teclado Mecanico,Accesorios,,3.0,Tarjeta Credito
8494,2025-01-14,105,PEDRO GOMEZ,CORDOBA,Silla Gamer,Muebles,$ 250.0,1.0,Tarjeta Credito
8495,2025-01-23,105,PEDRO GOMEZ,CORDOBA,Mouse Optico,Accesorios,$ 25.0,3.0,Tarjeta Credito
8496,2025-10-30,106,Lucia Fernandez,TUCUMAN,Silla Gamer,Muebles,$ 250.0,3.0,Efectivo
8497,2025-06-09,104,Ana Lopez,Mendoza,Monitor 24',Electronica,$ 350.0,3.0,Tarjeta Credito
8498,2025-04-19,102,  marta Sanchez  ,ROSARIO,Monitor 24',Electronica,$ 350.0,3.0,Tarjeta Credito
8499,2025-11-02,106,Lucia Fernandez,TUCUMAN,Mouse Optico,Accesorios,$ 25.0,5.0,Tarjeta Credito
8500,17/02/2025,104,Ana Lopez,Mendoza,Teclado Mecanico,Accesorios,$ 80.0,5.0,Tarjeta Credito
8501,2025-11-09,106,Lucia Fernandez,TUCUMAN,Monitor 24',Electronica,$ 350.0,4.0,Efectivo
8502,2025-05-02,105,PEDRO GOMEZ,CORDOBA,Laptop Pro,Electronica,$ 1200.5,4.0,Debito
8503,2025-12-23,103,Luis Garcia.,CABA,Cable HDMI,Cables,$ 15.75,4.0,Debito
8504,2025-07-10,104,Ana Lopez,Mendoza,Monitor 24',Electronica,,1.0,Efectivo
8505,2025-06-23,102,  marta Sanchez  ,ROSARIO,Teclado Mecanico,Accesorios,$ 80.0,1.0,Efectivo
8506,2025-11-27,104,Ana Lopez,Mendoza,Monitor 24',Electronica,$ 350.0,2.0,Efectivo
8507,2025-10-03,101,JUAN PEREZ,CORDOBA,Silla Gamer,Muebles,$ 250.0,1.0,Transferencia
8508,2025-04-20,105,PEDRO GOMEZ,CORDOBA,Laptop Pro,Electronica,$ 1200.5,4.0,Debito
8509,2025-08-30,103,Luis Garcia.,CABA,Teclado Mecanico,Accesorios,$ 80.0,3.0,Tarjeta Credito
8510,13/05/2025,103,Luis Garcia.,CABA,Mouse Optico,Accesorios,$ 25.0,4.0,Efectivo
8511,2025-03-11,102,  marta Sanchez  ,ROSARIO,Cable HDMI,Cables,$ 15.75,2.0,Tarjeta Credito
8512,2025-01-23,104,Ana Lopez,Mendoza,Cable HDMI,Cables,$ 15.75,2.0,Debito
8513,2025-01-02,105,PEDRO GOMEZ,CORDOBA,Laptop Pro,Electronica,$ 1200.5,2.0,Tarjeta Credito
8514,2025-05-03,105,PEDRO GOMEZ,CORDOBA,Mouse Optico,Accesorios,$ 25.0,4.0,Tarjeta Credito
8515,2025-11-11,105,PEDRO GOMEZ,CORDOBA,Silla Gamer,Muebles,,4.0,Efectivo
8516,2025-07-24,101,JUAN PEREZ,CORDOBA,Teclado Mecanico,Accesorios,$ 80.0,,Debito
8517,2025-05-17,103,Luis Garcia.,CABA,Monitor 24',Electronica,$ 350.0,2.0,Efectivo
8518,2025-12-28,106,Lucia Fernandez,TUCUMAN,Silla Gamer,Muebles,$ 250.0,1.0,Debito
8519,2025-03-06,106,Lucia Fernandez,TUCUMAN,Mouse Optico,Accesorios,$ 25.0,4.0,Transferencia
8520,10/01/2025,104,Ana Lopez,Mendoza,Laptop Pro,Electronica,$ 1200.5,1.0,Transferencia
8521,2025-01-10,106,Lucia Fernandez,TUCUMAN,Teclado Mecanico,Accesorios,$ 80.0,3.0,Debito
8522,2025-06-19,103,Luis Garcia.,CABA,Silla Gamer,Muebles,$ 250.0,5.0,Efectivo
8523,2025-09-17,104,Ana Lopez,Mendoza,Cable HDMI,Cables,$ 15.75,5.0,Transferencia
8524,2025-10-27,102,  marta Sanchez  ,ROSARIO,Silla Gamer,Muebles,$ 250.0,2.0,Tarjeta Credito
8525,2025-04-01,105,PEDRO GOMEZ,CORDOBA,Laptop Pro,Electronica,$ 1200.5,4.0,Debito
8526,2025-06-05,101,JUAN PEREZ,CORDOBA,Silla Gamer,Muebles,$ 250.0,2.0,Debito
8527,2025-11-26,102,  marta Sanchez  ,ROSARIO,Teclado Mecanico,Accesorios,$ 80.0,1.0,Efectivo
8528,2025-04-25,104,Ana Lopez,Mendoza,Monitor 24',Electronica,$ 350.0,3.0,Debito
8529,2025-02-23,104,Ana Lopez,Mendoza,Mouse Optico,Accesorios,$ 25.0,3.0,Transferencia
8530,09/01/2025,106,Lucia Fernandez,TUCUMAN,Cable HDMI,Cables,,5.0,Transferencia
8531,2025-10-03,106,Lucia Fernandez,TUCUMAN,Teclado Mecanico,Accesorios,$ 80.0,2.0,Efectivo
8532,2025-12-04,104,Ana Lopez,Mendoza,Silla Gamer,Muebles,$ 250.0,2.0,Tarjeta Credito
8533,2025-07-26,104,Ana Lopez,Mendoza,Teclado Mecanico,Accesorios,$ 80.0,5.0,Debito
8534,2025-01-11,101,JUAN PEREZ,CORDOBA,Laptop Pro,Electronica,$ 1200.5,3.0,Debito
8535,2025-03-23,105,PEDRO GOMEZ,CORDOBA,Silla Gamer,Muebles,$ 250.0,3.0,Debito
8536,2025-03-08,103,Luis Garcia.,CABA,Cable HDMI,Cables,$ 15.75,3.0,Efectivo
8537,2025-01-22,106,Lucia Fernandez,TUCUMAN,Silla Gamer,Muebles,$ 250.0,3.0,Efectivo
8538,2025-04-30,101,JUAN PEREZ,CORDOBA,Silla Gamer,Muebles,$ 250.0,2.0,Transferencia
8539,2025-07-13,106,Lucia Fernandez,TUCUMAN,Monitor 24',Electronica,$ 350.0,5.0,Tarjeta Credito
8540,12/05/2025,105,PEDRO GOMEZ,CORDOBA,Laptop Pro,Electronica,$ 1200.5,1.0,Transferencia
8541,2025-07-27,105,PEDRO GOMEZ,CORDOBA,Silla Gamer,Muebles,$ 250.0,2.0,Transferencia
8542,2025-12-06,101,JUAN PEREZ,CORDOBA,Monitor 24',Electronica,$ 350.0,1.0,Debito
8543,2025-11-13,105,PEDRO GOMEZ,CORDOBA,Laptop Pro,Electronica,,5.0,Debito
8544,2025-01-12,105,PEDRO GOMEZ,CORDOBA,Teclado Mecanico,Accesorios,$ 80.0,2.0,Transferencia
8545,2025-02-06,103,Luis Garcia.,CABA,Monitor 24',Electronica,$ 350.0,5.0,Efectivo
8546,2025-02-14,103,Luis Garcia.,CABA,Monitor 24',Electronica,$ 350.0,4.0,Tarjeta Credito
8547,2025-09-09,103,Luis Garcia.,CABA,Silla Gamer,Muebles,$ 250.0,2.0,Efectivo
8548,2025-06-07,101,JUAN PEREZ,CORDOBA,Teclado Mecanico,Accesorios,$ 80.0,1.0,Transferencia
8549,2025-12-11,105,PEDRO GOMEZ,CORDOBA,Monitor 24',Electronica,$ 350.0,1.0,Debito
8550,17/08/2025,105,PEDRO GOMEZ,CORDOBA,Teclado Mecanico,Accesorios,$ 80.0,1.0,Tarjeta Credito
8551,2025-06-13,103,Luis Garcia.,CABA,Mouse Optico,Accesorios,$ 25.0,4.0,Tarjeta Credito
8552,2025-07-20,106,Lucia Fernandez,TUCUMAN,Mouse Optico,Accesorios,$ 25.0,4.0,Tarjeta Credito
8553,2025-05-10,103,Luis Garcia.,CABA,Mouse Optico,Accesorios,$ 25.0,3.0,Tarjeta Credito
8554,2025-04-25,104,Ana Lopez,Mendoza,Silla Gamer,Muebles,$ 250.0,4.0,Tarjeta Credito
8555,2025-09-18,106,Lucia Fernandez,TUCUMAN,Monitor 24',Electronica,$ 350.0,2.0,Efectivo
8556,2025-08-02,106,Lucia Fernandez,TUCUMAN,Mouse Optico,Accesorios,$ 25.0,4.0,Transferencia
8557,2025-12-15,106,Lucia Fernandez,TUCUMAN,Teclado Mecanico,Accesorios,$ 80.0,2.0,Tarjeta Credito
8558,2025-05-14,104,Ana Lopez,Mendoza,Laptop Pro,Electronica,$ 1200.5,1.0,Debito
8559,2025-02-14,106,Lucia Fernandez,TUCUMAN,Monitor 24',Electronica,$ 350.0,1.0,Tarjeta Credito
8560,21/03/2025,106,Lucia Fernandez,TUCUMAN,Cable HDMI,Cables,$ 15.75,2.0,Efectivo
8561,2025-08-07,105,PEDRO GOMEZ,CORDOBA,Silla Gamer,Muebles,$ 250.0,2.0,Debito
8562,2025-07-15,104,Ana Lopez,Mendoza,Teclado Mecanico,Accesorios,$ 80.0,,Transferencia
8563,2025-03-04,103,Luis Garcia.,CABA,Teclado Mecanico,Accesorios,$ 80.0,2.0,Debito
8564,2025-01-04,103,Luis Garcia.,CABA,Silla Gamer,Muebles,$ 250.0,2.0,Debito
8565,2025-08-09,103,Luis Garcia.,CABA,Silla Gamer,Muebles,$ 250.0,2.0,Debito
8566,2025-07-18,104,Ana Lopez,Mendoza,Monitor 24',Electronica,$ 350.0,3.0,Efectivo
8567,2025-01-08,106,Lucia Fernandez,TUCUMAN,Monitor 24',Electronica,$ 350.0,5.0,Transferencia
8568,2025-07-04,105,PEDRO GOMEZ,CORDOBA,Teclado Mecanico,Accesorios,$ 80.0,4.0,Efectivo
8569,2025-04-03,106,Lucia Fernandez,TUCUMAN,Mouse Optico,Accesorios,$ 25.0,3.0,Debito
8570,12/05/2025,101,JUAN PEREZ,CORDOBA,Monitor 24',Electronica,$ 350.0,4.0,Efectivo
8571,2025-12-24,105,PEDRO GOMEZ,CORDOBA,Silla Gamer,Muebles,$ 250.0,1.0,Tarjeta Credito
8572,2025-12-02,105,PEDRO GOMEZ,CORDOBA,Silla Gamer,Muebles,$ 250.0,5.0,Transferencia
8573,2025-05-20,104,Ana Lopez,Mendoza,Laptop Pro,Electronica,$ 1200.5,3.0,Transferencia
8574,2025-02-02,105,PEDRO GOMEZ,CORDOBA,Teclado Mecanico,Accesorios,$ 80.0,5.0,Transferencia
8575,2025-11-29,103,Luis Garcia.,CABA,Silla Gamer,Muebles,$ 250.0,2.0,Debito
8576,2025-10-09,106,Lucia Fernandez,TUCUMAN,Mouse Optico,Accesorios,$ 25.0,2.0,Efectivo
8577,2025-11-12,101,JUAN PEREZ,CORDOBA,Mouse Optico,Accesorios,$ 25.0,5.0,Tarjeta Credito
8578,2025-08-06,103,Luis Garcia.,CABA,Silla Gamer,Muebles,$ 250.0,5.0,Tarjeta Credito
8579,2025-08-20,105,PEDRO GOMEZ,CORDOBA,Silla Gamer,Muebles,$ 250.0,3.0,Transferencia
8580,07/06/2025,104,Ana Lopez,Mendoza,Mouse Optico,Accesorios,$ 25.0,1.0,Efectivo
8581,2025-08-22,104,Ana Lopez,Mendoza,Cable HDMI,Cables,$ 15.75,5.0,Tarjeta Credito
8582,2025-03-04,103,Luis Garcia.,CABA,Teclado Mecanico,Accesorios,$ 80.0,1.0,Debito
8583,2025-08-31,102,  marta Sanchez  ,ROSARIO,Teclado Mecanico,Accesorios,$ 80.0,5.0,Debito
8584,2025-05-30,102,  marta Sanchez  ,ROSARIO,Laptop Pro,Electronica,,2.0,Tarjeta Credito
8585,2025-03-02,105,PEDRO GOMEZ,CORDOBA,Silla Gamer,Muebles,$ 250.0,1.0,Debito
8586,2025-12-12,102,  marta Sanchez  ,ROSARIO,Monitor 24',Electronica,$ 350.0,5.0,Debito
8587,2025-03-30,104,Ana Lopez,Mendoza,Teclado Mecanico,Accesorios,$ 80.0,2.0,Transferencia
8588,2025-10-19,103,Luis Garcia.,CABA,Teclado Mecanico,Accesorios,$ 80.0,2.0,Efectivo
8589,2025-11-30,104,Ana Lopez,Mendoza,Teclado Mecanico,Accesorios,$ 80.0,4.0,Debito
8590,22/08/2025,101,JUAN PEREZ,CORDOBA,Silla Gamer,Muebles,$ 250.0,1.0,Efectivo
8591,2025-10-20,105,PEDRO GOMEZ,CORDOBA,Silla Gamer,Muebles,$ 250.0,3.0,Debito
8592,2025-12-21,105,PEDRO GOMEZ,CORDOBA,Monitor 24',Electronica,$ 350.0,2.0,Tarjeta Credito
8593,2025-04-07,101,JUAN PEREZ,CORDOBA,Cable HDMI,Cables,$ 15.75,4.0,Transferencia
8594,2025-05-18,103,Luis Garcia.,CABA,Monitor 24',Electronica,$ 350.0,1.0,Tarjeta Credito
8595,2025-09-23,103,Luis Garcia.,CABA,Monitor 24',Electronica,$ 350.0,1.0,Tarjeta Credito
8596,2025-02-13,105,PEDRO GOMEZ,CORDOBA,Monitor 24',Electronica,$ 350.0,1.0,Debito
8597,2025-08-22,101,JUAN PEREZ,CORDOBA,Teclado Mecanico,Accesorios,$ 80.0,5.0,Transferencia
8598,2025-02-19,101,JUAN PEREZ,CORDOBA,Mouse Optico,Accesorios,$ 25.0,3.0,Efectivo
8599,2025-04-11,102,  marta Sanchez  ,ROSARIO,Cable HDMI,Cables,$ 15.75,2.0,Efectivo
8600,25/04/2025,103,Luis Garcia.,CABA,Laptop Pro,Electronica,$ 1200.5,2.0,Tarjeta Credito
8601,2025-03-24,101,JUAN PEREZ,CORDOBA,Laptop Pro,Electronica,$ 1200.5,4.0,Debito
8602,2025-02-05,103,Luis Garcia.,CABA,Cable HDMI,Cables,$ 15.75,5.0,Efectivo
8603,2025-08-30,105,PEDRO GOMEZ,CORDOBA,Teclado Mecanico,Accesorios,,4.0,Tarjeta Credito
8604,2025-09-30,103,Luis Garcia.,CABA,Teclado Mecanico,Accesorios,$ 80.0,5.0,Transferencia
8605,2025-02-04,102,  marta Sanchez  ,ROSARIO,Laptop Pro,Electronica,$ 1200.5,2.0,Efectivo
8606,2025-07-18,103,Luis Garcia.,CABA,Monitor 24',Electronica,$ 350.0,4.0,Debito
8607,2025-09-21,105,PEDRO GOMEZ,CORDOBA,Cable HDMI,Cables,$ 15.75,2.0,Debito
8608,2025-05-01,105,PEDRO GOMEZ,CORDOBA,Teclado Mecanico,Accesorios,$ 80.0,3.0,Efectivo
8609,2025-10-24,106,Lucia Fernandez,TUCUMAN,Monitor 24',Electronica,$ 350.0,4.0,Transferencia
8610,18/08/2025,102,  marta Sanchez  ,ROSARIO,Teclado Mecanico,Accesorios,$ 80.0,1.0,Debito
8611,2025-05-21,106,Lucia Fernandez,TUCUMAN,Laptop Pro,Electronica,$ 1200.5,3.0,Transferencia
8612,2025-03-13,105,PEDRO GOMEZ,CORDOBA,Cable HDMI,Cables,$ 15.75,2.0,Efectivo
8613,2025-04-19,104,Ana Lopez,Mendoza,Monitor 24',Electronica,$ 350.0,3.0,Tarjeta Credito
8614,2025-12-06,104,Ana Lopez,Mendoza,Cable HDMI,Cables,$ 15.75,1.0,Transferencia
8615,2025-03-10,105,PEDRO GOMEZ,CORDOBA,Teclado Mecanico,Accesorios,$ 80.0,1.0,Transferencia
8616,2025-10-31,105,PEDRO GOMEZ,CORDOBA,Mouse Optico,Accesorios,$ 25.0,5.0,Tarjeta Credito
8617,2025-01-02,101,JUAN PEREZ,CORDOBA,Monitor 24',Electronica,$ 350.0,3.0,Efectivo
8618,2025-08-07,103,Luis Garcia.,CABA,Teclado Mecanico,Accesorios,$ 80.0,1.0,Debito
8619,2025-05-02,105,PEDRO GOMEZ,CORDOBA,Laptop Pro,Electronica,,1.0,Tarjeta Credito
8620,23/12/2025,103,Luis Garcia.,CABA,Silla Gamer,Muebles,$ 250.0,1.0,Tarjeta Credito
8621,2025-03-02,106,Lucia Fernandez,TUCUMAN,Mouse Optico,Accesorios,$ 25.0,2.0,Transferencia
8622,2025-07-03,104,Ana Lopez,Mendoza,Laptop Pro,Electronica,$ 1200.5,1.0,Tarjeta Credito
8623,2025-05-17,101,JUAN PEREZ,CORDOBA,Monitor 24',Electronica,$ 350.0,5.0,Transferencia
8624,2025-12-16,105,PEDRO GOMEZ,CORDOBA,Laptop Pro,Electronica,$ 1200.5,1.0,Debito
8625,2025-01-25,105,PEDRO GOMEZ,CORDOBA,Silla Gamer,Muebles,$ 250.0,4.0,Efectivo
8626,2025-11-26,101,JUAN PEREZ,CORDOBA,Teclado Mecanico,Accesorios,$ 80.0,5.0,Transferencia
8627,2025-10-21,101,JUAN PEREZ,CORDOBA,Monitor 24',Electronica,$ 350.0,4.0,Tarjeta Credito
8628,2025-02-08,105,PEDRO GOMEZ,CORDOBA,Laptop Pro,Electronica,$ 1200.5,1.0,Tarjeta Credito
8629,2025-04-21,103,Luis Garcia.,CABA,Silla Gamer,Muebles,$ 250.0,5.0,Debito
8630,08/11/2025,103,Luis Garcia.,CABA,Mouse Optico,Accesorios,$ 25.0,2.0,Efectivo
8631,2025-04-17,105,PEDRO GOMEZ,CORDOBA,Teclado Mecanico,Accesorios,$ 80.0,,Debito
8632,2025-07-10,101,JUAN PEREZ,CORDOBA,Laptop Pro,Electronica,$ 1200.5,1.0,Efectivo
8633,2025-06-26,102,  marta Sanchez  ,ROSARIO,Mouse Optico,Accesorios,$ 25.0,3.0,Tarjeta Credito
8634,2025-09-11,103,Luis Garcia.,CABA,Cable HDMI,Cables,,5.0,Efectivo
8635,2025-02-19,103,Luis Garcia.,CABA,Monitor 24',Electronica,$ 350.0,2.0,Transferencia
8636,2025-01-17,106,Lucia Fernandez,TUCUMAN,Monitor 24',Electronica,$ 350.0,4.0,Efectivo
8637,2025-11-24,101,JUAN PEREZ,CORDOBA,Laptop Pro,Electronica,$ 1200.5,5.0,Tarjeta Credito
8638,2025-05-01,106,Lucia Fernandez,TUCUMAN,Laptop Pro,Electronica,$ 1200.5,1.0,Debito
8639,2025-08-14,104,Ana Lopez,Mendoza,Teclado Mecanico,Accesorios,$ 80.0,3.0,Transferencia
8640,20/06/2025,101,JUAN PEREZ,CORDOBA,Cable HDMI,Cables,$ 15.75,4.0,Tarjeta Credito
8641,2025-04-07,103,Luis Garcia.,CABA,Silla Gamer,Muebles,$ 250.0,1.0,Tarjeta Credito
8642,2025-12-05,105,PEDRO GOMEZ,CORDOBA,Silla Gamer,Muebles,$ 250.0,3.0,Efectivo
8643,2025-04-13,104,Ana Lopez,Mendoza,Cable HDMI,Cables,$ 15.75,5.0,Tarjeta Credito
8644,2025-01-13,102,  marta Sanchez  ,ROSARIO,Teclado Mecanico,Accesorios,$ 80.0,1.0,Transferencia
8645,2025-10-10,101,JUAN PEREZ,CORDOBA,Monitor 24',Electronica,$ 350.0,3.0,Efectivo
8646,2025-02-01,102,  marta Sanchez  ,ROSARIO,Silla Gamer,Muebles,$ 250.0,5.0,Tarjeta Credito
8647,2025-01-12,102,  marta Sanchez  ,ROSARIO,Monitor 24',Electronica,$ 350.0,1.0,Efectivo
8648,2025-01-30,101,JUAN PEREZ,CORDOBA,Monitor 24',Electronica,$ 350.0,2.0,Debito
8649,2025-01-18,101,JUAN PEREZ,CORDOBA,Teclado Mecanico,Accesorios,,5.0,Efectivo
8650,03/12/2025,103,Luis Garcia.,CABA,Silla Gamer,Muebles,$ 250.0,2.0,Transferencia
8651,2025-09-17,106,Lucia Fernandez,TUCUMAN,Monitor 24',Electronica,$ 350.0,,Efectivo
8652,2025-03-26,106,Lucia Fernandez,TUCUMAN,Monitor 24',Electronica,$ 350.0,5.0,Debito
8653,2025-07-04,102,  marta Sanchez  ,ROSARIO,Monitor 24',Electronica,$ 350.0,1.0,Transferencia
8654,2025-12-21,106,Lucia Fernandez,TUCUMAN,Silla Gamer,Muebles,$ 250.0,5.0,Debito
8655,2025-01-30,101,JUAN PEREZ,CORDOBA,Laptop Pro,Electronica,$ 1200.5,1.0,Efectivo
8656,2025-05-11,102,  marta Sanchez  ,ROSARIO,Cable HDMI,Cables,$ 15.75,1.0,Tarjeta Credito
8657,2025-09-21,101,JUAN PEREZ,CORDOBA,Monitor 24',Electronica,$ 350.0,1.0,Debito
8658,2025-03-11,106,Lucia Fernandez,TUCUMAN,Monitor 24',Electronica,$ 350.0,1.0,Transferencia
8659,2025-07-31,101,JUAN PEREZ,CORDOBA,Teclado Mecanico,Accesorios,$ 80.0,5.0,Tarjeta Credito
8660,31/01/2025,106,Lucia Fernandez,TUCUMAN,Silla Gamer,Muebles,,2.0,Transferencia
8661,2025-03-04,106,Lucia Fernandez,TUCUMAN,Laptop Pro,Electronica,$ 1200.5,4.0,Efectivo
8662,2025-07-19,103,Luis Garcia.,CABA,Silla Gamer,Muebles,$ 250.0,2.0,Transferencia
8663,2025-11-28,105,PEDRO GOMEZ,CORDOBA,Silla Gamer,Muebles,$ 250.0,4.0,Efectivo
8664,2025-05-04,101,JUAN PEREZ,CORDOBA,Monitor 24',Electronica,$ 350.0,2.0,Transferencia
8665,2025-09-07,105,PEDRO GOMEZ,CORDOBA,Laptop Pro,Electronica,$ 1200.5,1.0,Efectivo
8666,2025-12-12,102,  marta Sanchez  ,ROSARIO,Cable HDMI,Cables,$ 15.75,1.0,Efectivo
8667,2025-07-08,106,Lucia Fernandez,TUCUMAN,Cable HDMI,Cables,,3.0,Transferencia
8668,2025-02-05,105,PEDRO GOMEZ,CORDOBA,Silla Gamer,Muebles,$ 250.0,2.0,Efectivo
8669,2025-04-02,104,Ana Lopez,Mendoza,Teclado Mecanico,Accesorios,$ 80.0,4.0,Transferencia
8670,04/03/2025,104,Ana Lopez,Mendoza,Monitor 24',Electronica,$ 350.0,3.0,Tarjeta Credito
8671,2025-08-24,103,Luis Garcia.,CABA,Silla Gamer,Muebles,$ 250.0,1.0,Efectivo
8672,2025-02-16,103,Luis Garcia.,CABA,Monitor 24',Electronica,$ 350.0,3.0,Transferencia
8673,2025-05-12,105,PEDRO GOMEZ,CORDOBA,Teclado Mecanico,Accesorios,$ 80.0,2.0,Tarjeta Credito
8674,2025-03-07,104,Ana Lopez,Mendoza,Mouse Optico,Accesorios,$ 25.0,5.0,Debito
8675,2025-03-29,106,Lucia Fernandez,TUCUMAN,Silla Gamer,Muebles,$ 250.0,2.0,Tarjeta Credito
8676,2025-02-08,102,  marta Sanchez  ,ROSARIO,Cable HDMI,Cables,$ 15.75,2.0,Debito
8677,2025-12-01,103,Luis Garcia.,CABA,Laptop Pro,Electronica,$ 1200.5,2.0,Tarjeta Credito
8678,2025-06-21,103,Luis Garcia.,CABA,Silla Gamer,Muebles,$ 250.0,1.0,Transferencia
8679,2025-07-05,101,JUAN PEREZ,CORDOBA,Monitor 24',Electronica,$ 350.0,2.0,Efectivo
8680,22/04/2025,102,  marta Sanchez  ,ROSARIO,Laptop Pro,Electronica,$ 1200.5,1.0,Transferencia
8681,2025-03-01,101,JUAN PEREZ,CORDOBA,Laptop Pro,Electronica,$ 1200.5,4.0,Efectivo
8682,2025-02-12,103,Luis Garcia.,CABA,Mouse Optico,Accesorios,$ 25.0,4.0,Tarjeta Credito
8683,2025-12-06,103,Luis Garcia.,CABA,Monitor 24',Electronica,$ 350.0,2.0,Debito
8684,2025-12-05,104,Ana Lopez,Mendoza,Laptop Pro,Electronica,$ 1200.5,3.0,Debito
8685,2025-11-30,104,Ana Lopez,Mendoza,Cable HDMI,Cables,$ 15.75,5.0,Debito
8686,2025-06-29,106,Lucia Fernandez,TUCUMAN,Mouse Optico,Accesorios,$ 25.0,3.0,Tarjeta Credito
8687,2025-06-28,101,JUAN PEREZ,CORDOBA,Mouse Optico,Accesorios,,4.0,Efectivo
8688,2025-07-14,105,PEDRO GOMEZ,CORDOBA,Cable HDMI,Cables,$ 15.75,4.0,Transferencia
8689,2025-07-30,102,  marta Sanchez  ,ROSARIO,Cable HDMI,Cables,$ 15.75,4.0,Tarjeta Credito
8690,25/05/2025,101,JUAN PEREZ,CORDOBA,Cable HDMI,Cables,$ 15.75,3.0,Transferencia
8691,2025-02-18,102,  marta Sanchez  ,ROSARIO,Laptop Pro,Electronica,$ 1200.5,4.0,Tarjeta Credito
8692,2025-03-14,106,Lucia Fernandez,TUCUMAN,Monitor 24',Electronica,$ 350.0,5.0,Transferencia
8693,2025-03-12,102,  marta Sanchez  ,ROSARIO,Silla Gamer,Muebles,$ 250.0,3.0,Transferencia
8694,2025-07-28,102,  marta Sanchez  ,ROSARIO,Laptop Pro,Electronica,$ 1200.5,4.0,Debito
8695,2025-12-07,106,Lucia Fernandez,TUCUMAN,Cable HDMI,Cables,$ 15.75,4.0,Debito
8696,2025-02-28,101,JUAN PEREZ,CORDOBA,Teclado Mecanico,Accesorios,$ 80.0,5.0,Efectivo
8697,2025-03-02,101,JUAN PEREZ,CORDOBA,Laptop Pro,Electronica,$ 1200.5,4.0,Transferencia
8698,2025-01-31,102,  marta Sanchez  ,ROSARIO,Cable HDMI,Cables,$ 15.75,3.0,Efectivo
8699,2025-01-06,105,PEDRO GOMEZ,CORDOBA,Teclado Mecanico,Accesorios,$ 80.0,2.0,Debito
8700,04/06/2025,102,  marta Sanchez  ,ROSARIO,Silla Gamer,Muebles,$ 250.0,3.0,Debito
8701,2025-04-16,106,Lucia Fernandez,TUCUMAN,Cable HDMI,Cables,$ 15.75,4.0,Debito
8702,2025-09-23,103,Luis Garcia.,CABA,Laptop Pro,Electronica,$ 1200.5,4.0,Tarjeta Credito
8703,2025-09-28,101,JUAN PEREZ,CORDOBA,Teclado Mecanico,Accesorios,$ 80.0,1.0,Tarjeta Credito
8704,2025-09-07,102,  marta Sanchez  ,ROSARIO,Silla Gamer,Muebles,$ 250.0,5.0,Efectivo
8705,2025-06-07,102,  marta Sanchez  ,ROSARIO,Monitor 24',Electronica,$ 350.0,2.0,Debito
8706,2025-01-27,104,Ana Lopez,Mendoza,Teclado Mecanico,Accesorios,$ 80.0,4.0,Debito
8707,2025-10-03,101,JUAN PEREZ,CORDOBA,Laptop Pro,Electronica,$ 1200.5,5.0,Transferencia
8708,2025-08-14,106,Lucia Fernandez,TUCUMAN,Teclado Mecanico,Accesorios,$ 80.0,4.0,Debito
8709,2025-08-02,103,Luis Garcia.,CABA,Cable HDMI,Cables,$ 15.75,3.0,Efectivo
8710,25/08/2025,106,Lucia Fernandez,TUCUMAN,Mouse Optico,Accesorios,$ 25.0,2.0,Tarjeta Credito
8711,2025-09-24,106,Lucia Fernandez,TUCUMAN,Cable HDMI,Cables,$ 15.75,3.0,Efectivo
8712,2025-06-21,101,JUAN PEREZ,CORDOBA,Mouse Optico,Accesorios,$ 25.0,3.0,Efectivo
8713,2025-11-02,106,Lucia Fernandez,TUCUMAN,Teclado Mecanico,Accesorios,$ 80.0,4.0,Tarjeta Credito
8714,2025-11-25,104,Ana Lopez,Mendoza,Teclado Mecanico,Accesorios,$ 80.0,3.0,Efectivo
8715,2025-01-11,102,  marta Sanchez  ,ROSARIO,Laptop Pro,Electronica,$ 1200.5,3.0,Tarjeta Credito
8716,2025-03-30,102,  marta Sanchez  ,ROSARIO,Teclado Mecanico,Accesorios,$ 80.0,1.0,Transferencia
8717,2025-10-11,105,PEDRO GOMEZ,CORDOBA,Silla Gamer,Muebles,$ 250.0,2.0,Efectivo
8718,2025-07-07,101,JUAN PEREZ,CORDOBA,Monitor 24',Electronica,$ 350.0,2.0,Efectivo
8719,2025-08-29,101,JUAN PEREZ,CORDOBA,Teclado Mecanico,Accesorios,$ 80.0,4.0,Efectivo
8720,26/07/2025,102,  marta Sanchez  ,ROSARIO,Silla Gamer,Muebles,$ 250.0,3.0,Transferencia
8721,2025-03-21,104,Ana Lopez,Mendoza,Monitor 24',Electronica,$ 350.0,2.0,Tarjeta Credito
8722,2025-01-27,102,  marta Sanchez  ,ROSARIO,Mouse Optico,Accesorios,$ 25.0,,Efectivo
8723,2025-01-22,105,PEDRO GOMEZ,CORDOBA,Teclado Mecanico,Accesorios,$ 80.0,2.0,Tarjeta Credito
8724,2025-05-23,106,Lucia Fernandez,TUCUMAN,Laptop Pro,Electronica,$ 1200.5,5.0,Debito
8725,2025-08-13,104,Ana Lopez,Mendoza,Mouse Optico,Accesorios,$ 25.0,5.0,Transferencia
8726,2025-10-21,102,  marta Sanchez  ,ROSARIO,Laptop Pro,Electronica,$ 1200.5,5.0,Transferencia
8727,2025-07-11,102,  marta Sanchez  ,ROSARIO,Laptop Pro,Electronica,$ 1200.5,3.0,Tarjeta Credito
8728,2025-07-18,104,Ana Lopez,Mendoza,Cable HDMI,Cables,$ 15.75,3.0,Efectivo
8729,2025-06-29,103,Luis Garcia.,CABA,Silla Gamer,Muebles,$ 250.0,5.0,Efectivo
8730,14/01/2025,101,JUAN PEREZ,CORDOBA,Laptop Pro,Electronica,$ 1200.5,2.0,Tarjeta Credito
8731,2025-07-12,105,PEDRO GOMEZ,CORDOBA,Cable HDMI,Cables,$ 15.75,3.0,Tarjeta Credito
8732,2025-05-06,104,Ana Lopez,Mendoza,Mouse Optico,Accesorios,$ 25.0,3.0,Tarjeta Credito
8733,2025-06-11,106,Lucia Fernandez,TUCUMAN,Teclado Mecanico,Accesorios,$ 80.0,5.0,Transferencia
8734,2025-01-15,105,PEDRO GOMEZ,CORDOBA,Teclado Mecanico,Accesorios,$ 80.0,2.0,Tarjeta Credito
8735,2025-04-19,103,Luis Garcia.,CABA,Silla Gamer,Muebles,$ 250.0,1.0,Debito
8736,2025-04-22,101,JUAN PEREZ,CORDOBA,Monitor 24',Electronica,$ 350.0,4.0,Debito
8737,2025-03-15,102,  marta Sanchez  ,ROSARIO,Mouse Optico,Accesorios,$ 25.0,5.0,Efectivo
8738,2025-04-09,105,PEDRO GOMEZ,CORDOBA,Cable HDMI,Cables,$ 15.75,3.0,Transferencia
8739,2025-07-23,105,PEDRO GOMEZ,CORDOBA,Silla Gamer,Muebles,,4.0,Debito
8740,19/08/2025,106,Lucia Fernandez,TUCUMAN,Cable HDMI,Cables,$ 15.75,5.0,Tarjeta Credito
8741,2025-02-02,101,JUAN PEREZ,CORDOBA,Laptop Pro,Electronica,$ 1200.5,3.0,Transferencia
8742,2025-03-19,106,Lucia Fernandez,TUCUMAN,Cable HDMI,Cables,$ 15.75,3.0,Transferencia
8743,2025-08-27,102,  marta Sanchez  ,ROSARIO,Mouse Optico,Accesorios,$ 25.0,3.0,Tarjeta Credito
8744,2025-05-04,104,Ana Lopez,Mendoza,Silla Gamer,Muebles,$ 250.0,5.0,Debito
8745,2025-07-29,105,PEDRO GOMEZ,CORDOBA,Monitor 24',Electronica,,2.0,Debito
8746,2025-07-07,101,JUAN PEREZ,CORDOBA,Teclado Mecanico,Accesorios,$ 80.0,4.0,Transferencia
8747,2025-10-29,102,  marta Sanchez  ,ROSARIO,Silla Gamer,Muebles,$ 250.0,1.0,Efectivo
8748,2025-02-09,106,Lucia Fernandez,TUCUMAN,Teclado Mecanico,Accesorios,$ 80.0,1.0,Efectivo
8749,2025-07-14,104,Ana Lopez,Mendoza,Silla Gamer,Muebles,$ 250.0,5.0,Debito
8750,29/11/2025,106,Lucia Fernandez,TUCUMAN,Silla Gamer,Muebles,$ 250.0,1.0,Tarjeta Credito
8751,2025-09-08,103,Luis Garcia.,CABA,Mouse Optico,Accesorios,$ 25.0,5.0,Debito
8752,2025-06-19,104,Ana Lopez,Mendoza,Laptop Pro,Electronica,,2.0,Transferencia
8753,2025-05-21,104,Ana Lopez,Mendoza,Mouse Optico,Accesorios,$ 25.0,3.0,Debito
8754,2025-10-03,101,JUAN PEREZ,CORDOBA,Monitor 24',Electronica,$ 350.0,1.0,Tarjeta Credito
8755,2025-01-17,105,PEDRO GOMEZ,CORDOBA,Cable HDMI,Cables,$ 15.75,4.0,Transferencia
8756,2025-12-11,102,  marta Sanchez  ,ROSARIO,Mouse Optico,Accesorios,$ 25.0,1.0,Tarjeta Credito
8757,2025-06-22,104,Ana Lopez,Mendoza,Cable HDMI,Cables,$ 15.75,2.0,Debito
8758,2025-02-09,102,  marta Sanchez  ,ROSARIO,Cable HDMI,Cables,$ 15.75,2.0,Transferencia
8759,2025-03-14,102,  marta Sanchez  ,ROSARIO,Cable HDMI,Cables,$ 15.75,3.0,Tarjeta Credito
8760,19/06/2025,105,PEDRO GOMEZ,CORDOBA,Teclado Mecanico,Accesorios,$ 80.0,4.0,Tarjeta Credito
8761,2025-07-11,104,Ana Lopez,Mendoza,Teclado Mecanico,Accesorios,$ 80.0,3.0,Efectivo
8762,2025-05-01,105,PEDRO GOMEZ,CORDOBA,Cable HDMI,Cables,$ 15.75,,Transferencia
8763,2025-05-25,102,  marta Sanchez  ,ROSARIO,Silla Gamer,Muebles,,2.0,Debito
8764,2025-07-20,105,PEDRO GOMEZ,CORDOBA,Mouse Optico,Accesorios,$ 25.0,5.0,Transferencia
8765,2025-09-25,104,Ana Lopez,Mendoza,Teclado Mecanico,Accesorios,$ 80.0,1.0,Tarjeta Credito
8766,2025-07-09,104,Ana Lopez,Mendoza,Cable HDMI,Cables,$ 15.75,1.0,Tarjeta Credito
8767,2025-09-06,102,  marta Sanchez  ,ROSARIO,Mouse Optico,Accesorios,$ 25.0,,Transferencia
8768,2025-12-04,106,Lucia Fernandez,TUCUMAN,Teclado Mecanico,Accesorios,$ 80.0,1.0,Transferencia
8769,2025-05-01,105,PEDRO GOMEZ,CORDOBA,Laptop Pro,Electronica,$ 1200.5,1.0,Efectivo
8770,27/02/2025,102,  marta Sanchez  ,ROSARIO,Silla Gamer,Muebles,$ 250.0,4.0,Transferencia
8771,2025-04-27,104,Ana Lopez,Mendoza,Cable HDMI,Cables,$ 15.75,4.0,Efectivo
8772,2025-05-14,105,PEDRO GOMEZ,CORDOBA,Monitor 24',Electronica,$ 350.0,2.0,Transferencia
8773,2025-05-07,106,Lucia Fernandez,TUCUMAN,Silla Gamer,Muebles,$ 250.0,5.0,Transferencia
8774,2025-01-16,102,  marta Sanchez  ,ROSARIO,Monitor 24',Electronica,$ 350.0,5.0,Tarjeta Credito
8775,2025-11-10,105,PEDRO GOMEZ,CORDOBA,Monitor 24',Electronica,$ 350.0,4.0,Tarjeta Credito
8776,2025-01-14,106,Lucia Fernandez,TUCUMAN,Cable HDMI,Cables,$ 15.75,1.0,Tarjeta Credito
8777,2025-11-16,103,Luis Garcia.,CABA,Laptop Pro,Electronica,$ 1200.5,2.0,Debito
8778,2025-06-04,102,  marta Sanchez  ,ROSARIO,Monitor 24',Electronica,$ 350.0,4.0,Efectivo
8779,2025-03-11,105,PEDRO GOMEZ,CORDOBA,Monitor 24',Electronica,$ 350.0,2.0,Debito
8780,17/03/2025,102,  marta Sanchez  ,ROSARIO,Mouse Optico,Accesorios,$ 25.0,3.0,Transferencia
8781,2025-01-26,102,  marta Sanchez  ,ROSARIO,Monitor 24',Electronica,$ 350.0,5.0,Transferencia
8782,2025-08-15,102,  marta Sanchez  ,ROSARIO,Cable HDMI,Cables,$ 15.75,4.0,Efectivo
8783,2025-08-05,106,Lucia Fernandez,TUCUMAN,Laptop Pro,Electronica,,3.0,Efectivo
8784,2025-04-13,101,JUAN PEREZ,CORDOBA,Mouse Optico,Accesorios,$ 25.0,1.0,Efectivo
8785,2025-03-18,104,Ana Lopez,Mendoza,Monitor 24',Electronica,$ 350.0,3.0,Debito
8786,2025-02-17,101,JUAN PEREZ,CORDOBA,Silla Gamer,Muebles,$ 250.0,2.0,Tarjeta Credito
8787,2025-04-09,104,Ana Lopez,Mendoza,Mouse Optico,Accesorios,$ 25.0,1.0,Efectivo
8788,2025-07-06,104,Ana Lopez,Mendoza,Monitor 24',Electronica,$ 350.0,2.0,Debito
8789,2025-12-07,105,PEDRO GOMEZ,CORDOBA,Silla Gamer,Muebles,$ 250.0,1.0,Debito
8790,04/08/2025,104,Ana Lopez,Mendoza,Silla Gamer,Muebles,$ 250.0,5.0,Tarjeta Credito
8791,2025-07-31,105,PEDRO GOMEZ,CORDOBA,Teclado Mecanico,Accesorios,$ 80.0,2.0,Transferencia
8792,2025-05-21,102,  marta Sanchez  ,ROSARIO,Teclado Mecanico,Accesorios,$ 80.0,5.0,Efectivo
8793,2025-05-29,106,Lucia Fernandez,TUCUMAN,Laptop Pro,Electronica,$ 1200.5,3.0,Transferencia
8794,2025-03-21,106,Lucia Fernandez,TUCUMAN,Monitor 24',Electronica,$ 350.0,4.0,Transferencia
8795,2025-03-03,104,Ana Lopez,Mendoza,Mouse Optico,Accesorios,$ 25.0,3.0,Efectivo
8796,2025-03-16,102,  marta Sanchez  ,ROSARIO,Mouse Optico,Accesorios,$ 25.0,3.0,Transferencia
8797,2025-10-30,106,Lucia Fernandez,TUCUMAN,Laptop Pro,Electronica,$ 1200.5,5.0,Tarjeta Credito
8798,2025-12-16,106,Lucia Fernandez,TUCUMAN,Silla Gamer,Muebles,$ 250.0,3.0,Debito
8799,2025-08-21,102,  marta Sanchez  ,ROSARIO,Laptop Pro,Electronica,$ 1200.5,2.0,Efectivo
8800,14/10/2025,105,PEDRO GOMEZ,CORDOBA,Mouse Optico,Accesorios,$ 25.0,2.0,Transferencia
8801,2025-02-21,102,  marta Sanchez  ,ROSARIO,Teclado Mecanico,Accesorios,,3.0,Tarjeta Credito
8802,2025-11-29,102,  marta Sanchez  ,ROSARIO,Monitor 24',Electronica,$ 350.0,3.0,Transferencia
8803,2025-08-14,101,JUAN PEREZ,CORDOBA,Silla Gamer,Muebles,$ 250.0,1.0,Debito
8804,2025-06-28,102,  marta Sanchez  ,ROSARIO,Mouse Optico,Accesorios,$ 25.0,3.0,Efectivo
8805,2025-11-24,102,  marta Sanchez  ,ROSARIO,Mouse Optico,Accesorios,$ 25.0,2.0,Efectivo
8806,2025-09-06,103,Luis Garcia.,CABA,Laptop Pro,Electronica,$ 1200.5,2.0,Transferencia
8807,2025-10-04,101,JUAN PEREZ,CORDOBA,Teclado Mecanico,Accesorios,$ 80.0,5.0,Efectivo
8808,2025-12-19,103,Luis Garcia.,CABA,Cable HDMI,Cables,,3.0,Efectivo
8809,2025-12-12,104,Ana Lopez,Mendoza,Laptop Pro,Electronica,$ 1200.5,1.0,Tarjeta Credito
8810,01/04/2025,104,Ana Lopez,Mendoza,Silla Gamer,Muebles,$ 250.0,5.0,Transferencia
8811,2025-06-14,101,JUAN PEREZ,CORDOBA,Monitor 24',Electronica,$ 350.0,1.0,Transferencia
8812,2025-08-11,102,  marta Sanchez  ,ROSARIO,Cable HDMI,Cables,$ 15.75,4.0,Efectivo
8813,2025-08-09,104,Ana Lopez,Mendoza,Laptop Pro,Electronica,$ 1200.5,3.0,Efectivo
8814,2025-08-20,102,  marta Sanchez  ,ROSARIO,Mouse Optico,Accesorios,$ 25.0,2.0,Debito
8815,2025-03-07,104,Ana Lopez,Mendoza,Laptop Pro,Electronica,$ 1200.5,1.0,Debito
8816,2025-05-03,105,PEDRO GOMEZ,CORDOBA,Monitor 24',Electronica,$ 350.0,4.0,Efectivo
8817,2025-12-18,101,JUAN PEREZ,CORDOBA,Silla Gamer,Muebles,$ 250.0,2.0,Debito
8818,2025-01-27,104,Ana Lopez,Mendoza,Mouse Optico,Accesorios,$ 25.0,2.0,Transferencia
8819,2025-02-24,101,JUAN PEREZ,CORDOBA,Cable HDMI,Cables,$ 15.75,5.0,Debito
8820,20/12/2025,103,Luis Garcia.,CABA,Silla Gamer,Muebles,$ 250.0,3.0,Debito
8821,2025-03-01,103,Luis Garcia.,CABA,Laptop Pro,Electronica,$ 1200.5,3.0,Efectivo
8822,2025-08-20,102,  marta Sanchez  ,ROSARIO,Laptop Pro,Electronica,$ 1200.5,1.0,Efectivo
8823,2025-08-11,104,Ana Lopez,Mendoza,Laptop Pro,Electronica,$ 1200.5,5.0,Efectivo
8824,2025-11-05,101,JUAN PEREZ,CORDOBA,Mouse Optico,Accesorios,$ 25.0,4.0,Debito
8825,2025-06-26,103,Luis Garcia.,CABA,Monitor 24',Electronica,$ 350.0,1.0,Efectivo
8826,2025-03-08,101,JUAN PEREZ,CORDOBA,Monitor 24',Electronica,$ 350.0,1.0,Efectivo
8827,2025-07-29,104,Ana Lopez,Mendoza,Mouse Optico,Accesorios,$ 25.0,5.0,Efectivo
8828,2025-03-24,106,Lucia Fernandez,TUCUMAN,Monitor 24',Electronica,$ 350.0,2.0,Tarjeta Credito
8829,2025-11-13,102,  marta Sanchez  ,ROSARIO,Mouse Optico,Accesorios,$ 25.0,5.0,Transferencia
8830,03/07/2025,103,Luis Garcia.,CABA,Mouse Optico,Accesorios,$ 25.0,3.0,Tarjeta Credito
8831,2025-08-27,105,PEDRO GOMEZ,CORDOBA,Teclado Mecanico,Accesorios,$ 80.0,5.0,Debito
8832,2025-10-22,106,Lucia Fernandez,TUCUMAN,Silla Gamer,Muebles,$ 250.0,3.0,Transferencia
8833,2025-07-28,104,Ana Lopez,Mendoza,Silla Gamer,Muebles,$ 250.0,5.0,Debito
8834,2025-08-25,101,JUAN PEREZ,CORDOBA,Laptop Pro,Electronica,$ 1200.5,4.0,Efectivo
8835,2025-06-25,102,  marta Sanchez  ,ROSARIO,Silla Gamer,Muebles,$ 250.0,2.0,Efectivo
8836,2025-08-06,103,Luis Garcia.,CABA,Laptop Pro,Electronica,$ 1200.5,3.0,Transferencia
8837,2025-10-03,105,PEDRO GOMEZ,CORDOBA,Monitor 24',Electronica,$ 350.0,1.0,Debito
8838,2025-09-24,106,Lucia Fernandez,TUCUMAN,Mouse Optico,Accesorios,$ 25.0,3.0,Tarjeta Credito
8839,2025-04-15,104,Ana Lopez,Mendoza,Cable HDMI,Cables,$ 15.75,3.0,Transferencia
8840,17/10/2025,101,JUAN PEREZ,CORDOBA,Monitor 24',Electronica,$ 350.0,1.0,Efectivo
8841,2025-01-17,103,Luis Garcia.,CABA,Monitor 24',Electronica,$ 350.0,4.0,Transferencia
8842,2025-10-09,103,Luis Garcia.,CABA,Mouse Optico,Accesorios,$ 25.0,3.0,Tarjeta Credito
8843,2025-07-09,103,Luis Garcia.,CABA,Laptop Pro,Electronica,$ 1200.5,4.0,Debito
8844,2025-07-08,101,JUAN PEREZ,CORDOBA,Mouse Optico,Accesorios,$ 25.0,4.0,Transferencia
8845,2025-12-04,101,JUAN PEREZ,CORDOBA,Teclado Mecanico,Accesorios,$ 80.0,5.0,Debito
8846,2025-12-08,103,Luis Garcia.,CABA,Laptop Pro,Electronica,$ 1200.5,4.0,Efectivo
8847,2025-05-25,101,JUAN PEREZ,CORDOBA,Cable HDMI,Cables,,2.0,Efectivo
8848,2025-07-05,104,Ana Lopez,Mendoza,Laptop Pro,Electronica,$ 1200.5,1.0,Debito
8849,2025-03-20,101,JUAN PEREZ,CORDOBA,Cable HDMI,Cables,$ 15.75,5.0,Transferencia
8850,25/12/2025,103,Luis Garcia.,CABA,Laptop Pro,Electronica,$ 1200.5,2.0,Efectivo
8851,2025-02-17,101,JUAN PEREZ,CORDOBA,Laptop Pro,Electronica,$ 1200.5,4.0,Transferencia
8852,2025-01-29,105,PEDRO GOMEZ,CORDOBA,Cable HDMI,Cables,$ 15.75,3.0,Transferencia
8853,2025-09-16,102,  marta Sanchez  ,ROSARIO,Teclado Mecanico,Accesorios,$ 80.0,3.0,Debito
8854,2025-12-26,103,Luis Garcia.,CABA,Teclado Mecanico,Accesorios,$ 80.0,5.0,Efectivo
8855,2025-07-15,103,Luis Garcia.,CABA,Mouse Optico,Accesorios,$ 25.0,2.0,Efectivo
8856,2025-06-25,106,Lucia Fernandez,TUCUMAN,Teclado Mecanico,Accesorios,$ 80.0,2.0,Efectivo
8857,2025-01-28,105,PEDRO GOMEZ,CORDOBA,Mouse Optico,Accesorios,$ 25.0,2.0,Tarjeta Credito
8858,2025-01-26,101,JUAN PEREZ,CORDOBA,Teclado Mecanico,Accesorios,$ 80.0,3.0,Efectivo
8859,2025-04-14,105,PEDRO GOMEZ,CORDOBA,Laptop Pro,Electronica,$ 1200.5,2.0,Efectivo
8860,16/12/2025,101,JUAN PEREZ,CORDOBA,Teclado Mecanico,Accesorios,$ 80.0,2.0,Transferencia
8861,2025-12-18,103,Luis Garcia.,CABA,Silla Gamer,Muebles,$ 250.0,1.0,Debito
8862,2025-03-19,101,JUAN PEREZ,CORDOBA,Cable HDMI,Cables,$ 15.75,5.0,Transferencia
8863,2025-12-10,101,JUAN PEREZ,CORDOBA,Teclado Mecanico,Accesorios,,2.0,Transferencia
8864,2025-09-28,102,  marta Sanchez  ,ROSARIO,Laptop Pro,Electronica,$ 1200.5,5.0,Tarjeta Credito
8865,2025-12-05,106,Lucia Fernandez,TUCUMAN,Laptop Pro,Electronica,$ 1200.5,1.0,Transferencia
8866,2025-10-13,102,  marta Sanchez  ,ROSARIO,Cable HDMI,Cables,$ 15.75,5.0,Debito
8867,2025-03-13,101,JUAN PEREZ,CORDOBA,Silla Gamer,Muebles,$ 250.0,3.0,Debito
8868,2025-05-03,105,PEDRO GOMEZ,CORDOBA,Monitor 24',Electronica,$ 350.0,3.0,Tarjeta Credito
8869,2025-12-02,101,JUAN PEREZ,CORDOBA,Cable HDMI,Cables,$ 15.75,4.0,Transferencia
8870,08/05/2025,105,PEDRO GOMEZ,CORDOBA,Teclado Mecanico,Accesorios,$ 80.0,4.0,Transferencia
8871,2025-12-06,103,Luis Garcia.,CABA,Laptop Pro,Electronica,$ 1200.5,3.0,Transferencia
8872,2025-02-06,101,JUAN PEREZ,CORDOBA,Mouse Optico,Accesorios,$ 25.0,1.0,Efectivo
8873,2025-11-07,103,Luis Garcia.,CABA,Laptop Pro,Electronica,,2.0,Efectivo
8874,2025-09-24,104,Ana Lopez,Mendoza,Mouse Optico,Accesorios,$ 25.0,5.0,Efectivo
8875,2025-11-24,102,  marta Sanchez  ,ROSARIO,Cable HDMI,Cables,$ 15.75,1.0,Tarjeta Credito
8876,2025-09-04,104,Ana Lopez,Mendoza,Silla Gamer,Muebles,$ 250.0,5.0,Transferencia
8877,2025-06-13,104,Ana Lopez,Mendoza,Teclado Mecanico,Accesorios,$ 80.0,3.0,Tarjeta Credito
8878,2025-06-03,102,  marta Sanchez  ,ROSARIO,Silla Gamer,Muebles,$ 250.0,5.0,Transferencia
8879,2025-07-05,102,  marta Sanchez  ,ROSARIO,Cable HDMI,Cables,$ 15.75,2.0,Tarjeta Credito
8880,15/12/2025,101,JUAN PEREZ,CORDOBA,Laptop Pro,Electronica,$ 1200.5,3.0,Efectivo
8881,2025-10-09,103,Luis Garcia.,CABA,Monitor 24',Electronica,$ 350.0,2.0,Tarjeta Credito
8882,2025-01-30,104,Ana Lopez,Mendoza,Monitor 24',Electronica,$ 350.0,5.0,Debito
8883,2025-12-14,101,JUAN PEREZ,CORDOBA,Mouse Optico,Accesorios,$ 25.0,4.0,Debito
8884,2025-11-10,103,Luis Garcia.,CABA,Cable HDMI,Cables,$ 15.75,3.0,Transferencia
8885,2025-01-14,105,PEDRO GOMEZ,CORDOBA,Laptop Pro,Electronica,$ 1200.5,1.0,Efectivo
8886,2025-01-27,101,JUAN PEREZ,CORDOBA,Silla Gamer,Muebles,$ 250.0,5.0,Tarjeta Credito
8887,2025-11-02,101,JUAN PEREZ,CORDOBA,Mouse Optico,Accesorios,$ 25.0,4.0,Efectivo
8888,2025-03-21,103,Luis Garcia.,CABA,Laptop Pro,Electronica,$ 1200.5,1.0,Debito
8889,2025-12-02,105,PEDRO GOMEZ,CORDOBA,Teclado Mecanico,Accesorios,$ 80.0,1.0,Transferencia
8890,22/02/2025,102,  marta Sanchez  ,ROSARIO,Monitor 24',Electronica,$ 350.0,5.0,Transferencia
8891,2025-09-08,101,JUAN PEREZ,CORDOBA,Mouse Optico,Accesorios,$ 25.0,2.0,Transferencia
8892,2025-10-23,103,Luis Garcia.,CABA,Monitor 24',Electronica,$ 350.0,2.0,Efectivo
8893,2025-07-23,104,Ana Lopez,Mendoza,Monitor 24',Electronica,$ 350.0,2.0,Efectivo
8894,2025-10-26,105,PEDRO GOMEZ,CORDOBA,Laptop Pro,Electronica,$ 1200.5,3.0,Tarjeta Credito
8895,2025-07-06,103,Luis Garcia.,CABA,Teclado Mecanico,Accesorios,$ 80.0,4.0,Transferencia
8896,2025-12-30,104,Ana Lopez,Mendoza,Cable HDMI,Cables,$ 15.75,4.0,Efectivo
8897,2025-10-06,105,PEDRO GOMEZ,CORDOBA,Monitor 24',Electronica,$ 350.0,4.0,Debito
8898,2025-07-03,104,Ana Lopez,Mendoza,Cable HDMI,Cables,$ 15.75,4.0,Debito
8899,2025-06-14,106,Lucia Fernandez,TUCUMAN,Laptop Pro,Electronica,$ 1200.5,3.0,Tarjeta Credito
8900,03/11/2025,104,Ana Lopez,Mendoza,Teclado Mecanico,Accesorios,$ 80.0,3.0,Efectivo
8901,2025-07-11,101,JUAN PEREZ,CORDOBA,Laptop Pro,Electronica,$ 1200.5,,Transferencia
8902,2025-09-15,103,Luis Garcia.,CABA,Teclado Mecanico,Accesorios,$ 80.0,2.0,Debito
8903,2025-11-09,103,Luis Garcia.,CABA,Teclado Mecanico,Accesorios,$ 80.0,5.0,Tarjeta Credito
8904,2025-07-23,103,Luis Garcia.,CABA,Silla Gamer,Muebles,$ 250.0,,Debito
8905,2025-12-27,102,  marta Sanchez  ,ROSARIO,Cable HDMI,Cables,$ 15.75,5.0,Efectivo
8906,2025-06-01,101,JUAN PEREZ,CORDOBA,Silla Gamer,Muebles,$ 250.0,4.0,Efectivo
8907,2025-11-24,101,JUAN PEREZ,CORDOBA,Silla Gamer,Muebles,$ 250.0,2.0,Transferencia
8908,2025-02-26,103,Luis Garcia.,CABA,Mouse Optico,Accesorios,$ 25.0,2.0,Tarjeta Credito
8909,2025-12-11,102,  marta Sanchez  ,ROSARIO,Cable HDMI,Cables,$ 15.75,4.0,Transferencia
8910,05/05/2025,104,Ana Lopez,Mendoza,Teclado Mecanico,Accesorios,$ 80.0,3.0,Debito
8911,2025-08-30,103,Luis Garcia.,CABA,Cable HDMI,Cables,$ 15.75,1.0,Transferencia
8912,2025-06-18,106,Lucia Fernandez,TUCUMAN,Cable HDMI,Cables,$ 15.75,5.0,Transferencia
8913,2025-06-10,106,Lucia Fernandez,TUCUMAN,Cable HDMI,Cables,$ 15.75,2.0,Efectivo
8914,2025-05-31,105,PEDRO GOMEZ,CORDOBA,Silla Gamer,Muebles,$ 250.0,5.0,Tarjeta Credito
8915,2025-06-27,104,Ana Lopez,Mendoza,Cable HDMI,Cables,$ 15.75,5.0,Efectivo
8916,2025-10-09,102,  marta Sanchez  ,ROSARIO,Mouse Optico,Accesorios,$ 25.0,3.0,Tarjeta Credito
8917,2025-10-20,102,  marta Sanchez  ,ROSARIO,Laptop Pro,Electronica,$ 1200.5,1.0,Debito
8918,2025-10-22,106,Lucia Fernandez,TUCUMAN,Monitor 24',Electronica,$ 350.0,1.0,Tarjeta Credito
8919,2025-08-05,103,Luis Garcia.,CABA,Cable HDMI,Cables,$ 15.75,1.0,Tarjeta Credito
8920,09/12/2025,101,JUAN PEREZ,CORDOBA,Monitor 24',Electronica,,3.0,Debito
8921,2025-11-13,106,Lucia Fernandez,TUCUMAN,Laptop Pro,Electronica,$ 1200.5,3.0,Tarjeta Credito
8922,2025-07-05,101,JUAN PEREZ,CORDOBA,Silla Gamer,Muebles,$ 250.0,5.0,Transferencia
8923,2025-05-29,103,Luis Garcia.,CABA,Silla Gamer,Muebles,$ 250.0,2.0,Tarjeta Credito
8924,2025-06-03,101,JUAN PEREZ,CORDOBA,Silla Gamer,Muebles,$ 250.0,3.0,Tarjeta Credito
8925,2025-10-07,105,PEDRO GOMEZ,CORDOBA,Mouse Optico,Accesorios,$ 25.0,3.0,Efectivo
8926,2025-08-27,105,PEDRO GOMEZ,CORDOBA,Laptop Pro,Electronica,$ 1200.5,3.0,Tarjeta Credito
8927,2025-06-09,106,Lucia Fernandez,TUCUMAN,Monitor 24',Electronica,$ 350.0,1.0,Tarjeta Credito
8928,2025-08-23,105,PEDRO GOMEZ,CORDOBA,Mouse Optico,Accesorios,$ 25.0,4.0,Tarjeta Credito
8929,2025-07-14,104,Ana Lopez,Mendoza,Cable HDMI,Cables,$ 15.75,4.0,Tarjeta Credito
8930,28/10/2025,106,Lucia Fernandez,TUCUMAN,Teclado Mecanico,Accesorios,$ 80.0,3.0,Tarjeta Credito
8931,2025-05-15,102,  marta Sanchez  ,ROSARIO,Cable HDMI,Cables,$ 15.75,4.0,Efectivo
8932,2025-07-06,103,Luis Garcia.,CABA,Cable HDMI,Cables,$ 15.75,4.0,Tarjeta Credito
8933,2025-10-26,106,Lucia Fernandez,TUCUMAN,Teclado Mecanico,Accesorios,$ 80.0,2.0,Debito
8934,2025-02-26,105,PEDRO GOMEZ,CORDOBA,Silla Gamer,Muebles,$ 250.0,3.0,Tarjeta Credito
8935,2025-09-26,104,Ana Lopez,Mendoza,Laptop Pro,Electronica,$ 1200.5,1.0,Tarjeta Credito
8936,2025-12-31,101,JUAN PEREZ,CORDOBA,Mouse Optico,Accesorios,$ 25.0,2.0,Tarjeta Credito
8937,2025-07-07,105,PEDRO GOMEZ,CORDOBA,Monitor 24',Electronica,$ 350.0,4.0,Tarjeta Credito
8938,2025-04-16,103,Luis Garcia.,CABA,Teclado Mecanico,Accesorios,$ 80.0,2.0,Efectivo
8939,2025-08-05,106,Lucia Fernandez,TUCUMAN,Silla Gamer,Muebles,$ 250.0,5.0,Efectivo
8940,13/02/2025,105,PEDRO GOMEZ,CORDOBA,Silla Gamer,Muebles,$ 250.0,4.0,Debito
8941,2025-10-15,101,JUAN PEREZ,CORDOBA,Laptop Pro,Electronica,$ 1200.5,1.0,Tarjeta Credito
8942,2025-04-30,106,Lucia Fernandez,TUCUMAN,Mouse Optico,Accesorios,$ 25.0,2.0,Transferencia
8943,2025-05-17,102,  marta Sanchez  ,ROSARIO,Laptop Pro,Electronica,$ 1200.5,4.0,Tarjeta Credito
8944,2025-02-20,106,Lucia Fernandez,TUCUMAN,Teclado Mecanico,Accesorios,$ 80.0,5.0,Debito
8945,2025-09-19,102,  marta Sanchez  ,ROSARIO,Mouse Optico,Accesorios,$ 25.0,1.0,Tarjeta Credito
8946,2025-03-30,102,  marta Sanchez  ,ROSARIO,Silla Gamer,Muebles,$ 250.0,5.0,Transferencia
8947,2025-06-06,102,  marta Sanchez  ,ROSARIO,Laptop Pro,Electronica,$ 1200.5,2.0,Efectivo
8948,2025-09-09,101,JUAN PEREZ,CORDOBA,Cable HDMI,Cables,$ 15.75,5.0,Tarjeta Credito
8949,2025-10-28,104,Ana Lopez,Mendoza,Monitor 24',Electronica,$ 350.0,1.0,Efectivo
8950,24/06/2025,102,  marta Sanchez  ,ROSARIO,Silla Gamer,Muebles,$ 250.0,1.0,Transferencia
8951,2025-03-26,105,PEDRO GOMEZ,CORDOBA,Monitor 24',Electronica,$ 350.0,4.0,Tarjeta Credito
8952,2025-10-04,106,Lucia Fernandez,TUCUMAN,Laptop Pro,Electronica,$ 1200.5,2.0,Tarjeta Credito
8953,2025-09-10,102,  marta Sanchez  ,ROSARIO,Teclado Mecanico,Accesorios,$ 80.0,1.0,Transferencia
8954,2025-12-08,101,JUAN PEREZ,CORDOBA,Monitor 24',Electronica,$ 350.0,1.0,Debito
8955,2025-05-06,102,  marta Sanchez  ,ROSARIO,Mouse Optico,Accesorios,$ 25.0,2.0,Debito
8956,2025-03-25,105,PEDRO GOMEZ,CORDOBA,Mouse Optico,Accesorios,,3.0,Transferencia
8957,2025-09-07,105,PEDRO GOMEZ,CORDOBA,Silla Gamer,Muebles,$ 250.0,3.0,Debito
8958,2025-02-17,102,  marta Sanchez  ,ROSARIO,Laptop Pro,Electronica,$ 1200.5,1.0,Debito
8959,2025-09-21,102,  marta Sanchez  ,ROSARIO,Laptop Pro,Electronica,$ 1200.5,2.0,Efectivo
8960,03/12/2025,101,JUAN PEREZ,CORDOBA,Teclado Mecanico,Accesorios,$ 80.0,3.0,Transferencia
8961,2025-10-22,104,Ana Lopez,Mendoza,Mouse Optico,Accesorios,$ 25.0,2.0,Efectivo
8962,2025-02-21,101,JUAN PEREZ,CORDOBA,Silla Gamer,Muebles,$ 250.0,5.0,Debito
8963,2025-10-24,105,PEDRO GOMEZ,CORDOBA,Silla Gamer,Muebles,$ 250.0,5.0,Tarjeta Credito
8964,2025-09-18,105,PEDRO GOMEZ,CORDOBA,Monitor 24',Electronica,$ 350.0,3.0,Efectivo
8965,2025-10-26,103,Luis Garcia.,CABA,Silla Gamer,Muebles,$ 250.0,2.0,Efectivo
8966,2025-03-17,103,Luis Garcia.,CABA,Teclado Mecanico,Accesorios,$ 80.0,3.0,Debito
8967,2025-03-06,103,Luis Garcia.,CABA,Monitor 24',Electronica,$ 350.0,3.0,Debito
8968,2025-05-12,102,  marta Sanchez  ,ROSARIO,Cable HDMI,Cables,$ 15.75,4.0,Efectivo
8969,2025-06-04,101,JUAN PEREZ,CORDOBA,Monitor 24',Electronica,$ 350.0,3.0,Debito
8970,04/02/2025,103,Luis Garcia.,CABA,Cable HDMI,Cables,$ 15.75,2.0,Efectivo
8971,2025-09-19,102,  marta Sanchez  ,ROSARIO,Silla Gamer,Muebles,$ 250.0,4.0,Efectivo
8972,2025-01-09,104,Ana Lopez,Mendoza,Monitor 24',Electronica,$ 350.0,1.0,Efectivo
8973,2025-09-01,102,  marta Sanchez  ,ROSARIO,Laptop Pro,Electronica,$ 1200.5,1.0,Transferencia
8974,2025-04-25,105,PEDRO GOMEZ,CORDOBA,Laptop Pro,Electronica,$ 1200.5,5.0,Debito
8975,2025-09-27,103,Luis Garcia.,CABA,Monitor 24',Electronica,$ 350.0,4.0,Debito
8976,2025-08-14,102,  marta Sanchez  ,ROSARIO,Silla Gamer,Muebles,$ 250.0,3.0,Transferencia
8977,2025-03-01,102,  marta Sanchez  ,ROSARIO,Monitor 24',Electronica,$ 350.0,1.0,Transferencia
8978,2025-04-18,105,PEDRO GOMEZ,CORDOBA,Silla Gamer,Muebles,$ 250.0,3.0,Debito
8979,2025-04-28,102,  marta Sanchez  ,ROSARIO,Mouse Optico,Accesorios,$ 25.0,2.0,Tarjeta Credito
8980,05/02/2025,104,Ana Lopez,Mendoza,Monitor 24',Electronica,$ 350.0,4.0,Tarjeta Credito
8981,2025-08-08,106,Lucia Fernandez,TUCUMAN,Laptop Pro,Electronica,$ 1200.5,5.0,Debito
8982,2025-04-26,104,Ana Lopez,Mendoza,Mouse Optico,Accesorios,$ 25.0,1.0,Efectivo
8983,2025-11-24,105,PEDRO GOMEZ,CORDOBA,Mouse Optico,Accesorios,$ 25.0,5.0,Transferencia
8984,2025-03-23,104,Ana Lopez,Mendoza,Mouse Optico,Accesorios,$ 25.0,3.0,Efectivo
8985,2025-02-01,101,JUAN PEREZ,CORDOBA,Silla Gamer,Muebles,$ 250.0,5.0,Tarjeta Credito
8986,2025-02-21,105,PEDRO GOMEZ,CORDOBA,Laptop Pro,Electronica,$ 1200.5,3.0,Transferencia
8987,2025-09-12,105,PEDRO GOMEZ,CORDOBA,Laptop Pro,Electronica,$ 1200.5,2.0,Efectivo
8988,2025-01-02,102,  marta Sanchez  ,ROSARIO,Silla Gamer,Muebles,$ 250.0,5.0,Efectivo
8989,2025-06-08,103,Luis Garcia.,CABA,Mouse Optico,Accesorios,$ 25.0,4.0,Tarjeta Credito
8990,07/03/2025,105,PEDRO GOMEZ,CORDOBA,Teclado Mecanico,Accesorios,$ 80.0,5.0,Transferencia
8991,2025-03-17,102,  marta Sanchez  ,ROSARIO,Monitor 24',Electronica,$ 350.0,1.0,Tarjeta Credito
8992,2025-02-11,105,PEDRO GOMEZ,CORDOBA,Silla Gamer,Muebles,$ 250.0,4.0,Transferencia
8993,2025-04-09,101,JUAN PEREZ,CORDOBA,Teclado Mecanico,Accesorios,$ 80.0,2.0,Tarjeta Credito
8994,2025-12-02,106,Lucia Fernandez,TUCUMAN,Cable HDMI,Cables,$ 15.75,2.0,Efectivo
8995,2025-09-15,103,Luis Garcia.,CABA,Teclado Mecanico,Accesorios,$ 80.0,1.0,Debito
8996,2025-02-12,101,JUAN PEREZ,CORDOBA,Mouse Optico,Accesorios,$ 25.0,4.0,Debito
8997,2025-01-26,105,PEDRO GOMEZ,CORDOBA,Laptop Pro,Electronica,$ 1200.5,5.0,Transferencia
8998,2025-05-24,104,Ana Lopez,Mendoza,Mouse Optico,Accesorios,$ 25.0,2.0,Tarjeta Credito
8999,2025-10-20,104,Ana Lopez,Mendoza,Teclado Mecanico,Accesorios,$ 80.0,3.0,Transferencia
9000,13/02/2025,105,PEDRO GOMEZ,CORDOBA,Mouse Optico,Accesorios,$ 25.0,4.0,Debito
9001,2025-07-02,105,PEDRO GOMEZ,CORDOBA,Cable HDMI,Cables,$ 15.75,1.0,Tarjeta Credito
9002,2025-01-27,105,PEDRO GOMEZ,CORDOBA,Laptop Pro,Electronica,$ 1200.5,1.0,Transferencia
9003,2025-07-19,104,Ana Lopez,Mendoza,Teclado Mecanico,Accesorios,$ 80.0,2.0,Transferencia
9004,2025-03-12,101,JUAN PEREZ,CORDOBA,Teclado Mecanico,Accesorios,$ 80.0,1.0,Tarjeta Credito
9005,2025-04-21,101,JUAN PEREZ,CORDOBA,Laptop Pro,Electronica,$ 1200.5,5.0,Efectivo
9006,2025-05-03,104,Ana Lopez,Mendoza,Monitor 24',Electronica,$ 350.0,4.0,Transferencia
9007,2025-08-19,105,PEDRO GOMEZ,CORDOBA,Monitor 24',Electronica,$ 350.0,1.0,Efectivo
9008,2025-02-08,103,Luis Garcia.,CABA,Cable HDMI,Cables,$ 15.75,1.0,Transferencia
9009,2025-10-31,101,JUAN PEREZ,CORDOBA,Mouse Optico,Accesorios,$ 25.0,2.0,Debito
9010,10/03/2025,102,  marta Sanchez  ,ROSARIO,Teclado Mecanico,Accesorios,$ 80.0,2.0,Tarjeta Credito
9011,2025-02-14,106,Lucia Fernandez,TUCUMAN,Mouse Optico,Accesorios,$ 25.0,2.0,Debito
9012,2025-01-19,101,JUAN PEREZ,CORDOBA,Monitor 24',Electronica,$ 350.0,3.0,Transferencia
9013,2025-03-23,106,Lucia Fernandez,TUCUMAN,Monitor 24',Electronica,$ 350.0,2.0,Efectivo
9014,2025-06-22,103,Luis Garcia.,CABA,Teclado Mecanico,Accesorios,$ 80.0,3.0,Debito
9015,2025-02-09,104,Ana Lopez,Mendoza,Mouse Optico,Accesorios,$ 25.0,3.0,Efectivo
9016,2025-04-16,105,PEDRO GOMEZ,CORDOBA,Laptop Pro,Electronica,$ 1200.5,3.0,Transferencia
9017,2025-03-23,102,  marta Sanchez  ,ROSARIO,Teclado Mecanico,Accesorios,$ 80.0,4.0,Debito
9018,2025-03-06,104,Ana Lopez,Mendoza,Silla Gamer,Muebles,$ 250.0,4.0,Debito
9019,2025-06-05,101,JUAN PEREZ,CORDOBA,Teclado Mecanico,Accesorios,$ 80.0,3.0,Efectivo
9020,15/03/2025,103,Luis Garcia.,CABA,Mouse Optico,Accesorios,$ 25.0,1.0,Efectivo
9021,2025-05-14,105,PEDRO GOMEZ,CORDOBA,Teclado Mecanico,Accesorios,$ 80.0,3.0,Debito
9022,2025-07-12,105,PEDRO GOMEZ,CORDOBA,Laptop Pro,Electronica,$ 1200.5,5.0,Debito
9023,2025-11-28,101,JUAN PEREZ,CORDOBA,Silla Gamer,Muebles,$ 250.0,5.0,Debito
9024,2025-02-25,102,  marta Sanchez  ,ROSARIO,Laptop Pro,Electronica,$ 1200.5,4.0,Efectivo
9025,2025-11-05,102,  marta Sanchez  ,ROSARIO,Cable HDMI,Cables,$ 15.75,1.0,Efectivo
9026,2025-05-11,103,Luis Garcia.,CABA,Mouse Optico,Accesorios,,3.0,Transferencia
9027,2025-11-09,106,Lucia Fernandez,TUCUMAN,Teclado Mecanico,Accesorios,$ 80.0,5.0,Debito
9028,2025-09-29,105,PEDRO GOMEZ,CORDOBA,Laptop Pro,Electronica,$ 1200.5,5.0,Efectivo
9029,2025-11-27,103,Luis Garcia.,CABA,Cable HDMI,Cables,$ 15.75,3.0,Efectivo
9030,15/10/2025,103,Luis Garcia.,CABA,Silla Gamer,Muebles,$ 250.0,4.0,Debito
9031,2025-06-28,103,Luis Garcia.,CABA,Mouse Optico,Accesorios,$ 25.0,5.0,Tarjeta Credito
9032,2025-04-20,106,Lucia Fernandez,TUCUMAN,Monitor 24',Electronica,$ 350.0,4.0,Efectivo
9033,2025-05-11,104,Ana Lopez,Mendoza,Cable HDMI,Cables,$ 15.75,5.0,Efectivo
9034,2025-08-20,101,JUAN PEREZ,CORDOBA,Silla Gamer,Muebles,$ 250.0,4.0,Debito
9035,2025-04-30,102,  marta Sanchez  ,ROSARIO,Monitor 24',Electronica,$ 350.0,3.0,Tarjeta Credito
9036,2025-08-13,105,PEDRO GOMEZ,CORDOBA,Teclado Mecanico,Accesorios,$ 80.0,5.0,Efectivo
9037,2025-02-25,103,Luis Garcia.,CABA,Laptop Pro,Electronica,$ 1200.5,2.0,Transferencia
9038,2025-09-04,103,Luis Garcia.,CABA,Teclado Mecanico,Accesorios,$ 80.0,5.0,Transferencia
9039,2025-03-29,104,Ana Lopez,Mendoza,Monitor 24',Electronica,$ 350.0,1.0,Tarjeta Credito
9040,15/11/2025,106,Lucia Fernandez,TUCUMAN,Mouse Optico,Accesorios,$ 25.0,5.0,Debito
9041,2025-02-07,102,  marta Sanchez  ,ROSARIO,Monitor 24',Electronica,$ 350.0,4.0,Efectivo
9042,2025-07-07,104,Ana Lopez,Mendoza,Laptop Pro,Electronica,$ 1200.5,5.0,Transferencia
9043,2025-04-24,104,Ana Lopez,Mendoza,Laptop Pro,Electronica,$ 1200.5,3.0,Efectivo
9044,2025-02-25,104,Ana Lopez,Mendoza,Monitor 24',Electronica,$ 350.0,5.0,Efectivo
9045,2025-01-30,101,JUAN PEREZ,CORDOBA,Silla Gamer,Muebles,$ 250.0,5.0,Tarjeta Credito
9046,2025-04-24,104,Ana Lopez,Mendoza,Cable HDMI,Cables,$ 15.75,5.0,Efectivo
9047,2025-02-16,101,JUAN PEREZ,CORDOBA,Laptop Pro,Electronica,$ 1200.5,1.0,Transferencia
9048,2025-01-15,106,Lucia Fernandez,TUCUMAN,Teclado Mecanico,Accesorios,$ 80.0,3.0,Debito
9049,2025-01-30,104,Ana Lopez,Mendoza,Cable HDMI,Cables,$ 15.75,2.0,Debito
9050,24/02/2025,102,  marta Sanchez  ,ROSARIO,Silla Gamer,Muebles,$ 250.0,2.0,Debito
9051,2025-03-28,103,Luis Garcia.,CABA,Cable HDMI,Cables,$ 15.75,1.0,Tarjeta Credito
9052,2025-07-24,101,JUAN PEREZ,CORDOBA,Laptop Pro,Electronica,$ 1200.5,4.0,Debito
9053,2025-01-01,103,Luis Garcia.,CABA,Laptop Pro,Electronica,$ 1200.5,1.0,Transferencia
9054,2025-11-19,102,  marta Sanchez  ,ROSARIO,Monitor 24',Electronica,$ 350.0,4.0,Tarjeta Credito
9055,2025-07-13,105,PEDRO GOMEZ,CORDOBA,Laptop Pro,Electronica,$ 1200.5,3.0,Transferencia
9056,2025-01-04,104,Ana Lopez,Mendoza,Laptop Pro,Electronica,$ 1200.5,1.0,Tarjeta Credito
9057,2025-03-09,102,  marta Sanchez  ,ROSARIO,Mouse Optico,Accesorios,$ 25.0,4.0,Transferencia
9058,2025-06-13,105,PEDRO GOMEZ,CORDOBA,Laptop Pro,Electronica,$ 1200.5,1.0,Tarjeta Credito
9059,2025-07-13,105,PEDRO GOMEZ,CORDOBA,Laptop Pro,Electronica,$ 1200.5,5.0,Tarjeta Credito
9060,26/08/2025,101,JUAN PEREZ,CORDOBA,Teclado Mecanico,Accesorios,$ 80.0,4.0,Tarjeta Credito
9061,2025-05-25,101,JUAN PEREZ,CORDOBA,Laptop Pro,Electronica,$ 1200.5,4.0,Transferencia
9062,2025-03-18,102,  marta Sanchez  ,ROSARIO,Cable HDMI,Cables,$ 15.75,5.0,Debito
9063,2025-10-30,103,Luis Garcia.,CABA,Mouse Optico,Accesorios,$ 25.0,4.0,Tarjeta Credito
9064,2025-03-16,104,Ana Lopez,Mendoza,Teclado Mecanico,Accesorios,$ 80.0,4.0,Tarjeta Credito
9065,2025-05-10,102,  marta Sanchez  ,ROSARIO,Monitor 24',Electronica,$ 350.0,5.0,Debito
9066,2025-01-19,103,Luis Garcia.,CABA,Monitor 24',Electronica,$ 350.0,2.0,Tarjeta Credito
9067,2025-03-14,105,PEDRO GOMEZ,CORDOBA,Silla Gamer,Muebles,$ 250.0,3.0,Tarjeta Credito
9068,2025-08-27,103,Luis Garcia.,CABA,Silla Gamer,Muebles,$ 250.0,3.0,Tarjeta Credito
9069,2025-03-14,102,  marta Sanchez  ,ROSARIO,Monitor 24',Electronica,$ 350.0,2.0,Debito
9070,11/07/2025,102,  marta Sanchez  ,ROSARIO,Mouse Optico,Accesorios,$ 25.0,4.0,Efectivo
9071,2025-08-15,103,Luis Garcia.,CABA,Cable HDMI,Cables,$ 15.75,2.0,Transferencia
9072,2025-01-09,101,JUAN PEREZ,CORDOBA,Mouse Optico,Accesorios,$ 25.0,5.0,Transferencia
9073,2025-02-24,101,JUAN PEREZ,CORDOBA,Mouse Optico,Accesorios,$ 25.0,4.0,Debito
9074,2025-09-23,103,Luis Garcia.,CABA,Monitor 24',Electronica,$ 350.0,4.0,Tarjeta Credito
9075,2025-11-11,104,Ana Lopez,Mendoza,Mouse Optico,Accesorios,$ 25.0,3.0,Debito
9076,2025-12-24,102,  marta Sanchez  ,ROSARIO,Laptop Pro,Electronica,$ 1200.5,4.0,Debito
9077,2025-10-18,104,Ana Lopez,Mendoza,Mouse Optico,Accesorios,$ 25.0,5.0,Debito
9078,2025-11-09,106,Lucia Fernandez,TUCUMAN,Monitor 24',Electronica,$ 350.0,1.0,Efectivo
9079,2025-03-04,106,Lucia Fernandez,TUCUMAN,Teclado Mecanico,Accesorios,$ 80.0,5.0,Efectivo
9080,23/11/2025,103,Luis Garcia.,CABA,Monitor 24',Electronica,$ 350.0,3.0,Debito
9081,2025-08-25,103,Luis Garcia.,CABA,Teclado Mecanico,Accesorios,$ 80.0,4.0,Tarjeta Credito
9082,2025-05-11,103,Luis Garcia.,CABA,Mouse Optico,Accesorios,$ 25.0,5.0,Transferencia
9083,2025-09-24,106,Lucia Fernandez,TUCUMAN,Mouse Optico,Accesorios,$ 25.0,2.0,Transferencia
9084,2025-07-13,102,  marta Sanchez  ,ROSARIO,Teclado Mecanico,Accesorios,$ 80.0,5.0,Efectivo
9085,2025-06-06,102,  marta Sanchez  ,ROSARIO,Teclado Mecanico,Accesorios,$ 80.0,3.0,Debito
9086,2025-06-25,106,Lucia Fernandez,TUCUMAN,Monitor 24',Electronica,$ 350.0,2.0,Tarjeta Credito
9087,2025-03-21,106,Lucia Fernandez,TUCUMAN,Laptop Pro,Electronica,$ 1200.5,2.0,Debito
9088,2025-10-16,104,Ana Lopez,Mendoza,Monitor 24',Electronica,$ 350.0,2.0,Transferencia
9089,2025-05-08,102,  marta Sanchez  ,ROSARIO,Mouse Optico,Accesorios,$ 25.0,2.0,Transferencia
9090,02/08/2025,103,Luis Garcia.,CABA,Teclado Mecanico,Accesorios,$ 80.0,2.0,Debito
9091,2025-12-10,103,Luis Garcia.,CABA,Teclado Mecanico,Accesorios,$ 80.0,2.0,Tarjeta Credito
9092,2025-11-11,102,  marta Sanchez  ,ROSARIO,Silla Gamer,Muebles,$ 250.0,2.0,Debito
9093,2025-02-07,106,Lucia Fernandez,TUCUMAN,Teclado Mecanico,Accesorios,$ 80.0,3.0,Debito
9094,2025-02-20,104,Ana Lopez,Mendoza,Laptop Pro,Electronica,$ 1200.5,1.0,Tarjeta Credito
9095,2025-09-28,103,Luis Garcia.,CABA,Silla Gamer,Muebles,$ 250.0,2.0,Transferencia
9096,2025-05-05,101,JUAN PEREZ,CORDOBA,Monitor 24',Electronica,$ 350.0,1.0,Tarjeta Credito
9097,2025-08-25,103,Luis Garcia.,CABA,Cable HDMI,Cables,$ 15.75,3.0,Tarjeta Credito
9098,2025-07-12,105,PEDRO GOMEZ,CORDOBA,Laptop Pro,Electronica,$ 1200.5,3.0,Tarjeta Credito
9099,2025-11-07,103,Luis Garcia.,CABA,Teclado Mecanico,Accesorios,$ 80.0,1.0,Efectivo
9100,02/12/2025,101,JUAN PEREZ,CORDOBA,Laptop Pro,Electronica,$ 1200.5,1.0,Tarjeta Credito
9101,2025-10-24,101,JUAN PEREZ,CORDOBA,Silla Gamer,Muebles,$ 250.0,1.0,Tarjeta Credito
9102,2025-09-07,102,  marta Sanchez  ,ROSARIO,Teclado Mecanico,Accesorios,$ 80.0,4.0,Efectivo
9103,2025-05-29,104,Ana Lopez,Mendoza,Cable HDMI,Cables,$ 15.75,2.0,Tarjeta Credito
9104,2025-03-30,106,Lucia Fernandez,TUCUMAN,Cable HDMI,Cables,$ 15.75,2.0,Debito
9105,2025-04-26,104,Ana Lopez,Mendoza,Teclado Mecanico,Accesorios,$ 80.0,3.0,Transferencia
9106,2025-02-01,101,JUAN PEREZ,CORDOBA,Silla Gamer,Muebles,$ 250.0,5.0,Debito
9107,2025-02-25,101,JUAN PEREZ,CORDOBA,Monitor 24',Electronica,$ 350.0,2.0,Debito
9108,2025-03-10,106,Lucia Fernandez,TUCUMAN,Monitor 24',Electronica,$ 350.0,4.0,Efectivo
9109,2025-02-27,106,Lucia Fernandez,TUCUMAN,Teclado Mecanico,Accesorios,$ 80.0,2.0,Tarjeta Credito
9110,03/06/2025,104,Ana Lopez,Mendoza,Teclado Mecanico,Accesorios,$ 80.0,5.0,Efectivo
9111,2025-07-02,103,Luis Garcia.,CABA,Laptop Pro,Electronica,$ 1200.5,3.0,Transferencia
9112,2025-05-30,105,PEDRO GOMEZ,CORDOBA,Cable HDMI,Cables,$ 15.75,5.0,Debito
9113,2025-06-06,102,  marta Sanchez  ,ROSARIO,Silla Gamer,Muebles,$ 250.0,5.0,Transferencia
9114,2025-06-24,102,  marta Sanchez  ,ROSARIO,Monitor 24',Electronica,$ 350.0,3.0,Transferencia
9115,2025-01-05,101,JUAN PEREZ,CORDOBA,Laptop Pro,Electronica,$ 1200.5,5.0,Debito
9116,2025-08-31,101,JUAN PEREZ,CORDOBA,Laptop Pro,Electronica,$ 1200.5,3.0,Efectivo
9117,2025-11-29,102,  marta Sanchez  ,ROSARIO,Cable HDMI,Cables,,5.0,Debito
9118,2025-08-09,104,Ana Lopez,Mendoza,Mouse Optico,Accesorios,$ 25.0,2.0,Transferencia
9119,2025-05-04,105,PEDRO GOMEZ,CORDOBA,Monitor 24',Electronica,$ 350.0,1.0,Tarjeta Credito
9120,18/11/2025,106,Lucia Fernandez,TUCUMAN,Silla Gamer,Muebles,$ 250.0,3.0,Transferencia
9121,2025-12-04,105,PEDRO GOMEZ,CORDOBA,Monitor 24',Electronica,$ 350.0,4.0,Transferencia
9122,2025-12-09,104,Ana Lopez,Mendoza,Teclado Mecanico,Accesorios,$ 80.0,3.0,Transferencia
9123,2025-09-29,103,Luis Garcia.,CABA,Monitor 24',Electronica,$ 350.0,1.0,Tarjeta Credito
9124,2025-03-01,102,  marta Sanchez  ,ROSARIO,Laptop Pro,Electronica,$ 1200.5,4.0,Transferencia
9125,2025-07-06,106,Lucia Fernandez,TUCUMAN,Mouse Optico,Accesorios,$ 25.0,3.0,Transferencia
9126,2025-02-14,101,JUAN PEREZ,CORDOBA,Monitor 24',Electronica,$ 350.0,3.0,Transferencia
9127,2025-10-08,105,PEDRO GOMEZ,CORDOBA,Teclado Mecanico,Accesorios,$ 80.0,1.0,Transferencia
9128,2025-11-08,103,Luis Garcia.,CABA,Silla Gamer,Muebles,$ 250.0,5.0,Tarjeta Credito
9129,2025-05-23,101,JUAN PEREZ,CORDOBA,Monitor 24',Electronica,$ 350.0,2.0,Efectivo
9130,05/09/2025,104,Ana Lopez,Mendoza,Mouse Optico,Accesorios,$ 25.0,3.0,Transferencia
9131,2025-03-05,106,Lucia Fernandez,TUCUMAN,Mouse Optico,Accesorios,$ 25.0,1.0,Transferencia
9132,2025-12-05,105,PEDRO GOMEZ,CORDOBA,Teclado Mecanico,Accesorios,$ 80.0,4.0,Efectivo
9133,2025-12-22,102,  marta Sanchez  ,ROSARIO,Silla Gamer,Muebles,$ 250.0,3.0,Transferencia
9134,2025-08-14,104,Ana Lopez,Mendoza,Silla Gamer,Muebles,$ 250.0,5.0,Debito
9135,2025-01-19,106,Lucia Fernandez,TUCUMAN,Monitor 24',Electronica,$ 350.0,5.0,Tarjeta Credito
9136,2025-03-07,106,Lucia Fernandez,TUCUMAN,Silla Gamer,Muebles,$ 250.0,4.0,Efectivo
9137,2025-05-30,105,PEDRO GOMEZ,CORDOBA,Monitor 24',Electronica,$ 350.0,5.0,Transferencia
9138,2025-02-12,102,  marta Sanchez  ,ROSARIO,Laptop Pro,Electronica,$ 1200.5,5.0,Efectivo
9139,2025-03-29,103,Luis Garcia.,CABA,Laptop Pro,Electronica,$ 1200.5,1.0,Tarjeta Credito
9140,21/12/2025,104,Ana Lopez,Mendoza,Silla Gamer,Muebles,$ 250.0,,Transferencia
9141,2025-03-28,104,Ana Lopez,Mendoza,Mouse Optico,Accesorios,$ 25.0,1.0,Efectivo
9142,2025-11-01,102,  marta Sanchez  ,ROSARIO,Mouse Optico,Accesorios,$ 25.0,3.0,Debito
9143,2025-12-22,101,JUAN PEREZ,CORDOBA,Mouse Optico,Accesorios,$ 25.0,2.0,Debito
9144,2025-12-10,101,JUAN PEREZ,CORDOBA,Silla Gamer,Muebles,$ 250.0,3.0,Efectivo
9145,2025-01-16,103,Luis Garcia.,CABA,Mouse Optico,Accesorios,,3.0,Debito
9146,2025-08-29,106,Lucia Fernandez,TUCUMAN,Teclado Mecanico,Accesorios,$ 80.0,3.0,Debito
9147,2025-02-21,106,Lucia Fernandez,TUCUMAN,Monitor 24',Electronica,$ 350.0,2.0,Transferencia
9148,2025-04-24,102,  marta Sanchez  ,ROSARIO,Monitor 24',Electronica,$ 350.0,2.0,Debito
9149,2025-06-20,102,  marta Sanchez  ,ROSARIO,Laptop Pro,Electronica,$ 1200.5,5.0,Debito
9150,21/08/2025,104,Ana Lopez,Mendoza,Laptop Pro,Electronica,$ 1200.5,3.0,Tarjeta Credito
9151,2025-07-15,104,Ana Lopez,Mendoza,Silla Gamer,Muebles,$ 250.0,4.0,Efectivo
9152,2025-07-04,101,JUAN PEREZ,CORDOBA,Cable HDMI,Cables,$ 15.75,1.0,Debito
9153,2025-07-29,105,PEDRO GOMEZ,CORDOBA,Cable HDMI,Cables,$ 15.75,2.0,Transferencia
9154,2025-09-12,104,Ana Lopez,Mendoza,Monitor 24',Electronica,$ 350.0,3.0,Tarjeta Credito
9155,2025-05-20,102,  marta Sanchez  ,ROSARIO,Silla Gamer,Muebles,,3.0,Transferencia
9156,2025-09-24,105,PEDRO GOMEZ,CORDOBA,Teclado Mecanico,Accesorios,$ 80.0,3.0,Debito
9157,2025-01-03,101,JUAN PEREZ,CORDOBA,Laptop Pro,Electronica,$ 1200.5,2.0,Tarjeta Credito
9158,2025-02-24,105,PEDRO GOMEZ,CORDOBA,Teclado Mecanico,Accesorios,$ 80.0,5.0,Tarjeta Credito
9159,2025-12-30,105,PEDRO GOMEZ,CORDOBA,Mouse Optico,Accesorios,$ 25.0,2.0,Debito
9160,18/02/2025,101,JUAN PEREZ,CORDOBA,Cable HDMI,Cables,$ 15.75,2.0,Tarjeta Credito
9161,2025-09-02,105,PEDRO GOMEZ,CORDOBA,Cable HDMI,Cables,$ 15.75,4.0,Efectivo
9162,2025-09-26,101,JUAN PEREZ,CORDOBA,Laptop Pro,Electronica,$ 1200.5,3.0,Debito
9163,2025-01-05,104,Ana Lopez,Mendoza,Silla Gamer,Muebles,$ 250.0,5.0,Debito
9164,2025-12-17,106,Lucia Fernandez,TUCUMAN,Teclado Mecanico,Accesorios,$ 80.0,2.0,Debito
9165,2025-11-02,102,  marta Sanchez  ,ROSARIO,Monitor 24',Electronica,$ 350.0,5.0,Transferencia
9166,2025-02-24,102,  marta Sanchez  ,ROSARIO,Cable HDMI,Cables,$ 15.75,4.0,Debito
9167,2025-02-11,103,Luis Garcia.,CABA,Silla Gamer,Muebles,$ 250.0,1.0,Transferencia
9168,2025-08-24,101,JUAN PEREZ,CORDOBA,Cable HDMI,Cables,$ 15.75,1.0,Transferencia
9169,2026-01-01,103,Luis Garcia.,CABA,Mouse Optico,Accesorios,$ 25.0,4.0,Transferencia
9170,12/11/2025,103,Luis Garcia.,CABA,Monitor 24',Electronica,$ 350.0,3.0,Tarjeta Credito
9171,2025-03-07,101,JUAN PEREZ,CORDOBA,Cable HDMI,Cables,$ 15.75,4.0,Efectivo
9172,2025-04-20,101,JUAN PEREZ,CORDOBA,Teclado Mecanico,Accesorios,$ 80.0,4.0,Tarjeta Credito
9173,2025-10-01,103,Luis Garcia.,CABA,Monitor 24',Electronica,$ 350.0,5.0,Tarjeta Credito
9174,2025-05-28,106,Lucia Fernandez,TUCUMAN,Mouse Optico,Accesorios,$ 25.0,1.0,Transferencia
9175,2025-07-25,102,  marta Sanchez  ,ROSARIO,Monitor 24',Electronica,,5.0,Debito
9176,2025-08-14,106,Lucia Fernandez,TUCUMAN,Cable HDMI,Cables,$ 15.75,3.0,Debito
9177,2025-06-05,106,Lucia Fernandez,TUCUMAN,Monitor 24',Electronica,$ 350.0,1.0,Debito
9178,2025-10-13,102,  marta Sanchez  ,ROSARIO,Cable HDMI,Cables,$ 15.75,2.0,Efectivo
9179,2025-10-06,103,Luis Garcia.,CABA,Cable HDMI,Cables,$ 15.75,3.0,Tarjeta Credito
9180,22/04/2025,103,Luis Garcia.,CABA,Laptop Pro,Electronica,$ 1200.5,2.0,Efectivo
9181,2025-07-11,106,Lucia Fernandez,TUCUMAN,Teclado Mecanico,Accesorios,$ 80.0,4.0,Efectivo
9182,2025-11-14,106,Lucia Fernandez,TUCUMAN,Teclado Mecanico,Accesorios,$ 80.0,2.0,Debito
9183,2025-09-03,103,Luis Garcia.,CABA,Monitor 24',Electronica,$ 350.0,3.0,Tarjeta Credito
9184,2025-05-03,102,  marta Sanchez  ,ROSARIO,Monitor 24',Electronica,$ 350.0,2.0,Efectivo
9185,2025-08-06,101,JUAN PEREZ,CORDOBA,Laptop Pro,Electronica,$ 1200.5,2.0,Debito
9186,2025-07-07,104,Ana Lopez,Mendoza,Teclado Mecanico,Accesorios,$ 80.0,1.0,Debito
9187,2025-01-26,104,Ana Lopez,Mendoza,Silla Gamer,Muebles,$ 250.0,2.0,Transferencia
9188,2025-12-15,104,Ana Lopez,Mendoza,Teclado Mecanico,Accesorios,$ 80.0,1.0,Tarjeta Credito
9189,2025-10-14,106,Lucia Fernandez,TUCUMAN,Silla Gamer,Muebles,$ 250.0,1.0,Tarjeta Credito
9190,27/12/2025,105,PEDRO GOMEZ,CORDOBA,Mouse Optico,Accesorios,$ 25.0,,Efectivo
9191,2025-05-06,101,JUAN PEREZ,CORDOBA,Cable HDMI,Cables,$ 15.75,2.0,Debito
9192,2025-02-28,106,Lucia Fernandez,TUCUMAN,Silla Gamer,Muebles,$ 250.0,2.0,Tarjeta Credito
9193,2025-12-07,102,  marta Sanchez  ,ROSARIO,Laptop Pro,Electronica,,3.0,Debito
9194,2025-02-19,106,Lucia Fernandez,TUCUMAN,Monitor 24',Electronica,$ 350.0,3.0,Debito
9195,2025-09-13,105,PEDRO GOMEZ,CORDOBA,Cable HDMI,Cables,$ 15.75,4.0,Efectivo
9196,2025-11-17,103,Luis Garcia.,CABA,Cable HDMI,Cables,$ 15.75,3.0,Debito
9197,2025-09-02,106,Lucia Fernandez,TUCUMAN,Cable HDMI,Cables,$ 15.75,5.0,Tarjeta Credito
9198,2025-05-31,104,Ana Lopez,Mendoza,Cable HDMI,Cables,$ 15.75,5.0,Tarjeta Credito
9199,2025-12-29,104,Ana Lopez,Mendoza,Cable HDMI,Cables,$ 15.75,2.0,Efectivo
9200,03/10/2025,101,JUAN PEREZ,CORDOBA,Laptop Pro,Electronica,$ 1200.5,2.0,Transferencia
9201,2025-09-22,104,Ana Lopez,Mendoza,Silla Gamer,Muebles,$ 250.0,4.0,Efectivo
9202,2025-01-11,102,  marta Sanchez  ,ROSARIO,Laptop Pro,Electronica,$ 1200.5,3.0,Tarjeta Credito
9203,2025-01-26,106,Lucia Fernandez,TUCUMAN,Mouse Optico,Accesorios,$ 25.0,3.0,Tarjeta Credito
9204,2025-03-28,101,JUAN PEREZ,CORDOBA,Monitor 24',Electronica,,4.0,Efectivo
9205,2025-04-21,101,JUAN PEREZ,CORDOBA,Mouse Optico,Accesorios,$ 25.0,3.0,Efectivo
9206,2025-01-28,104,Ana Lopez,Mendoza,Teclado Mecanico,Accesorios,$ 80.0,5.0,Debito
9207,2025-01-16,106,Lucia Fernandez,TUCUMAN,Laptop Pro,Electronica,$ 1200.5,5.0,Transferencia
9208,2025-09-02,106,Lucia Fernandez,TUCUMAN,Cable HDMI,Cables,$ 15.75,2.0,Debito
9209,2025-07-23,105,PEDRO GOMEZ,CORDOBA,Teclado Mecanico,Accesorios,$ 80.0,5.0,Debito
9210,12/07/2025,104,Ana Lopez,Mendoza,Teclado Mecanico,Accesorios,$ 80.0,2.0,Efectivo
9211,2025-06-14,103,Luis Garcia.,CABA,Silla Gamer,Muebles,$ 250.0,3.0,Transferencia
9212,2025-04-12,101,JUAN PEREZ,CORDOBA,Monitor 24',Electronica,$ 350.0,2.0,Efectivo
9213,2025-10-23,105,PEDRO GOMEZ,CORDOBA,Silla Gamer,Muebles,$ 250.0,3.0,Transferencia
9214,2025-01-26,101,JUAN PEREZ,CORDOBA,Mouse Optico,Accesorios,,5.0,Tarjeta Credito
9215,2025-01-16,103,Luis Garcia.,CABA,Laptop Pro,Electronica,$ 1200.5,4.0,Tarjeta Credito
9216,2025-05-09,102,  marta Sanchez  ,ROSARIO,Teclado Mecanico,Accesorios,$ 80.0,4.0,Transferencia
9217,2025-04-15,102,  marta Sanchez  ,ROSARIO,Laptop Pro,Electronica,$ 1200.5,3.0,Tarjeta Credito
9218,2025-08-14,103,Luis Garcia.,CABA,Silla Gamer,Muebles,$ 250.0,4.0,Debito
9219,2025-09-03,102,  marta Sanchez  ,ROSARIO,Laptop Pro,Electronica,$ 1200.5,3.0,Transferencia
9220,01/04/2025,106,Lucia Fernandez,TUCUMAN,Cable HDMI,Cables,$ 15.75,4.0,Transferencia
9221,2025-10-05,104,Ana Lopez,Mendoza,Monitor 24',Electronica,$ 350.0,3.0,Tarjeta Credito
9222,2025-01-11,104,Ana Lopez,Mendoza,Monitor 24',Electronica,$ 350.0,5.0,Debito
9223,2025-04-26,102,  marta Sanchez  ,ROSARIO,Laptop Pro,Electronica,$ 1200.5,3.0,Debito
9224,2025-08-03,101,JUAN PEREZ,CORDOBA,Cable HDMI,Cables,$ 15.75,3.0,Tarjeta Credito
9225,2025-07-20,105,PEDRO GOMEZ,CORDOBA,Teclado Mecanico,Accesorios,$ 80.0,3.0,Debito
9226,2025-06-12,101,JUAN PEREZ,CORDOBA,Teclado Mecanico,Accesorios,$ 80.0,4.0,Debito
9227,2025-08-15,102,  marta Sanchez  ,ROSARIO,Mouse Optico,Accesorios,$ 25.0,4.0,Debito
9228,2025-08-26,101,JUAN PEREZ,CORDOBA,Silla Gamer,Muebles,$ 250.0,5.0,Transferencia
9229,2025-11-06,106,Lucia Fernandez,TUCUMAN,Silla Gamer,Muebles,$ 250.0,4.0,Tarjeta Credito
9230,23/11/2025,106,Lucia Fernandez,TUCUMAN,Teclado Mecanico,Accesorios,,4.0,Debito
9231,2025-05-22,102,  marta Sanchez  ,ROSARIO,Silla Gamer,Muebles,$ 250.0,5.0,Efectivo
9232,2025-12-25,102,  marta Sanchez  ,ROSARIO,Laptop Pro,Electronica,$ 1200.5,5.0,Debito
9233,2025-01-21,105,PEDRO GOMEZ,CORDOBA,Silla Gamer,Muebles,$ 250.0,3.0,Debito
9234,2025-06-07,103,Luis Garcia.,CABA,Cable HDMI,Cables,$ 15.75,5.0,Debito
9235,2025-06-05,105,PEDRO GOMEZ,CORDOBA,Silla Gamer,Muebles,$ 250.0,3.0,Transferencia
9236,2025-01-04,106,Lucia Fernandez,TUCUMAN,Mouse Optico,Accesorios,$ 25.0,2.0,Debito
9237,2025-09-14,105,PEDRO GOMEZ,CORDOBA,Teclado Mecanico,Accesorios,$ 80.0,2.0,Debito
9238,2025-09-09,103,Luis Garcia.,CABA,Monitor 24',Electronica,$ 350.0,3.0,Efectivo
9239,2025-12-22,104,Ana Lopez,Mendoza,Silla Gamer,Muebles,$ 250.0,2.0,Tarjeta Credito
9240,14/05/2025,105,PEDRO GOMEZ,CORDOBA,Mouse Optico,Accesorios,$ 25.0,2.0,Tarjeta Credito
9241,2025-04-24,105,PEDRO GOMEZ,CORDOBA,Laptop Pro,Electronica,$ 1200.5,4.0,Efectivo
9242,2025-02-08,101,JUAN PEREZ,CORDOBA,Monitor 24',Electronica,$ 350.0,3.0,Transferencia
9243,2025-01-02,106,Lucia Fernandez,TUCUMAN,Monitor 24',Electronica,$ 350.0,3.0,Efectivo
9244,2025-11-26,106,Lucia Fernandez,TUCUMAN,Silla Gamer,Muebles,$ 250.0,5.0,Transferencia
9245,2025-08-05,106,Lucia Fernandez,TUCUMAN,Teclado Mecanico,Accesorios,$ 80.0,3.0,Debito
9246,2025-01-02,104,Ana Lopez,Mendoza,Teclado Mecanico,Accesorios,$ 80.0,5.0,Tarjeta Credito
9247,2025-02-01,104,Ana Lopez,Mendoza,Laptop Pro,Electronica,,5.0,Debito
9248,2025-11-19,103,Luis Garcia.,CABA,Laptop Pro,Electronica,$ 1200.5,5.0,Debito
9249,2025-11-05,105,PEDRO GOMEZ,CORDOBA,Teclado Mecanico,Accesorios,$ 80.0,2.0,Transferencia
9250,11/04/2025,102,  marta Sanchez  ,ROSARIO,Cable HDMI,Cables,$ 15.75,4.0,Transferencia
9251,2025-07-24,105,PEDRO GOMEZ,CORDOBA,Silla Gamer,Muebles,$ 250.0,2.0,Efectivo
9252,2025-08-18,105,PEDRO GOMEZ,CORDOBA,Laptop Pro,Electronica,$ 1200.5,4.0,Tarjeta Credito
9253,2025-04-03,104,Ana Lopez,Mendoza,Monitor 24',Electronica,$ 350.0,1.0,Debito
9254,2025-12-30,106,Lucia Fernandez,TUCUMAN,Cable HDMI,Cables,$ 15.75,5.0,Debito
9255,2025-11-20,102,  marta Sanchez  ,ROSARIO,Silla Gamer,Muebles,$ 250.0,5.0,Tarjeta Credito
9256,2025-05-11,104,Ana Lopez,Mendoza,Cable HDMI,Cables,$ 15.75,1.0,Transferencia
9257,2025-04-01,102,  marta Sanchez  ,ROSARIO,Monitor 24',Electronica,$ 350.0,5.0,Efectivo
9258,2025-07-22,101,JUAN PEREZ,CORDOBA,Cable HDMI,Cables,$ 15.75,2.0,Debito
9259,2025-08-11,106,Lucia Fernandez,TUCUMAN,Silla Gamer,Muebles,$ 250.0,1.0,Debito
9260,22/08/2025,104,Ana Lopez,Mendoza,Teclado Mecanico,Accesorios,$ 80.0,5.0,Debito
9261,2025-12-31,104,Ana Lopez,Mendoza,Silla Gamer,Muebles,$ 250.0,1.0,Tarjeta Credito
9262,2025-07-03,105,PEDRO GOMEZ,CORDOBA,Laptop Pro,Electronica,$ 1200.5,4.0,Transferencia
9263,2025-07-05,102,  marta Sanchez  ,ROSARIO,Laptop Pro,Electronica,$ 1200.5,1.0,Debito
9264,2025-03-13,102,  marta Sanchez  ,ROSARIO,Monitor 24',Electronica,$ 350.0,2.0,Transferencia
9265,2025-10-12,102,  marta Sanchez  ,ROSARIO,Monitor 24',Electronica,$ 350.0,4.0,Efectivo
9266,2025-10-02,101,JUAN PEREZ,CORDOBA,Cable HDMI,Cables,$ 15.75,5.0,Debito
9267,2025-04-19,104,Ana Lopez,Mendoza,Laptop Pro,Electronica,$ 1200.5,4.0,Transferencia
9268,2025-04-04,103,Luis Garcia.,CABA,Teclado Mecanico,Accesorios,$ 80.0,2.0,Efectivo
9269,2025-07-23,104,Ana Lopez,Mendoza,Mouse Optico,Accesorios,$ 25.0,1.0,Tarjeta Credito
9270,11/10/2025,104,Ana Lopez,Mendoza,Mouse Optico,Accesorios,$ 25.0,2.0,Efectivo
9271,2025-01-14,105,PEDRO GOMEZ,CORDOBA,Laptop Pro,Electronica,$ 1200.5,5.0,Debito
9272,2025-12-25,104,Ana Lopez,Mendoza,Silla Gamer,Muebles,$ 250.0,3.0,Efectivo
9273,2025-06-17,106,Lucia Fernandez,TUCUMAN,Laptop Pro,Electronica,$ 1200.5,1.0,Efectivo
9274,2025-04-25,105,PEDRO GOMEZ,CORDOBA,Teclado Mecanico,Accesorios,$ 80.0,3.0,Efectivo
9275,2025-06-14,102,  marta Sanchez  ,ROSARIO,Monitor 24',Electronica,$ 350.0,3.0,Debito
9276,2025-02-01,101,JUAN PEREZ,CORDOBA,Silla Gamer,Muebles,$ 250.0,5.0,Debito
9277,2025-03-18,104,Ana Lopez,Mendoza,Mouse Optico,Accesorios,$ 25.0,3.0,Debito
9278,2025-02-13,106,Lucia Fernandez,TUCUMAN,Silla Gamer,Muebles,$ 250.0,2.0,Transferencia
9279,2025-03-17,101,JUAN PEREZ,CORDOBA,Laptop Pro,Electronica,$ 1200.5,3.0,Tarjeta Credito
9280,10/11/2025,104,Ana Lopez,Mendoza,Teclado Mecanico,Accesorios,$ 80.0,4.0,Transferencia
9281,2025-01-20,105,PEDRO GOMEZ,CORDOBA,Silla Gamer,Muebles,$ 250.0,3.0,Transferencia
9282,2025-11-29,105,PEDRO GOMEZ,CORDOBA,Teclado Mecanico,Accesorios,$ 80.0,,Debito
9283,2025-03-21,105,PEDRO GOMEZ,CORDOBA,Laptop Pro,Electronica,$ 1200.5,4.0,Efectivo
9284,2025-01-13,101,JUAN PEREZ,CORDOBA,Laptop Pro,Electronica,$ 1200.5,5.0,Tarjeta Credito
9285,2025-09-29,103,Luis Garcia.,CABA,Monitor 24',Electronica,$ 350.0,5.0,Transferencia
9286,2025-03-22,105,PEDRO GOMEZ,CORDOBA,Silla Gamer,Muebles,$ 250.0,3.0,Efectivo
9287,2025-06-23,103,Luis Garcia.,CABA,Teclado Mecanico,Accesorios,$ 80.0,1.0,Efectivo
9288,2025-11-11,106,Lucia Fernandez,TUCUMAN,Cable HDMI,Cables,$ 15.75,2.0,Efectivo
9289,2025-08-17,106,Lucia Fernandez,TUCUMAN,Laptop Pro,Electronica,$ 1200.5,2.0,Tarjeta Credito
9290,10/02/2025,102,  marta Sanchez  ,ROSARIO,Cable HDMI,Cables,$ 15.75,5.0,Tarjeta Credito
9291,2025-06-28,104,Ana Lopez,Mendoza,Laptop Pro,Electronica,$ 1200.5,4.0,Efectivo
9292,2025-01-07,106,Lucia Fernandez,TUCUMAN,Laptop Pro,Electronica,$ 1200.5,2.0,Debito
9293,2025-02-02,101,JUAN PEREZ,CORDOBA,Silla Gamer,Muebles,$ 250.0,4.0,Efectivo
9294,2025-09-15,101,JUAN PEREZ,CORDOBA,Silla Gamer,Muebles,$ 250.0,2.0,Tarjeta Credito
9295,2025-10-23,106,Lucia Fernandez,TUCUMAN,Teclado Mecanico,Accesorios,$ 80.0,5.0,Transferencia
9296,2025-06-10,101,JUAN PEREZ,CORDOBA,Monitor 24',Electronica,$ 350.0,5.0,Debito
9297,2025-10-23,102,  marta Sanchez  ,ROSARIO,Cable HDMI,Cables,$ 15.75,2.0,Efectivo
9298,2025-03-15,101,JUAN PEREZ,CORDOBA,Monitor 24',Electronica,$ 350.0,3.0,Debito
9299,2025-04-08,101,JUAN PEREZ,CORDOBA,Cable HDMI,Cables,$ 15.75,2.0,Debito
9300,26/12/2025,101,JUAN PEREZ,CORDOBA,Monitor 24',Electronica,$ 350.0,5.0,Debito
9301,2025-11-10,103,Luis Garcia.,CABA,Monitor 24',Electronica,$ 350.0,3.0,Efectivo
9302,2025-05-04,101,JUAN PEREZ,CORDOBA,Cable HDMI,Cables,$ 15.75,4.0,Efectivo
9303,2025-02-05,103,Luis Garcia.,CABA,Teclado Mecanico,Accesorios,$ 80.0,4.0,Tarjeta Credito
9304,2025-05-10,106,Lucia Fernandez,TUCUMAN,Monitor 24',Electronica,$ 350.0,4.0,Tarjeta Credito
9305,2025-07-14,103,Luis Garcia.,CABA,Teclado Mecanico,Accesorios,$ 80.0,1.0,Efectivo
9306,2025-10-27,104,Ana Lopez,Mendoza,Laptop Pro,Electronica,$ 1200.5,4.0,Tarjeta Credito
9307,2025-02-19,103,Luis Garcia.,CABA,Laptop Pro,Electronica,$ 1200.5,2.0,Efectivo
9308,2025-07-22,101,JUAN PEREZ,CORDOBA,Teclado Mecanico,Accesorios,$ 80.0,4.0,Tarjeta Credito
9309,2025-06-28,103,Luis Garcia.,CABA,Laptop Pro,Electronica,$ 1200.5,3.0,Efectivo
9310,08/08/2025,106,Lucia Fernandez,TUCUMAN,Teclado Mecanico,Accesorios,$ 80.0,5.0,Transferencia
9311,2025-12-25,104,Ana Lopez,Mendoza,Cable HDMI,Cables,$ 15.75,5.0,Efectivo
9312,2025-04-26,104,Ana Lopez,Mendoza,Monitor 24',Electronica,$ 350.0,5.0,Tarjeta Credito
9313,2025-06-16,106,Lucia Fernandez,TUCUMAN,Mouse Optico,Accesorios,$ 25.0,5.0,Debito
9314,2025-03-05,101,JUAN PEREZ,CORDOBA,Cable HDMI,Cables,,3.0,Debito
9315,2025-04-06,101,JUAN PEREZ,CORDOBA,Monitor 24',Electronica,$ 350.0,2.0,Tarjeta Credito
9316,2025-11-20,101,JUAN PEREZ,CORDOBA,Laptop Pro,Electronica,$ 1200.5,4.0,Transferencia
9317,2025-08-19,102,  marta Sanchez  ,ROSARIO,Teclado Mecanico,Accesorios,$ 80.0,5.0,Tarjeta Credito
9318,2025-01-04,102,  marta Sanchez  ,ROSARIO,Mouse Optico,Accesorios,$ 25.0,2.0,Tarjeta Credito
9319,2025-03-25,103,Luis Garcia.,CABA,Monitor 24',Electronica,$ 350.0,1.0,Transferencia
9320,22/04/2025,103,Luis Garcia.,CABA,Teclado Mecanico,Accesorios,$ 80.0,2.0,Debito
9321,2025-03-20,103,Luis Garcia.,CABA,Silla Gamer,Muebles,$ 250.0,4.0,Debito
9322,2025-01-18,104,Ana Lopez,Mendoza,Cable HDMI,Cables,$ 15.75,5.0,Tarjeta Credito
9323,2025-07-04,101,JUAN PEREZ,CORDOBA,Laptop Pro,Electronica,$ 1200.5,3.0,Transferencia
9324,2025-06-17,105,PEDRO GOMEZ,CORDOBA,Laptop Pro,Electronica,$ 1200.5,1.0,Tarjeta Credito
9325,2025-04-24,103,Luis Garcia.,CABA,Monitor 24',Electronica,$ 350.0,3.0,Debito
9326,2025-10-14,105,PEDRO GOMEZ,CORDOBA,Laptop Pro,Electronica,$ 1200.5,4.0,Efectivo
9327,2025-02-24,105,PEDRO GOMEZ,CORDOBA,Silla Gamer,Muebles,$ 250.0,5.0,Tarjeta Credito
9328,2025-11-21,103,Luis Garcia.,CABA,Silla Gamer,Muebles,$ 250.0,3.0,Efectivo
9329,2025-02-17,104,Ana Lopez,Mendoza,Teclado Mecanico,Accesorios,$ 80.0,3.0,Efectivo
9330,17/02/2025,101,JUAN PEREZ,CORDOBA,Teclado Mecanico,Accesorios,,4.0,Efectivo
9331,2025-07-22,104,Ana Lopez,Mendoza,Mouse Optico,Accesorios,$ 25.0,3.0,Efectivo
9332,2025-06-20,103,Luis Garcia.,CABA,Silla Gamer,Muebles,$ 250.0,4.0,Transferencia
9333,2025-08-06,104,Ana Lopez,Mendoza,Teclado Mecanico,Accesorios,$ 80.0,3.0,Tarjeta Credito
9334,2025-04-28,102,  marta Sanchez  ,ROSARIO,Silla Gamer,Muebles,$ 250.0,2.0,Transferencia
9335,2025-08-08,105,PEDRO GOMEZ,CORDOBA,Laptop Pro,Electronica,$ 1200.5,3.0,Efectivo
9336,2025-02-25,105,PEDRO GOMEZ,CORDOBA,Silla Gamer,Muebles,$ 250.0,3.0,Debito
9337,2025-09-22,102,  marta Sanchez  ,ROSARIO,Cable HDMI,Cables,$ 15.75,3.0,Tarjeta Credito
9338,2025-04-16,106,Lucia Fernandez,TUCUMAN,Monitor 24',Electronica,$ 350.0,1.0,Transferencia
9339,2025-04-11,101,JUAN PEREZ,CORDOBA,Silla Gamer,Muebles,$ 250.0,1.0,Debito
9340,06/09/2025,101,JUAN PEREZ,CORDOBA,Mouse Optico,Accesorios,$ 25.0,3.0,Efectivo
9341,2025-04-09,104,Ana Lopez,Mendoza,Cable HDMI,Cables,$ 15.75,2.0,Tarjeta Credito
9342,2025-02-08,104,Ana Lopez,Mendoza,Teclado Mecanico,Accesorios,$ 80.0,4.0,Transferencia
9343,2025-09-25,102,  marta Sanchez  ,ROSARIO,Monitor 24',Electronica,$ 350.0,5.0,Efectivo
9344,2025-03-03,106,Lucia Fernandez,TUCUMAN,Mouse Optico,Accesorios,$ 25.0,3.0,Debito
9345,2025-09-28,103,Luis Garcia.,CABA,Laptop Pro,Electronica,$ 1200.5,1.0,Debito
9346,2025-09-02,102,  marta Sanchez  ,ROSARIO,Cable HDMI,Cables,$ 15.75,1.0,Debito
9347,2025-06-24,103,Luis Garcia.,CABA,Teclado Mecanico,Accesorios,$ 80.0,1.0,Debito
9348,2025-05-05,101,JUAN PEREZ,CORDOBA,Cable HDMI,Cables,$ 15.75,3.0,Tarjeta Credito
9349,2025-01-20,101,JUAN PEREZ,CORDOBA,Cable HDMI,Cables,$ 15.75,3.0,Tarjeta Credito
9350,06/03/2025,105,PEDRO GOMEZ,CORDOBA,Silla Gamer,Muebles,$ 250.0,2.0,Debito
9351,2025-10-08,102,  marta Sanchez  ,ROSARIO,Monitor 24',Electronica,$ 350.0,4.0,Tarjeta Credito
9352,2025-01-25,106,Lucia Fernandez,TUCUMAN,Teclado Mecanico,Accesorios,$ 80.0,4.0,Efectivo
9353,2025-06-05,105,PEDRO GOMEZ,CORDOBA,Laptop Pro,Electronica,$ 1200.5,2.0,Debito
9354,2025-04-02,106,Lucia Fernandez,TUCUMAN,Monitor 24',Electronica,,4.0,Tarjeta Credito
9355,2025-12-11,103,Luis Garcia.,CABA,Teclado Mecanico,Accesorios,$ 80.0,3.0,Tarjeta Credito
9356,2025-04-27,103,Luis Garcia.,CABA,Teclado Mecanico,Accesorios,$ 80.0,5.0,Efectivo
9357,2025-11-13,101,JUAN PEREZ,CORDOBA,Silla Gamer,Muebles,$ 250.0,4.0,Tarjeta Credito
9358,2025-01-03,101,JUAN PEREZ,CORDOBA,Cable HDMI,Cables,$ 15.75,4.0,Tarjeta Credito
9359,2025-06-26,106,Lucia Fernandez,TUCUMAN,Monitor 24',Electronica,$ 350.0,1.0,Efectivo
9360,30/11/2025,105,PEDRO GOMEZ,CORDOBA,Silla Gamer,Muebles,$ 250.0,2.0,Debito
9361,2025-10-09,102,  marta Sanchez  ,ROSARIO,Teclado Mecanico,Accesorios,,2.0,Debito
9362,2025-02-09,104,Ana Lopez,Mendoza,Silla Gamer,Muebles,$ 250.0,5.0,Efectivo
9363,2025-09-23,102,  marta Sanchez  ,ROSARIO,Cable HDMI,Cables,$ 15.75,5.0,Efectivo
9364,2025-08-28,105,PEDRO GOMEZ,CORDOBA,Mouse Optico,Accesorios,$ 25.0,1.0,Tarjeta Credito
9365,2025-06-09,104,Ana Lopez,Mendoza,Laptop Pro,Electronica,$ 1200.5,3.0,Efectivo
9366,2025-01-12,101,JUAN PEREZ,CORDOBA,Mouse Optico,Accesorios,$ 25.0,1.0,Efectivo
9367,2025-03-05,103,Luis Garcia.,CABA,Silla Gamer,Muebles,$ 250.0,5.0,Tarjeta Credito
9368,2025-04-29,105,PEDRO GOMEZ,CORDOBA,Teclado Mecanico,Accesorios,$ 80.0,4.0,Debito
9369,2025-03-13,102,  marta Sanchez  ,ROSARIO,Silla Gamer,Muebles,$ 250.0,2.0,Transferencia
9370,07/08/2025,104,Ana Lopez,Mendoza,Mouse Optico,Accesorios,$ 25.0,3.0,Transferencia
9371,2025-07-17,102,  marta Sanchez  ,ROSARIO,Silla Gamer,Muebles,$ 250.0,1.0,Efectivo
9372,2025-07-02,104,Ana Lopez,Mendoza,Mouse Optico,Accesorios,$ 25.0,2.0,Debito
9373,2025-05-14,106,Lucia Fernandez,TUCUMAN,Monitor 24',Electronica,$ 350.0,3.0,Transferencia
9374,2025-04-08,105,PEDRO GOMEZ,CORDOBA,Teclado Mecanico,Accesorios,$ 80.0,1.0,Transferencia
9375,2025-06-27,106,Lucia Fernandez,TUCUMAN,Silla Gamer,Muebles,$ 250.0,3.0,Transferencia
9376,2025-11-21,104,Ana Lopez,Mendoza,Laptop Pro,Electronica,$ 1200.5,1.0,Debito
9377,2025-05-11,102,  marta Sanchez  ,ROSARIO,Teclado Mecanico,Accesorios,$ 80.0,1.0,Efectivo
9378,2025-05-05,106,Lucia Fernandez,TUCUMAN,Silla Gamer,Muebles,$ 250.0,3.0,Tarjeta Credito
9379,2025-11-11,101,JUAN PEREZ,CORDOBA,Cable HDMI,Cables,$ 15.75,4.0,Efectivo
9380,26/01/2025,104,Ana Lopez,Mendoza,Monitor 24',Electronica,$ 350.0,2.0,Efectivo
9381,2025-08-08,103,Luis Garcia.,CABA,Mouse Optico,Accesorios,,5.0,Transferencia
9382,2025-09-24,102,  marta Sanchez  ,ROSARIO,Mouse Optico,Accesorios,$ 25.0,4.0,Transferencia
9383,2025-11-02,105,PEDRO GOMEZ,CORDOBA,Silla Gamer,Muebles,$ 250.0,3.0,Transferencia
9384,2025-02-02,102,  marta Sanchez  ,ROSARIO,Monitor 24',Electronica,$ 350.0,4.0,Efectivo
9385,2025-05-19,102,  marta Sanchez  ,ROSARIO,Cable HDMI,Cables,$ 15.75,4.0,Efectivo
9386,2025-03-25,103,Luis Garcia.,CABA,Laptop Pro,Electronica,$ 1200.5,5.0,Efectivo
9387,2025-10-02,104,Ana Lopez,Mendoza,Mouse Optico,Accesorios,$ 25.0,4.0,Efectivo
9388,2025-04-18,104,Ana Lopez,Mendoza,Laptop Pro,Electronica,$ 1200.5,,Transferencia
9389,2025-02-06,102,  marta Sanchez  ,ROSARIO,Silla Gamer,Muebles,$ 250.0,5.0,Debito
9390,25/11/2025,103,Luis Garcia.,CABA,Mouse Optico,Accesorios,$ 25.0,2.0,Tarjeta Credito
9391,2025-09-19,103,Luis Garcia.,CABA,Monitor 24',Electronica,$ 350.0,3.0,Efectivo
9392,2025-10-16,104,Ana Lopez,Mendoza,Monitor 24',Electronica,$ 350.0,2.0,Debito
9393,2025-10-15,105,PEDRO GOMEZ,CORDOBA,Mouse Optico,Accesorios,$ 25.0,3.0,Efectivo
9394,2025-11-16,102,  marta Sanchez  ,ROSARIO,Laptop Pro,Electronica,$ 1200.5,2.0,Efectivo
9395,2025-06-30,102,  marta Sanchez  ,ROSARIO,Laptop Pro,Electronica,$ 1200.5,3.0,Debito
9396,2025-08-10,104,Ana Lopez,Mendoza,Laptop Pro,Electronica,$ 1200.5,5.0,Transferencia
9397,2025-08-29,106,Lucia Fernandez,TUCUMAN,Monitor 24',Electronica,$ 350.0,3.0,Debito
9398,2025-10-07,101,JUAN PEREZ,CORDOBA,Laptop Pro,Electronica,,1.0,Transferencia
9399,2025-04-02,101,JUAN PEREZ,CORDOBA,Mouse Optico,Accesorios,$ 25.0,2.0,Efectivo
9400,02/04/2025,103,Luis Garcia.,CABA,Laptop Pro,Electronica,$ 1200.5,5.0,Transferencia
9401,2025-03-20,102,  marta Sanchez  ,ROSARIO,Mouse Optico,Accesorios,$ 25.0,1.0,Efectivo
9402,2025-07-29,102,  marta Sanchez  ,ROSARIO,Mouse Optico,Accesorios,$ 25.0,4.0,Transferencia
9403,2025-05-16,101,JUAN PEREZ,CORDOBA,Monitor 24',Electronica,$ 350.0,1.0,Efectivo
9404,2025-05-17,106,Lucia Fernandez,TUCUMAN,Laptop Pro,Electronica,$ 1200.5,4.0,Debito
9405,2025-09-10,105,PEDRO GOMEZ,CORDOBA,Teclado Mecanico,Accesorios,$ 80.0,1.0,Tarjeta Credito
9406,2025-11-07,106,Lucia Fernandez,TUCUMAN,Monitor 24',Electronica,$ 350.0,5.0,Efectivo
9407,2025-03-31,102,  marta Sanchez  ,ROSARIO,Mouse Optico,Accesorios,$ 25.0,3.0,Efectivo
9408,2025-11-09,103,Luis Garcia.,CABA,Teclado Mecanico,Accesorios,$ 80.0,4.0,Transferencia
9409,2025-06-24,101,JUAN PEREZ,CORDOBA,Laptop Pro,Electronica,$ 1200.5,2.0,Transferencia
9410,08/10/2025,102,  marta Sanchez  ,ROSARIO,Silla Gamer,Muebles,$ 250.0,3.0,Transferencia
9411,2025-08-29,104,Ana Lopez,Mendoza,Cable HDMI,Cables,$ 15.75,4.0,Tarjeta Credito
9412,2025-06-18,102,  marta Sanchez  ,ROSARIO,Mouse Optico,Accesorios,$ 25.0,5.0,Transferencia
9413,2025-11-10,101,JUAN PEREZ,CORDOBA,Cable HDMI,Cables,$ 15.75,5.0,Tarjeta Credito
9414,2025-07-11,105,PEDRO GOMEZ,CORDOBA,Silla Gamer,Muebles,,4.0,Debito
9415,2025-10-19,105,PEDRO GOMEZ,CORDOBA,Teclado Mecanico,Accesorios,$ 80.0,5.0,Tarjeta Credito
9416,2025-03-05,105,PEDRO GOMEZ,CORDOBA,Silla Gamer,Muebles,$ 250.0,3.0,Debito
9417,2025-03-02,103,Luis Garcia.,CABA,Teclado Mecanico,Accesorios,$ 80.0,1.0,Tarjeta Credito
9418,2025-05-29,101,JUAN PEREZ,CORDOBA,Mouse Optico,Accesorios,$ 25.0,4.0,Efectivo
9419,2025-04-22,105,PEDRO GOMEZ,CORDOBA,Teclado Mecanico,Accesorios,$ 80.0,2.0,Efectivo
9420,26/03/2025,102,  marta Sanchez  ,ROSARIO,Mouse Optico,Accesorios,$ 25.0,5.0,Debito
9421,2025-09-14,104,Ana Lopez,Mendoza,Teclado Mecanico,Accesorios,$ 80.0,5.0,Efectivo
9422,2025-05-18,105,PEDRO GOMEZ,CORDOBA,Silla Gamer,Muebles,$ 250.0,2.0,Tarjeta Credito
9423,2025-12-10,101,JUAN PEREZ,CORDOBA,Silla Gamer,Muebles,$ 250.0,1.0,Efectivo
9424,2025-05-10,106,Lucia Fernandez,TUCUMAN,Cable HDMI,Cables,$ 15.75,5.0,Debito
9425,2025-12-17,106,Lucia Fernandez,TUCUMAN,Monitor 24',Electronica,$ 350.0,1.0,Tarjeta Credito
9426,2025-08-13,103,Luis Garcia.,CABA,Monitor 24',Electronica,$ 350.0,2.0,Tarjeta Credito
9427,2025-08-25,106,Lucia Fernandez,TUCUMAN,Mouse Optico,Accesorios,$ 25.0,5.0,Efectivo
9428,2025-11-09,105,PEDRO GOMEZ,CORDOBA,Teclado Mecanico,Accesorios,$ 80.0,3.0,Efectivo
9429,2025-03-24,102,  marta Sanchez  ,ROSARIO,Monitor 24',Electronica,$ 350.0,3.0,Efectivo
9430,21/02/2025,102,  marta Sanchez  ,ROSARIO,Silla Gamer,Muebles,$ 250.0,5.0,Debito
9431,2025-03-13,101,JUAN PEREZ,CORDOBA,Teclado Mecanico,Accesorios,$ 80.0,5.0,Tarjeta Credito
9432,2025-12-16,105,PEDRO GOMEZ,CORDOBA,Laptop Pro,Electronica,$ 1200.5,5.0,Tarjeta Credito
9433,2025-06-04,103,Luis Garcia.,CABA,Laptop Pro,Electronica,$ 1200.5,3.0,Tarjeta Credito
9434,2025-01-08,105,PEDRO GOMEZ,CORDOBA,Monitor 24',Electronica,$ 350.0,3.0,Debito
9435,2025-03-24,106,Lucia Fernandez,TUCUMAN,Monitor 24',Electronica,$ 350.0,2.0,Debito
9436,2025-04-04,103,Luis Garcia.,CABA,Laptop Pro,Electronica,$ 1200.5,4.0,Transferencia
9437,2025-05-17,103,Luis Garcia.,CABA,Silla Gamer,Muebles,$ 250.0,2.0,Efectivo
9438,2025-11-04,103,Luis Garcia.,CABA,Mouse Optico,Accesorios,$ 25.0,3.0,Transferencia
9439,2025-10-02,103,Luis Garcia.,CABA,Laptop Pro,Electronica,$ 1200.5,3.0,Transferencia
9440,02/05/2025,103,Luis Garcia.,CABA,Silla Gamer,Muebles,$ 250.0,4.0,Efectivo
9441,2025-08-20,106,Lucia Fernandez,TUCUMAN,Mouse Optico,Accesorios,$ 25.0,4.0,Transferencia
9442,2025-02-20,101,JUAN PEREZ,CORDOBA,Cable HDMI,Cables,$ 15.75,2.0,Transferencia
9443,2025-07-19,103,Luis Garcia.,CABA,Teclado Mecanico,Accesorios,$ 80.0,2.0,Tarjeta Credito
9444,2025-01-01,105,PEDRO GOMEZ,CORDOBA,Teclado Mecanico,Accesorios,$ 80.0,4.0,Tarjeta Credito
9445,2025-12-12,105,PEDRO GOMEZ,CORDOBA,Teclado Mecanico,Accesorios,$ 80.0,1.0,Efectivo
9446,2025-02-08,105,PEDRO GOMEZ,CORDOBA,Laptop Pro,Electronica,$ 1200.5,2.0,Tarjeta Credito
9447,2025-03-11,104,Ana Lopez,Mendoza,Laptop Pro,Electronica,$ 1200.5,2.0,Transferencia
9448,2025-08-31,104,Ana Lopez,Mendoza,Cable HDMI,Cables,,3.0,Transferencia
9449,2025-06-26,104,Ana Lopez,Mendoza,Teclado Mecanico,Accesorios,$ 80.0,3.0,Transferencia
9450,10/09/2025,104,Ana Lopez,Mendoza,Laptop Pro,Electronica,$ 1200.5,3.0,Transferencia
9451,2025-01-13,102,  marta Sanchez  ,ROSARIO,Mouse Optico,Accesorios,,2.0,Efectivo
9452,2025-08-01,104,Ana Lopez,Mendoza,Cable HDMI,Cables,$ 15.75,1.0,Transferencia
9453,2025-02-21,102,  marta Sanchez  ,ROSARIO,Laptop Pro,Electronica,$ 1200.5,5.0,Transferencia
9454,2025-10-04,105,PEDRO GOMEZ,CORDOBA,Monitor 24',Electronica,$ 350.0,2.0,Transferencia
9455,2025-08-10,104,Ana Lopez,Mendoza,Silla Gamer,Muebles,$ 250.0,2.0,Tarjeta Credito
9456,2025-01-16,105,PEDRO GOMEZ,CORDOBA,Cable HDMI,Cables,$ 15.75,3.0,Tarjeta Credito
9457,2025-07-02,102,  marta Sanchez  ,ROSARIO,Laptop Pro,Electronica,$ 1200.5,2.0,Debito
9458,2025-02-15,104,Ana Lopez,Mendoza,Teclado Mecanico,Accesorios,$ 80.0,2.0,Efectivo
9459,2025-06-04,101,JUAN PEREZ,CORDOBA,Silla Gamer,Muebles,$ 250.0,2.0,Transferencia
9460,18/12/2025,102,  marta Sanchez  ,ROSARIO,Monitor 24',Electronica,$ 350.0,3.0,Transferencia
9461,2025-08-17,106,Lucia Fernandez,TUCUMAN,Cable HDMI,Cables,$ 15.75,3.0,Debito
9462,2025-08-22,103,Luis Garcia.,CABA,Teclado Mecanico,Accesorios,$ 80.0,2.0,Efectivo
9463,2025-12-09,102,  marta Sanchez  ,ROSARIO,Laptop Pro,Electronica,$ 1200.5,,Debito
9464,2025-08-10,103,Luis Garcia.,CABA,Laptop Pro,Electronica,$ 1200.5,1.0,Efectivo
9465,2025-03-21,103,Luis Garcia.,CABA,Laptop Pro,Electronica,$ 1200.5,5.0,Transferencia
9466,2025-06-21,101,JUAN PEREZ,CORDOBA,Teclado Mecanico,Accesorios,,2.0,Debito
9467,2025-04-08,106,Lucia Fernandez,TUCUMAN,Laptop Pro,Electronica,$ 1200.5,3.0,Tarjeta Credito
9468,2025-06-27,101,JUAN PEREZ,CORDOBA,Silla Gamer,Muebles,$ 250.0,4.0,Transferencia
9469,2025-03-27,104,Ana Lopez,Mendoza,Monitor 24',Electronica,$ 350.0,1.0,Transferencia
9470,17/12/2025,104,Ana Lopez,Mendoza,Monitor 24',Electronica,$ 350.0,4.0,Debito
9471,2025-11-28,104,Ana Lopez,Mendoza,Cable HDMI,Cables,$ 15.75,4.0,Debito
9472,2025-07-19,106,Lucia Fernandez,TUCUMAN,Monitor 24',Electronica,$ 350.0,2.0,Debito
9473,2025-07-29,105,PEDRO GOMEZ,CORDOBA,Cable HDMI,Cables,$ 15.75,,Tarjeta Credito
9474,2025-04-16,106,Lucia Fernandez,TUCUMAN,Mouse Optico,Accesorios,$ 25.0,5.0,Transferencia
9475,2025-01-01,101,JUAN PEREZ,CORDOBA,Teclado Mecanico,Accesorios,$ 80.0,4.0,Tarjeta Credito
9476,2025-07-17,105,PEDRO GOMEZ,CORDOBA,Cable HDMI,Cables,$ 15.75,3.0,Tarjeta Credito
9477,2025-03-03,105,PEDRO GOMEZ,CORDOBA,Monitor 24',Electronica,$ 350.0,4.0,Tarjeta Credito
9478,2025-01-22,104,Ana Lopez,Mendoza,Silla Gamer,Muebles,$ 250.0,5.0,Efectivo
9479,2025-07-23,106,Lucia Fernandez,TUCUMAN,Mouse Optico,Accesorios,,2.0,Transferencia
9480,17/10/2025,105,PEDRO GOMEZ,CORDOBA,Teclado Mecanico,Accesorios,$ 80.0,3.0,Tarjeta Credito
9481,2025-07-14,101,JUAN PEREZ,CORDOBA,Cable HDMI,Cables,$ 15.75,3.0,Transferencia
9482,2025-03-22,105,PEDRO GOMEZ,CORDOBA,Mouse Optico,Accesorios,$ 25.0,4.0,Tarjeta Credito
9483,2025-06-21,105,PEDRO GOMEZ,CORDOBA,Cable HDMI,Cables,$ 15.75,5.0,Tarjeta Credito
9484,2025-12-27,102,  marta Sanchez  ,ROSARIO,Laptop Pro,Electronica,$ 1200.5,4.0,Tarjeta Credito
9485,2025-01-26,101,JUAN PEREZ,CORDOBA,Mouse Optico,Accesorios,$ 25.0,2.0,Transferencia
9486,2025-07-05,105,PEDRO GOMEZ,CORDOBA,Silla Gamer,Muebles,$ 250.0,1.0,Transferencia
9487,2025-03-20,105,PEDRO GOMEZ,CORDOBA,Silla Gamer,Muebles,$ 250.0,2.0,Transferencia
9488,2025-04-15,102,  marta Sanchez  ,ROSARIO,Laptop Pro,Electronica,$ 1200.5,2.0,Transferencia
9489,2025-10-04,102,  marta Sanchez  ,ROSARIO,Cable HDMI,Cables,$ 15.75,1.0,Tarjeta Credito
9490,14/11/2025,102,  marta Sanchez  ,ROSARIO,Silla Gamer,Muebles,$ 250.0,4.0,Transferencia
9491,2025-08-23,105,PEDRO GOMEZ,CORDOBA,Silla Gamer,Muebles,$ 250.0,4.0,Debito
9492,2025-03-22,104,Ana Lopez,Mendoza,Cable HDMI,Cables,$ 15.75,,Efectivo
9493,2025-10-31,102,  marta Sanchez  ,ROSARIO,Mouse Optico,Accesorios,$ 25.0,4.0,Efectivo
9494,2025-05-11,101,JUAN PEREZ,CORDOBA,Monitor 24',Electronica,$ 350.0,4.0,Efectivo
9495,2025-04-12,104,Ana Lopez,Mendoza,Monitor 24',Electronica,,1.0,Debito
9496,2025-06-08,105,PEDRO GOMEZ,CORDOBA,Laptop Pro,Electronica,$ 1200.5,5.0,Efectivo
9497,2025-11-17,105,PEDRO GOMEZ,CORDOBA,Cable HDMI,Cables,$ 15.75,4.0,Transferencia
9498,2025-10-30,101,JUAN PEREZ,CORDOBA,Mouse Optico,Accesorios,$ 25.0,1.0,Tarjeta Credito
9499,2025-05-02,105,PEDRO GOMEZ,CORDOBA,Monitor 24',Electronica,$ 350.0,1.0,Efectivo
9500,28/12/2025,101,JUAN PEREZ,CORDOBA,Cable HDMI,Cables,$ 15.75,1.0,Debito
9501,2025-05-08,105,PEDRO GOMEZ,CORDOBA,Teclado Mecanico,Accesorios,$ 80.0,3.0,Tarjeta Credito
9502,2025-10-20,104,Ana Lopez,Mendoza,Monitor 24',Electronica,$ 350.0,3.0,Efectivo
9503,2025-08-14,102,  marta Sanchez  ,ROSARIO,Mouse Optico,Accesorios,$ 25.0,2.0,Tarjeta Credito
9504,2025-09-24,102,  marta Sanchez  ,ROSARIO,Silla Gamer,Muebles,$ 250.0,3.0,Tarjeta Credito
9505,2025-12-12,104,Ana Lopez,Mendoza,Laptop Pro,Electronica,$ 1200.5,4.0,Transferencia
9506,2025-09-24,103,Luis Garcia.,CABA,Laptop Pro,Electronica,$ 1200.5,1.0,Debito
9507,2025-05-04,102,  marta Sanchez  ,ROSARIO,Mouse Optico,Accesorios,$ 25.0,1.0,Efectivo
9508,2025-12-07,104,Ana Lopez,Mendoza,Silla Gamer,Muebles,$ 250.0,4.0,Debito
9509,2025-08-01,102,  marta Sanchez  ,ROSARIO,Mouse Optico,Accesorios,$ 25.0,3.0,Tarjeta Credito
9510,07/03/2025,106,Lucia Fernandez,TUCUMAN,Monitor 24',Electronica,$ 350.0,5.0,Transferencia
9511,2025-02-12,105,PEDRO GOMEZ,CORDOBA,Monitor 24',Electronica,$ 350.0,4.0,Tarjeta Credito
9512,2025-05-25,101,JUAN PEREZ,CORDOBA,Teclado Mecanico,Accesorios,$ 80.0,4.0,Debito
9513,2025-09-03,105,PEDRO GOMEZ,CORDOBA,Monitor 24',Electronica,$ 350.0,5.0,Tarjeta Credito
9514,2025-04-02,101,JUAN PEREZ,CORDOBA,Laptop Pro,Electronica,$ 1200.5,3.0,Efectivo
9515,2025-02-20,106,Lucia Fernandez,TUCUMAN,Laptop Pro,Electronica,$ 1200.5,1.0,Tarjeta Credito
9516,2025-07-16,101,JUAN PEREZ,CORDOBA,Monitor 24',Electronica,,3.0,Transferencia
9517,2025-10-31,103,Luis Garcia.,CABA,Silla Gamer,Muebles,$ 250.0,5.0,Tarjeta Credito
9518,2025-01-25,101,JUAN PEREZ,CORDOBA,Monitor 24',Electronica,$ 350.0,2.0,Efectivo
9519,2025-02-11,104,Ana Lopez,Mendoza,Mouse Optico,Accesorios,$ 25.0,4.0,Tarjeta Credito
9520,18/02/2025,102,  marta Sanchez  ,ROSARIO,Teclado Mecanico,Accesorios,$ 80.0,4.0,Efectivo
9521,2025-12-18,104,Ana Lopez,Mendoza,Cable HDMI,Cables,$ 15.75,5.0,Tarjeta Credito
9522,2025-09-30,105,PEDRO GOMEZ,CORDOBA,Mouse Optico,Accesorios,$ 25.0,4.0,Tarjeta Credito
9523,2025-01-07,103,Luis Garcia.,CABA,Laptop Pro,Electronica,$ 1200.5,3.0,Debito
9524,2025-11-18,102,  marta Sanchez  ,ROSARIO,Laptop Pro,Electronica,$ 1200.5,5.0,Transferencia
9525,2025-02-28,101,JUAN PEREZ,CORDOBA,Mouse Optico,Accesorios,$ 25.0,5.0,Transferencia
9526,2025-02-17,103,Luis Garcia.,CABA,Silla Gamer,Muebles,$ 250.0,2.0,Tarjeta Credito
9527,2025-06-08,103,Luis Garcia.,CABA,Monitor 24',Electronica,$ 350.0,5.0,Efectivo
9528,2025-10-16,102,  marta Sanchez  ,ROSARIO,Monitor 24',Electronica,$ 350.0,1.0,Tarjeta Credito
9529,2025-08-20,101,JUAN PEREZ,CORDOBA,Cable HDMI,Cables,$ 15.75,5.0,Transferencia
9530,04/07/2025,102,  marta Sanchez  ,ROSARIO,Monitor 24',Electronica,,5.0,Efectivo
9531,2025-02-14,101,JUAN PEREZ,CORDOBA,Silla Gamer,Muebles,$ 250.0,1.0,Debito
9532,2025-02-06,104,Ana Lopez,Mendoza,Teclado Mecanico,Accesorios,$ 80.0,1.0,Debito
9533,2025-07-25,106,Lucia Fernandez,TUCUMAN,Silla Gamer,Muebles,$ 250.0,4.0,Efectivo
9534,2025-12-12,106,Lucia Fernandez,TUCUMAN,Cable HDMI,Cables,$ 15.75,1.0,Debito
9535,2025-06-08,102,  marta Sanchez  ,ROSARIO,Cable HDMI,Cables,$ 15.75,1.0,Tarjeta Credito
9536,2025-10-21,105,PEDRO GOMEZ,CORDOBA,Teclado Mecanico,Accesorios,$ 80.0,3.0,Efectivo
9537,2025-06-17,103,Luis Garcia.,CABA,Laptop Pro,Electronica,$ 1200.5,3.0,Debito
9538,2025-02-12,104,Ana Lopez,Mendoza,Mouse Optico,Accesorios,$ 25.0,4.0,Transferencia
9539,2025-03-20,106,Lucia Fernandez,TUCUMAN,Teclado Mecanico,Accesorios,,1.0,Debito
9540,20/05/2025,101,JUAN PEREZ,CORDOBA,Silla Gamer,Muebles,$ 250.0,1.0,Debito
9541,2025-03-22,106,Lucia Fernandez,TUCUMAN,Silla Gamer,Muebles,$ 250.0,5.0,Tarjeta Credito
9542,2025-01-29,101,JUAN PEREZ,CORDOBA,Teclado Mecanico,Accesorios,$ 80.0,5.0,Debito
9543,2025-03-10,102,  marta Sanchez  ,ROSARIO,Teclado Mecanico,Accesorios,$ 80.0,3.0,Transferencia
9544,2025-05-09,103,Luis Garcia.,CABA,Cable HDMI,Cables,$ 15.75,1.0,Efectivo
9545,2025-07-07,104,Ana Lopez,Mendoza,Laptop Pro,Electronica,$ 1200.5,2.0,Debito
9546,2025-06-27,103,Luis Garcia.,CABA,Teclado Mecanico,Accesorios,$ 80.0,3.0,Tarjeta Credito
9547,2025-06-11,106,Lucia Fernandez,TUCUMAN,Teclado Mecanico,Accesorios,$ 80.0,1.0,Efectivo
9548,2025-02-12,104,Ana Lopez,Mendoza,Laptop Pro,Electronica,$ 1200.5,4.0,Tarjeta Credito
9549,2025-12-19,101,JUAN PEREZ,CORDOBA,Cable HDMI,Cables,$ 15.75,5.0,Transferencia
9550,05/08/2025,103,Luis Garcia.,CABA,Cable HDMI,Cables,$ 15.75,2.0,Debito
9551,2025-06-23,102,  marta Sanchez  ,ROSARIO,Monitor 24',Electronica,$ 350.0,1.0,Efectivo
9552,2025-12-31,101,JUAN PEREZ,CORDOBA,Silla Gamer,Muebles,$ 250.0,2.0,Transferencia
9553,2025-11-18,103,Luis Garcia.,CABA,Cable HDMI,Cables,$ 15.75,1.0,Debito
9554,2025-08-09,101,JUAN PEREZ,CORDOBA,Cable HDMI,Cables,$ 15.75,5.0,Transferencia
9555,2025-04-15,101,JUAN PEREZ,CORDOBA,Monitor 24',Electronica,$ 350.0,5.0,Debito
9556,2025-04-22,105,PEDRO GOMEZ,CORDOBA,Monitor 24',Electronica,$ 350.0,1.0,Tarjeta Credito
9557,2025-04-23,106,Lucia Fernandez,TUCUMAN,Mouse Optico,Accesorios,$ 25.0,2.0,Tarjeta Credito
9558,2025-05-24,105,PEDRO GOMEZ,CORDOBA,Laptop Pro,Electronica,,4.0,Efectivo
9559,2025-12-03,105,PEDRO GOMEZ,CORDOBA,Monitor 24',Electronica,$ 350.0,1.0,Efectivo
9560,10/08/2025,101,JUAN PEREZ,CORDOBA,Monitor 24',Electronica,$ 350.0,,Efectivo
9561,2025-09-08,104,Ana Lopez,Mendoza,Cable HDMI,Cables,,5.0,Tarjeta Credito
9562,2025-11-09,105,PEDRO GOMEZ,CORDOBA,Monitor 24',Electronica,$ 350.0,4.0,Tarjeta Credito
9563,2025-04-09,103,Luis Garcia.,CABA,Teclado Mecanico,Accesorios,$ 80.0,5.0,Tarjeta Credito
9564,2025-09-25,105,PEDRO GOMEZ,CORDOBA,Mouse Optico,Accesorios,$ 25.0,5.0,Transferencia
9565,2025-07-29,104,Ana Lopez,Mendoza,Mouse Optico,Accesorios,$ 25.0,1.0,Debito
9566,2025-07-19,106,Lucia Fernandez,TUCUMAN,Mouse Optico,Accesorios,$ 25.0,4.0,Tarjeta Credito
9567,2025-08-23,104,Ana Lopez,Mendoza,Silla Gamer,Muebles,$ 250.0,5.0,Efectivo
9568,2025-12-19,106,Lucia Fernandez,TUCUMAN,Mouse Optico,Accesorios,$ 25.0,3.0,Debito
9569,2025-02-15,105,PEDRO GOMEZ,CORDOBA,Cable HDMI,Cables,$ 15.75,2.0,Efectivo
9570,16/08/2025,103,Luis Garcia.,CABA,Mouse Optico,Accesorios,$ 25.0,3.0,Tarjeta Credito
9571,2025-06-22,105,PEDRO GOMEZ,CORDOBA,Teclado Mecanico,Accesorios,$ 80.0,4.0,Transferencia
9572,2025-10-01,103,Luis Garcia.,CABA,Monitor 24',Electronica,$ 350.0,5.0,Debito
9573,2025-10-30,104,Ana Lopez,Mendoza,Cable HDMI,Cables,$ 15.75,1.0,Transferencia
9574,2025-10-23,105,PEDRO GOMEZ,CORDOBA,Laptop Pro,Electronica,$ 1200.5,4.0,Efectivo
9575,2025-06-02,106,Lucia Fernandez,TUCUMAN,Laptop Pro,Electronica,$ 1200.5,2.0,Efectivo
9576,2025-10-03,105,PEDRO GOMEZ,CORDOBA,Silla Gamer,Muebles,$ 250.0,2.0,Tarjeta Credito
9577,2025-05-30,103,Luis Garcia.,CABA,Laptop Pro,Electronica,$ 1200.5,5.0,Debito
9578,2025-04-11,106,Lucia Fernandez,TUCUMAN,Silla Gamer,Muebles,$ 250.0,2.0,Transferencia
9579,2025-03-25,104,Ana Lopez,Mendoza,Silla Gamer,Muebles,$ 250.0,1.0,Tarjeta Credito
9580,13/06/2025,102,  marta Sanchez  ,ROSARIO,Monitor 24',Electronica,$ 350.0,5.0,Efectivo
9581,2025-02-02,102,  marta Sanchez  ,ROSARIO,Mouse Optico,Accesorios,$ 25.0,1.0,Efectivo
9582,2025-07-18,103,Luis Garcia.,CABA,Cable HDMI,Cables,$ 15.75,4.0,Transferencia
9583,2025-10-17,101,JUAN PEREZ,CORDOBA,Teclado Mecanico,Accesorios,$ 80.0,1.0,Efectivo
9584,2025-08-03,104,Ana Lopez,Mendoza,Teclado Mecanico,Accesorios,$ 80.0,,Efectivo
9585,2025-01-21,101,JUAN PEREZ,CORDOBA,Laptop Pro,Electronica,$ 1200.5,4.0,Transferencia
9586,2025-12-21,103,Luis Garcia.,CABA,Teclado Mecanico,Accesorios,$ 80.0,5.0,Tarjeta Credito
9587,2025-01-14,102,  marta Sanchez  ,ROSARIO,Cable HDMI,Cables,$ 15.75,5.0,Efectivo
9588,2025-01-13,103,Luis Garcia.,CABA,Laptop Pro,Electronica,$ 1200.5,3.0,Efectivo
9589,2025-08-07,101,JUAN PEREZ,CORDOBA,Monitor 24',Electronica,$ 350.0,4.0,Transferencia
9590,18/08/2025,101,JUAN PEREZ,CORDOBA,Monitor 24',Electronica,$ 350.0,4.0,Transferencia
9591,2025-03-25,102,  marta Sanchez  ,ROSARIO,Laptop Pro,Electronica,$ 1200.5,5.0,Transferencia
9592,2025-10-16,105,PEDRO GOMEZ,CORDOBA,Mouse Optico,Accesorios,$ 25.0,4.0,Tarjeta Credito
9593,2025-04-27,101,JUAN PEREZ,CORDOBA,Silla Gamer,Muebles,$ 250.0,1.0,Debito
9594,2025-12-10,102,  marta Sanchez  ,ROSARIO,Laptop Pro,Electronica,$ 1200.5,3.0,Transferencia
9595,2025-11-28,102,  marta Sanchez  ,ROSARIO,Mouse Optico,Accesorios,$ 25.0,3.0,Debito
9596,2025-11-10,104,Ana Lopez,Mendoza,Teclado Mecanico,Accesorios,$ 80.0,4.0,Efectivo
9597,2025-05-22,102,  marta Sanchez  ,ROSARIO,Mouse Optico,Accesorios,$ 25.0,5.0,Efectivo
9598,2025-11-29,102,  marta Sanchez  ,ROSARIO,Teclado Mecanico,Accesorios,$ 80.0,5.0,Tarjeta Credito
9599,2025-07-03,104,Ana Lopez,Mendoza,Teclado Mecanico,Accesorios,$ 80.0,3.0,Debito
9600,23/06/2025,103,Luis Garcia.,CABA,Cable HDMI,Cables,$ 15.75,3.0,Debito
9601,2025-02-14,103,Luis Garcia.,CABA,Monitor 24',Electronica,$ 350.0,3.0,Transferencia
9602,2025-05-04,104,Ana Lopez,Mendoza,Cable HDMI,Cables,$ 15.75,2.0,Efectivo
9603,2025-06-27,101,JUAN PEREZ,CORDOBA,Teclado Mecanico,Accesorios,$ 80.0,4.0,Transferencia
9604,2025-02-14,103,Luis Garcia.,CABA,Laptop Pro,Electronica,$ 1200.5,4.0,Transferencia
9605,2025-02-04,103,Luis Garcia.,CABA,Silla Gamer,Muebles,$ 250.0,4.0,Debito
9606,2025-08-16,104,Ana Lopez,Mendoza,Monitor 24',Electronica,$ 350.0,5.0,Debito
9607,2025-02-09,106,Lucia Fernandez,TUCUMAN,Silla Gamer,Muebles,$ 250.0,2.0,Tarjeta Credito
9608,2025-08-13,105,PEDRO GOMEZ,CORDOBA,Cable HDMI,Cables,$ 15.75,2.0,Debito
9609,2025-08-03,104,Ana Lopez,Mendoza,Cable HDMI,Cables,$ 15.75,5.0,Debito
9610,01/01/2026,104,Ana Lopez,Mendoza,Silla Gamer,Muebles,$ 250.0,2.0,Tarjeta Credito
9611,2025-12-26,103,Luis Garcia.,CABA,Silla Gamer,Muebles,,3.0,Debito
9612,2025-07-26,105,PEDRO GOMEZ,CORDOBA,Monitor 24',Electronica,$ 350.0,4.0,Transferencia
9613,2025-06-19,103,Luis Garcia.,CABA,Teclado Mecanico,Accesorios,$ 80.0,3.0,Tarjeta Credito
9614,2025-02-13,103,Luis Garcia.,CABA,Mouse Optico,Accesorios,$ 25.0,1.0,Transferencia
9615,2025-03-06,106,Lucia Fernandez,TUCUMAN,Cable HDMI,Cables,$ 15.75,4.0,Tarjeta Credito
9616,2025-08-09,105,PEDRO GOMEZ,CORDOBA,Silla Gamer,Muebles,$ 250.0,1.0,Efectivo
9617,2025-01-28,104,Ana Lopez,Mendoza,Teclado Mecanico,Accesorios,$ 80.0,1.0,Efectivo
9618,2025-11-11,105,PEDRO GOMEZ,CORDOBA,Mouse Optico,Accesorios,$ 25.0,3.0,Efectivo
9619,2025-04-05,106,Lucia Fernandez,TUCUMAN,Mouse Optico,Accesorios,$ 25.0,2.0,Efectivo
9620,21/06/2025,104,Ana Lopez,Mendoza,Monitor 24',Electronica,$ 350.0,5.0,Efectivo
9621,2025-10-15,106,Lucia Fernandez,TUCUMAN,Teclado Mecanico,Accesorios,$ 80.0,2.0,Efectivo
9622,2025-10-06,101,JUAN PEREZ,CORDOBA,Teclado Mecanico,Accesorios,$ 80.0,,Transferencia
9623,2025-03-05,102,  marta Sanchez  ,ROSARIO,Teclado Mecanico,Accesorios,$ 80.0,5.0,Tarjeta Credito
9624,2025-02-12,101,JUAN PEREZ,CORDOBA,Mouse Optico,Accesorios,$ 25.0,1.0,Tarjeta Credito
9625,2025-05-11,106,Lucia Fernandez,TUCUMAN,Cable HDMI,Cables,$ 15.75,3.0,Efectivo
9626,2025-09-06,104,Ana Lopez,Mendoza,Silla Gamer,Muebles,$ 250.0,2.0,Transferencia
9627,2025-04-28,105,PEDRO GOMEZ,CORDOBA,Mouse Optico,Accesorios,$ 25.0,2.0,Tarjeta Credito
9628,2025-05-04,105,PEDRO GOMEZ,CORDOBA,Silla Gamer,Muebles,$ 250.0,3.0,Transferencia
9629,2025-09-20,103,Luis Garcia.,CABA,Cable HDMI,Cables,$ 15.75,4.0,Debito
9630,23/10/2025,102,  marta Sanchez  ,ROSARIO,Mouse Optico,Accesorios,$ 25.0,3.0,Efectivo
9631,2025-03-14,103,Luis Garcia.,CABA,Teclado Mecanico,Accesorios,$ 80.0,2.0,Debito
9632,2025-03-15,101,JUAN PEREZ,CORDOBA,Silla Gamer,Muebles,$ 250.0,5.0,Efectivo
9633,2025-10-05,103,Luis Garcia.,CABA,Cable HDMI,Cables,$ 15.75,5.0,Tarjeta Credito
9634,2025-01-15,104,Ana Lopez,Mendoza,Teclado Mecanico,Accesorios,$ 80.0,2.0,Tarjeta Credito
9635,2025-08-06,104,Ana Lopez,Mendoza,Mouse Optico,Accesorios,$ 25.0,3.0,Debito
9636,2025-05-18,102,  marta Sanchez  ,ROSARIO,Monitor 24',Electronica,$ 350.0,2.0,Tarjeta Credito
9637,2025-09-29,102,  marta Sanchez  ,ROSARIO,Silla Gamer,Muebles,$ 250.0,1.0,Transferencia
9638,2025-10-27,104,Ana Lopez,Mendoza,Monitor 24',Electronica,$ 350.0,1.0,Tarjeta Credito
9639,2025-03-15,106,Lucia Fernandez,TUCUMAN,Laptop Pro,Electronica,$ 1200.5,1.0,Efectivo
9640,12/03/2025,106,Lucia Fernandez,TUCUMAN,Laptop Pro,Electronica,$ 1200.5,1.0,Transferencia
9641,2025-05-23,104,Ana Lopez,Mendoza,Cable HDMI,Cables,,1.0,Debito
9642,2025-03-26,106,Lucia Fernandez,TUCUMAN,Monitor 24',Electronica,$ 350.0,1.0,Debito
9643,2025-07-10,104,Ana Lopez,Mendoza,Teclado Mecanico,Accesorios,$ 80.0,1.0,Transferencia
9644,2025-08-09,102,  marta Sanchez  ,ROSARIO,Mouse Optico,Accesorios,,4.0,Efectivo
9645,2025-08-07,102,  marta Sanchez  ,ROSARIO,Mouse Optico,Accesorios,$ 25.0,5.0,Efectivo
9646,2025-11-22,104,Ana Lopez,Mendoza,Monitor 24',Electronica,$ 350.0,2.0,Transferencia
9647,2025-10-06,102,  marta Sanchez  ,ROSARIO,Mouse Optico,Accesorios,$ 25.0,3.0,Transferencia
9648,2025-08-11,104,Ana Lopez,Mendoza,Silla Gamer,Muebles,$ 250.0,1.0,Efectivo
9649,2025-10-03,105,PEDRO GOMEZ,CORDOBA,Monitor 24',Electronica,$ 350.0,3.0,Efectivo
9650,03/08/2025,105,PEDRO GOMEZ,CORDOBA,Cable HDMI,Cables,$ 15.75,2.0,Tarjeta Credito
9651,2025-12-07,102,  marta Sanchez  ,ROSARIO,Silla Gamer,Muebles,$ 250.0,3.0,Transferencia
9652,2025-03-28,106,Lucia Fernandez,TUCUMAN,Cable HDMI,Cables,$ 15.75,5.0,Tarjeta Credito
9653,2025-03-07,103,Luis Garcia.,CABA,Laptop Pro,Electronica,$ 1200.5,4.0,Tarjeta Credito
9654,2025-08-19,106,Lucia Fernandez,TUCUMAN,Teclado Mecanico,Accesorios,$ 80.0,5.0,Transferencia
9655,2025-12-31,103,Luis Garcia.,CABA,Monitor 24',Electronica,$ 350.0,4.0,Efectivo
9656,2025-08-13,106,Lucia Fernandez,TUCUMAN,Cable HDMI,Cables,$ 15.75,1.0,Efectivo
9657,2025-09-27,106,Lucia Fernandez,TUCUMAN,Teclado Mecanico,Accesorios,$ 80.0,1.0,Transferencia
9658,2025-07-18,103,Luis Garcia.,CABA,Mouse Optico,Accesorios,$ 25.0,4.0,Transferencia
9659,2025-08-07,105,PEDRO GOMEZ,CORDOBA,Monitor 24',Electronica,$ 350.0,2.0,Tarjeta Credito
9660,08/01/2025,101,JUAN PEREZ,CORDOBA,Cable HDMI,Cables,$ 15.75,3.0,Debito
9661,2025-04-08,102,  marta Sanchez  ,ROSARIO,Teclado Mecanico,Accesorios,$ 80.0,4.0,Efectivo
9662,2025-09-09,101,JUAN PEREZ,CORDOBA,Mouse Optico,Accesorios,$ 25.0,4.0,Efectivo
9663,2025-01-04,102,  marta Sanchez  ,ROSARIO,Laptop Pro,Electronica,$ 1200.5,4.0,Transferencia
9664,2025-01-16,105,PEDRO GOMEZ,CORDOBA,Cable HDMI,Cables,$ 15.75,4.0,Efectivo
9665,2025-01-22,105,PEDRO GOMEZ,CORDOBA,Teclado Mecanico,Accesorios,$ 80.0,3.0,Tarjeta Credito
9666,2025-12-16,106,Lucia Fernandez,TUCUMAN,Silla Gamer,Muebles,$ 250.0,4.0,Efectivo
9667,2025-12-05,102,  marta Sanchez  ,ROSARIO,Silla Gamer,Muebles,$ 250.0,4.0,Transferencia
9668,2025-06-20,102,  marta Sanchez  ,ROSARIO,Cable HDMI,Cables,$ 15.75,1.0,Tarjeta Credito
9669,2025-01-03,105,PEDRO GOMEZ,CORDOBA,Teclado Mecanico,Accesorios,$ 80.0,1.0,Transferencia
9670,29/01/2025,102,  marta Sanchez  ,ROSARIO,Mouse Optico,Accesorios,$ 25.0,2.0,Tarjeta Credito
9671,2025-05-01,105,PEDRO GOMEZ,CORDOBA,Cable HDMI,Cables,$ 15.75,1.0,Tarjeta Credito
9672,2025-07-16,103,Luis Garcia.,CABA,Teclado Mecanico,Accesorios,$ 80.0,1.0,Tarjeta Credito
9673,2025-10-02,103,Luis Garcia.,CABA,Teclado Mecanico,Accesorios,$ 80.0,3.0,Tarjeta Credito
9674,2025-04-09,101,JUAN PEREZ,CORDOBA,Teclado Mecanico,Accesorios,$ 80.0,4.0,Efectivo
9675,2025-07-26,101,JUAN PEREZ,CORDOBA,Silla Gamer,Muebles,$ 250.0,5.0,Efectivo
9676,2025-08-08,104,Ana Lopez,Mendoza,Silla Gamer,Muebles,$ 250.0,2.0,Tarjeta Credito
9677,2025-05-03,104,Ana Lopez,Mendoza,Laptop Pro,Electronica,$ 1200.5,2.0,Efectivo
9678,2025-07-21,103,Luis Garcia.,CABA,Laptop Pro,Electronica,$ 1200.5,2.0,Debito
9679,2025-12-22,101,JUAN PEREZ,CORDOBA,Silla Gamer,Muebles,$ 250.0,3.0,Tarjeta Credito
9680,08/11/2025,106,Lucia Fernandez,TUCUMAN,Teclado Mecanico,Accesorios,$ 80.0,3.0,Debito
9681,2025-10-02,103,Luis Garcia.,CABA,Teclado Mecanico,Accesorios,$ 80.0,3.0,Debito
9682,2025-05-23,105,PEDRO GOMEZ,CORDOBA,Laptop Pro,Electronica,$ 1200.5,1.0,Tarjeta Credito
9683,2025-12-24,101,JUAN PEREZ,CORDOBA,Laptop Pro,Electronica,$ 1200.5,4.0,Efectivo
9684,2025-09-19,102,  marta Sanchez  ,ROSARIO,Teclado Mecanico,Accesorios,$ 80.0,1.0,Debito
9685,2025-04-02,102,  marta Sanchez  ,ROSARIO,Cable HDMI,Cables,$ 15.75,3.0,Transferencia
9686,2025-08-07,102,  marta Sanchez  ,ROSARIO,Teclado Mecanico,Accesorios,$ 80.0,2.0,Transferencia
9687,2025-05-18,106,Lucia Fernandez,TUCUMAN,Mouse Optico,Accesorios,$ 25.0,3.0,Tarjeta Credito
9688,2025-07-27,104,Ana Lopez,Mendoza,Teclado Mecanico,Accesorios,$ 80.0,4.0,Debito
9689,2025-12-24,101,JUAN PEREZ,CORDOBA,Laptop Pro,Electronica,$ 1200.5,3.0,Tarjeta Credito
9690,15/07/2025,101,JUAN PEREZ,CORDOBA,Cable HDMI,Cables,$ 15.75,4.0,Transferencia
9691,2025-11-17,105,PEDRO GOMEZ,CORDOBA,Mouse Optico,Accesorios,$ 25.0,5.0,Tarjeta Credito
9692,2025-03-07,103,Luis Garcia.,CABA,Laptop Pro,Electronica,$ 1200.5,4.0,Transferencia
9693,2025-12-25,101,JUAN PEREZ,CORDOBA,Monitor 24',Electronica,$ 350.0,5.0,Tarjeta Credito
9694,2025-09-15,106,Lucia Fernandez,TUCUMAN,Laptop Pro,Electronica,$ 1200.5,3.0,Debito
9695,2025-12-20,103,Luis Garcia.,CABA,Laptop Pro,Electronica,$ 1200.5,2.0,Transferencia
9696,2025-01-28,102,  marta Sanchez  ,ROSARIO,Teclado Mecanico,Accesorios,$ 80.0,3.0,Efectivo
9697,2025-11-23,104,Ana Lopez,Mendoza,Cable HDMI,Cables,$ 15.75,2.0,Tarjeta Credito
9698,2025-07-07,102,  marta Sanchez  ,ROSARIO,Cable HDMI,Cables,$ 15.75,3.0,Tarjeta Credito
9699,2025-04-01,105,PEDRO GOMEZ,CORDOBA,Monitor 24',Electronica,$ 350.0,4.0,Efectivo
9700,24/01/2025,103,Luis Garcia.,CABA,Teclado Mecanico,Accesorios,$ 80.0,4.0,Transferencia
9701,2025-12-05,102,  marta Sanchez  ,ROSARIO,Teclado Mecanico,Accesorios,,3.0,Transferencia
9702,2025-06-27,104,Ana Lopez,Mendoza,Laptop Pro,Electronica,$ 1200.5,5.0,Debito
9703,2025-08-31,101,JUAN PEREZ,CORDOBA,Mouse Optico,Accesorios,$ 25.0,1.0,Transferencia
9704,2025-11-28,104,Ana Lopez,Mendoza,Mouse Optico,Accesorios,$ 25.0,4.0,Tarjeta Credito
9705,2025-01-12,104,Ana Lopez,Mendoza,Silla Gamer,Muebles,$ 250.0,5.0,Debito
9706,2025-07-04,101,JUAN PEREZ,CORDOBA,Cable HDMI,Cables,$ 15.75,1.0,Tarjeta Credito
9707,2025-04-06,106,Lucia Fernandez,TUCUMAN,Cable HDMI,Cables,$ 15.75,1.0,Tarjeta Credito
9708,2025-09-15,104,Ana Lopez,Mendoza,Monitor 24',Electronica,$ 350.0,5.0,Transferencia
9709,2025-09-10,101,JUAN PEREZ,CORDOBA,Cable HDMI,Cables,$ 15.75,4.0,Transferencia
9710,24/10/2025,101,JUAN PEREZ,CORDOBA,Monitor 24',Electronica,$ 350.0,5.0,Debito
9711,2025-09-22,105,PEDRO GOMEZ,CORDOBA,Laptop Pro,Electronica,$ 1200.5,4.0,Efectivo
9712,2025-10-07,106,Lucia Fernandez,TUCUMAN,Teclado Mecanico,Accesorios,$ 80.0,3.0,Efectivo
9713,2025-05-24,105,PEDRO GOMEZ,CORDOBA,Teclado Mecanico,Accesorios,$ 80.0,1.0,Debito
9714,2025-12-07,105,PEDRO GOMEZ,CORDOBA,Cable HDMI,Cables,$ 15.75,5.0,Transferencia
9715,2025-04-12,101,JUAN PEREZ,CORDOBA,Laptop Pro,Electronica,$ 1200.5,1.0,Debito
9716,2025-11-17,103,Luis Garcia.,CABA,Teclado Mecanico,Accesorios,$ 80.0,3.0,Tarjeta Credito
9717,2025-09-17,106,Lucia Fernandez,TUCUMAN,Laptop Pro,Electronica,$ 1200.5,3.0,Transferencia
9718,2025-04-06,101,JUAN PEREZ,CORDOBA,Cable HDMI,Cables,$ 15.75,4.0,Debito
9719,2025-05-28,105,PEDRO GOMEZ,CORDOBA,Mouse Optico,Accesorios,,2.0,Transferencia
9720,13/10/2025,105,PEDRO GOMEZ,CORDOBA,Laptop Pro,Electronica,$ 1200.5,1.0,Debito
9721,2025-02-18,104,Ana Lopez,Mendoza,Silla Gamer,Muebles,$ 250.0,1.0,Transferencia
9722,2025-04-23,101,JUAN PEREZ,CORDOBA,Teclado Mecanico,Accesorios,$ 80.0,3.0,Debito
9723,2025-08-31,103,Luis Garcia.,CABA,Laptop Pro,Electronica,$ 1200.5,3.0,Tarjeta Credito
9724,2025-01-15,101,JUAN PEREZ,CORDOBA,Laptop Pro,Electronica,$ 1200.5,1.0,Transferencia
9725,2025-12-18,102,  marta Sanchez  ,ROSARIO,Laptop Pro,Electronica,$ 1200.5,3.0,Tarjeta Credito
9726,2025-02-10,103,Luis Garcia.,CABA,Laptop Pro,Electronica,$ 1200.5,2.0,Transferencia
9727,2025-12-05,101,JUAN PEREZ,CORDOBA,Monitor 24',Electronica,$ 350.0,1.0,Transferencia
9728,2025-03-17,104,Ana Lopez,Mendoza,Teclado Mecanico,Accesorios,$ 80.0,4.0,Debito
9729,2025-07-13,103,Luis Garcia.,CABA,Monitor 24',Electronica,$ 350.0,3.0,Debito
9730,20/02/2025,105,PEDRO GOMEZ,CORDOBA,Cable HDMI,Cables,$ 15.75,5.0,Transferencia
9731,2025-06-18,102,  marta Sanchez  ,ROSARIO,Teclado Mecanico,Accesorios,$ 80.0,4.0,Tarjeta Credito
9732,2025-02-23,106,Lucia Fernandez,TUCUMAN,Cable HDMI,Cables,$ 15.75,1.0,Transferencia
9733,2025-11-08,106,Lucia Fernandez,TUCUMAN,Silla Gamer,Muebles,$ 250.0,2.0,Transferencia
9734,2025-07-12,105,PEDRO GOMEZ,CORDOBA,Mouse Optico,Accesorios,$ 25.0,4.0,Debito
9735,2025-03-11,105,PEDRO GOMEZ,CORDOBA,Laptop Pro,Electronica,$ 1200.5,5.0,Tarjeta Credito
9736,2025-10-21,104,Ana Lopez,Mendoza,Silla Gamer,Muebles,$ 250.0,4.0,Debito
9737,2025-12-12,106,Lucia Fernandez,TUCUMAN,Laptop Pro,Electronica,$ 1200.5,4.0,Debito
9738,2025-06-01,103,Luis Garcia.,CABA,Teclado Mecanico,Accesorios,$ 80.0,3.0,Debito
9739,2025-06-13,104,Ana Lopez,Mendoza,Silla Gamer,Muebles,$ 250.0,4.0,Debito
9740,21/12/2025,104,Ana Lopez,Mendoza,Mouse Optico,Accesorios,$ 25.0,5.0,Tarjeta Credito
9741,2025-06-12,101,JUAN PEREZ,CORDOBA,Teclado Mecanico,Accesorios,,5.0,Transferencia
9742,2025-05-08,102,  marta Sanchez  ,ROSARIO,Silla Gamer,Muebles,$ 250.0,2.0,Transferencia
9743,2025-05-25,103,Luis Garcia.,CABA,Teclado Mecanico,Accesorios,$ 80.0,2.0,Debito
9744,2025-09-14,104,Ana Lopez,Mendoza,Cable HDMI,Cables,$ 15.75,1.0,Debito
9745,2025-10-06,102,  marta Sanchez  ,ROSARIO,Silla Gamer,Muebles,$ 250.0,4.0,Tarjeta Credito
9746,2025-07-04,106,Lucia Fernandez,TUCUMAN,Silla Gamer,Muebles,$ 250.0,2.0,Transferencia
9747,2025-04-22,101,JUAN PEREZ,CORDOBA,Mouse Optico,Accesorios,,4.0,Transferencia
9748,2025-09-26,106,Lucia Fernandez,TUCUMAN,Cable HDMI,Cables,$ 15.75,2.0,Efectivo
9749,2025-07-23,103,Luis Garcia.,CABA,Teclado Mecanico,Accesorios,$ 80.0,5.0,Transferencia
9750,17/01/2025,104,Ana Lopez,Mendoza,Silla Gamer,Muebles,$ 250.0,1.0,Tarjeta Credito
9751,2025-04-07,104,Ana Lopez,Mendoza,Mouse Optico,Accesorios,$ 25.0,3.0,Efectivo
9752,2025-05-31,102,  marta Sanchez  ,ROSARIO,Monitor 24',Electronica,$ 350.0,4.0,Efectivo
9753,2025-11-23,104,Ana Lopez,Mendoza,Laptop Pro,Electronica,$ 1200.5,5.0,Debito
9754,2025-02-27,104,Ana Lopez,Mendoza,Laptop Pro,Electronica,$ 1200.5,2.0,Efectivo
9755,2025-11-20,105,PEDRO GOMEZ,CORDOBA,Cable HDMI,Cables,$ 15.75,2.0,Efectivo
9756,2025-07-11,102,  marta Sanchez  ,ROSARIO,Teclado Mecanico,Accesorios,$ 80.0,1.0,Efectivo
9757,2025-03-14,101,JUAN PEREZ,CORDOBA,Teclado Mecanico,Accesorios,$ 80.0,4.0,Debito
9758,2025-01-06,102,  marta Sanchez  ,ROSARIO,Monitor 24',Electronica,$ 350.0,5.0,Debito
9759,2026-01-01,101,JUAN PEREZ,CORDOBA,Laptop Pro,Electronica,$ 1200.5,3.0,Debito
9760,01/02/2025,104,Ana Lopez,Mendoza,Teclado Mecanico,Accesorios,$ 80.0,1.0,Debito
9761,2025-02-26,101,JUAN PEREZ,CORDOBA,Teclado Mecanico,Accesorios,,5.0,Transferencia
9762,2025-09-01,106,Lucia Fernandez,TUCUMAN,Laptop Pro,Electronica,$ 1200.5,5.0,Tarjeta Credito
9763,2025-02-10,102,  marta Sanchez  ,ROSARIO,Mouse Optico,Accesorios,$ 25.0,5.0,Debito
9764,2025-01-18,101,JUAN PEREZ,CORDOBA,Monitor 24',Electronica,$ 350.0,1.0,Tarjeta Credito
9765,2025-06-01,104,Ana Lopez,Mendoza,Mouse Optico,Accesorios,$ 25.0,3.0,Tarjeta Credito
9766,2025-06-26,103,Luis Garcia.,CABA,Teclado Mecanico,Accesorios,$ 80.0,2.0,Transferencia
9767,2025-07-06,102,  marta Sanchez  ,ROSARIO,Monitor 24',Electronica,$ 350.0,3.0,Tarjeta Credito
9768,2025-07-30,103,Luis Garcia.,CABA,Silla Gamer,Muebles,$ 250.0,2.0,Debito
9769,2025-09-20,102,  marta Sanchez  ,ROSARIO,Mouse Optico,Accesorios,$ 25.0,4.0,Efectivo
9770,17/08/2025,101,JUAN PEREZ,CORDOBA,Laptop Pro,Electronica,$ 1200.5,3.0,Transferencia
9771,2025-01-01,103,Luis Garcia.,CABA,Silla Gamer,Muebles,$ 250.0,4.0,Efectivo
9772,2025-05-13,102,  marta Sanchez  ,ROSARIO,Teclado Mecanico,Accesorios,$ 80.0,4.0,Debito
9773,2025-09-03,106,Lucia Fernandez,TUCUMAN,Silla Gamer,Muebles,$ 250.0,2.0,Efectivo
9774,2025-06-25,101,JUAN PEREZ,CORDOBA,Monitor 24',Electronica,$ 350.0,3.0,Debito
9775,2025-02-03,103,Luis Garcia.,CABA,Cable HDMI,Cables,$ 15.75,3.0,Tarjeta Credito
9776,2025-12-09,105,PEDRO GOMEZ,CORDOBA,Laptop Pro,Electronica,$ 1200.5,1.0,Efectivo
9777,2025-04-17,101,JUAN PEREZ,CORDOBA,Teclado Mecanico,Accesorios,$ 80.0,3.0,Debito
9778,2025-04-15,103,Luis Garcia.,CABA,Laptop Pro,Electronica,$ 1200.5,1.0,Tarjeta Credito
9779,2025-12-02,103,Luis Garcia.,CABA,Cable HDMI,Cables,$ 15.75,4.0,Efectivo
9780,16/05/2025,102,  marta Sanchez  ,ROSARIO,Cable HDMI,Cables,$ 15.75,5.0,Tarjeta Credito
9781,2025-11-28,105,PEDRO GOMEZ,CORDOBA,Mouse Optico,Accesorios,,5.0,Tarjeta Credito
9782,2025-05-03,104,Ana Lopez,Mendoza,Mouse Optico,Accesorios,$ 25.0,2.0,Transferencia
9783,2025-06-12,104,Ana Lopez,Mendoza,Mouse Optico,Accesorios,$ 25.0,5.0,Debito
9784,2025-03-03,103,Luis Garcia.,CABA,Teclado Mecanico,Accesorios,$ 80.0,5.0,Transferencia
9785,2025-10-21,106,Lucia Fernandez,TUCUMAN,Monitor 24',Electronica,$ 350.0,2.0,Tarjeta Credito
9786,2025-03-30,101,JUAN PEREZ,CORDOBA,Teclado Mecanico,Accesorios,$ 80.0,1.0,Transferencia
9787,2025-03-29,106,Lucia Fernandez,TUCUMAN,Cable HDMI,Cables,$ 15.75,4.0,Tarjeta Credito
9788,2025-07-24,104,Ana Lopez,Mendoza,Teclado Mecanico,Accesorios,$ 80.0,4.0,Tarjeta Credito
9789,2025-02-13,104,Ana Lopez,Mendoza,Cable HDMI,Cables,$ 15.75,2.0,Transferencia
9790,17/06/2025,102,  marta Sanchez  ,ROSARIO,Silla Gamer,Muebles,$ 250.0,2.0,Efectivo
9791,2025-07-11,102,  marta Sanchez  ,ROSARIO,Laptop Pro,Electronica,$ 1200.5,5.0,Debito
9792,2025-06-09,106,Lucia Fernandez,TUCUMAN,Mouse Optico,Accesorios,$ 25.0,1.0,Efectivo
9793,2025-01-15,106,Lucia Fernandez,TUCUMAN,Silla Gamer,Muebles,$ 250.0,4.0,Debito
9794,2025-10-09,101,JUAN PEREZ,CORDOBA,Teclado Mecanico,Accesorios,$ 80.0,5.0,Transferencia
9795,2025-11-30,101,JUAN PEREZ,CORDOBA,Cable HDMI,Cables,$ 15.75,5.0,Transferencia
9796,2025-04-10,101,JUAN PEREZ,CORDOBA,Teclado Mecanico,Accesorios,$ 80.0,1.0,Transferencia
9797,2025-11-25,105,PEDRO GOMEZ,CORDOBA,Teclado Mecanico,Accesorios,$ 80.0,4.0,Transferencia
9798,2025-03-25,102,  marta Sanchez  ,ROSARIO,Silla Gamer,Muebles,$ 250.0,2.0,Efectivo
9799,2025-04-13,102,  marta Sanchez  ,ROSARIO,Teclado Mecanico,Accesorios,$ 80.0,2.0,Debito
9800,10/02/2025,105,PEDRO GOMEZ,CORDOBA,Silla Gamer,Muebles,$ 250.0,3.0,Efectivo
9801,2025-09-06,102,  marta Sanchez  ,ROSARIO,Cable HDMI,Cables,$ 15.75,4.0,Efectivo
9802,2025-05-23,105,PEDRO GOMEZ,CORDOBA,Laptop Pro,Electronica,$ 1200.5,1.0,Debito
9803,2025-04-20,104,Ana Lopez,Mendoza,Monitor 24',Electronica,$ 350.0,3.0,Debito
9804,2025-12-08,105,PEDRO GOMEZ,CORDOBA,Monitor 24',Electronica,$ 350.0,3.0,Transferencia
9805,2025-04-01,103,Luis Garcia.,CABA,Mouse Optico,Accesorios,$ 25.0,3.0,Efectivo
9806,2025-10-03,103,Luis Garcia.,CABA,Silla Gamer,Muebles,$ 250.0,3.0,Tarjeta Credito
9807,2025-07-08,105,PEDRO GOMEZ,CORDOBA,Cable HDMI,Cables,$ 15.75,,Debito
9808,2025-05-16,104,Ana Lopez,Mendoza,Monitor 24',Electronica,$ 350.0,1.0,Efectivo
9809,2025-01-15,106,Lucia Fernandez,TUCUMAN,Teclado Mecanico,Accesorios,$ 80.0,3.0,Tarjeta Credito
9810,08/08/2025,101,JUAN PEREZ,CORDOBA,Silla Gamer,Muebles,$ 250.0,3.0,Transferencia
9811,2025-08-16,106,Lucia Fernandez,TUCUMAN,Teclado Mecanico,Accesorios,$ 80.0,3.0,Debito
9812,2025-09-23,102,  marta Sanchez  ,ROSARIO,Monitor 24',Electronica,$ 350.0,4.0,Tarjeta Credito
9813,2025-09-23,103,Luis Garcia.,CABA,Mouse Optico,Accesorios,$ 25.0,2.0,Tarjeta Credito
9814,2025-10-09,103,Luis Garcia.,CABA,Teclado Mecanico,Accesorios,$ 80.0,5.0,Tarjeta Credito
9815,2025-01-11,105,PEDRO GOMEZ,CORDOBA,Mouse Optico,Accesorios,$ 25.0,1.0,Transferencia
9816,2025-10-25,102,  marta Sanchez  ,ROSARIO,Laptop Pro,Electronica,$ 1200.5,1.0,Tarjeta Credito
9817,2025-10-31,106,Lucia Fernandez,TUCUMAN,Silla Gamer,Muebles,$ 250.0,3.0,Efectivo
9818,2025-02-11,104,Ana Lopez,Mendoza,Cable HDMI,Cables,$ 15.75,4.0,Transferencia
9819,2025-01-06,105,PEDRO GOMEZ,CORDOBA,Cable HDMI,Cables,$ 15.75,1.0,Transferencia
9820,03/11/2025,102,  marta Sanchez  ,ROSARIO,Teclado Mecanico,Accesorios,$ 80.0,3.0,Debito
9821,2025-09-20,105,PEDRO GOMEZ,CORDOBA,Cable HDMI,Cables,$ 15.75,5.0,Efectivo
9822,2025-08-09,102,  marta Sanchez  ,ROSARIO,Mouse Optico,Accesorios,$ 25.0,2.0,Efectivo
9823,2025-01-03,101,JUAN PEREZ,CORDOBA,Cable HDMI,Cables,$ 15.75,1.0,Tarjeta Credito
9824,2025-10-01,102,  marta Sanchez  ,ROSARIO,Teclado Mecanico,Accesorios,$ 80.0,3.0,Tarjeta Credito
9825,2025-06-17,104,Ana Lopez,Mendoza,Cable HDMI,Cables,$ 15.75,5.0,Efectivo
9826,2025-12-12,105,PEDRO GOMEZ,CORDOBA,Mouse Optico,Accesorios,,3.0,Tarjeta Credito
9827,2025-11-27,102,  marta Sanchez  ,ROSARIO,Mouse Optico,Accesorios,$ 25.0,4.0,Tarjeta Credito
9828,2025-10-26,101,JUAN PEREZ,CORDOBA,Cable HDMI,Cables,$ 15.75,3.0,Efectivo
9829,2025-08-15,101,JUAN PEREZ,CORDOBA,Laptop Pro,Electronica,$ 1200.5,1.0,Transferencia
9830,14/09/2025,104,Ana Lopez,Mendoza,Monitor 24',Electronica,$ 350.0,2.0,Efectivo
9831,2025-12-06,105,PEDRO GOMEZ,CORDOBA,Silla Gamer,Muebles,$ 250.0,2.0,Efectivo
9832,2025-08-07,105,PEDRO GOMEZ,CORDOBA,Cable HDMI,Cables,$ 15.75,2.0,Efectivo
9833,2025-03-11,102,  marta Sanchez  ,ROSARIO,Silla Gamer,Muebles,$ 250.0,4.0,Debito
9834,2025-02-08,106,Lucia Fernandez,TUCUMAN,Teclado Mecanico,Accesorios,$ 80.0,2.0,Efectivo
9835,2025-11-01,106,Lucia Fernandez,TUCUMAN,Cable HDMI,Cables,$ 15.75,4.0,Tarjeta Credito
9836,2025-08-13,105,PEDRO GOMEZ,CORDOBA,Monitor 24',Electronica,$ 350.0,1.0,Tarjeta Credito
9837,2025-11-04,104,Ana Lopez,Mendoza,Laptop Pro,Electronica,$ 1200.5,1.0,Transferencia
9838,2025-04-23,103,Luis Garcia.,CABA,Mouse Optico,Accesorios,$ 25.0,3.0,Transferencia
9839,2025-08-29,101,JUAN PEREZ,CORDOBA,Silla Gamer,Muebles,$ 250.0,3.0,Tarjeta Credito
9840,30/09/2025,103,Luis Garcia.,CABA,Monitor 24',Electronica,$ 350.0,4.0,Debito
9841,2025-12-04,102,  marta Sanchez  ,ROSARIO,Laptop Pro,Electronica,$ 1200.5,5.0,Debito
9842,2025-02-26,101,JUAN PEREZ,CORDOBA,Teclado Mecanico,Accesorios,$ 80.0,1.0,Tarjeta Credito
9843,2025-09-14,106,Lucia Fernandez,TUCUMAN,Cable HDMI,Cables,$ 15.75,3.0,Tarjeta Credito
9844,2025-12-30,105,PEDRO GOMEZ,CORDOBA,Mouse Optico,Accesorios,$ 25.0,3.0,Tarjeta Credito
9845,2025-04-30,104,Ana Lopez,Mendoza,Mouse Optico,Accesorios,$ 25.0,3.0,Tarjeta Credito
9846,2025-02-15,103,Luis Garcia.,CABA,Mouse Optico,Accesorios,$ 25.0,3.0,Tarjeta Credito
9847,2025-12-25,106,Lucia Fernandez,TUCUMAN,Laptop Pro,Electronica,$ 1200.5,1.0,Tarjeta Credito
9848,2025-05-07,101,JUAN PEREZ,CORDOBA,Teclado Mecanico,Accesorios,$ 80.0,3.0,Transferencia
9849,2025-06-27,102,  marta Sanchez  ,ROSARIO,Teclado Mecanico,Accesorios,$ 80.0,5.0,Efectivo
9850,21/09/2025,101,JUAN PEREZ,CORDOBA,Silla Gamer,Muebles,$ 250.0,1.0,Debito
9851,2025-12-06,105,PEDRO GOMEZ,CORDOBA,Silla Gamer,Muebles,$ 250.0,4.0,Tarjeta Credito
9852,2025-05-03,103,Luis Garcia.,CABA,Monitor 24',Electronica,$ 350.0,1.0,Transferencia
9853,2025-11-05,103,Luis Garcia.,CABA,Monitor 24',Electronica,$ 350.0,5.0,Transferencia
9854,2025-11-12,101,JUAN PEREZ,CORDOBA,Monitor 24',Electronica,$ 350.0,5.0,Tarjeta Credito
9855,2025-08-02,101,JUAN PEREZ,CORDOBA,Laptop Pro,Electronica,$ 1200.5,5.0,Tarjeta Credito
9856,2025-12-26,105,PEDRO GOMEZ,CORDOBA,Cable HDMI,Cables,$ 15.75,2.0,Tarjeta Credito
9857,2025-10-29,104,Ana Lopez,Mendoza,Teclado Mecanico,Accesorios,$ 80.0,4.0,Efectivo
9858,2025-05-02,101,JUAN PEREZ,CORDOBA,Silla Gamer,Muebles,$ 250.0,1.0,Efectivo
9859,2025-10-18,105,PEDRO GOMEZ,CORDOBA,Cable HDMI,Cables,,3.0,Tarjeta Credito
9860,31/01/2025,105,PEDRO GOMEZ,CORDOBA,Laptop Pro,Electronica,$ 1200.5,5.0,Tarjeta Credito
9861,2025-07-12,104,Ana Lopez,Mendoza,Cable HDMI,Cables,$ 15.75,,Efectivo
9862,2025-01-14,105,PEDRO GOMEZ,CORDOBA,Mouse Optico,Accesorios,$ 25.0,4.0,Efectivo
9863,2025-07-01,105,PEDRO GOMEZ,CORDOBA,Monitor 24',Electronica,$ 350.0,2.0,Transferencia
9864,2025-07-06,101,JUAN PEREZ,CORDOBA,Cable HDMI,Cables,$ 15.75,4.0,Efectivo
9865,2025-05-06,103,Luis Garcia.,CABA,Cable HDMI,Cables,$ 15.75,5.0,Tarjeta Credito
9866,2025-09-22,102,  marta Sanchez  ,ROSARIO,Teclado Mecanico,Accesorios,$ 80.0,1.0,Debito
9867,2025-10-13,106,Lucia Fernandez,TUCUMAN,Silla Gamer,Muebles,$ 250.0,2.0,Transferencia
9868,2025-11-03,101,JUAN PEREZ,CORDOBA,Laptop Pro,Electronica,$ 1200.5,2.0,Tarjeta Credito
9869,2025-09-26,104,Ana Lopez,Mendoza,Silla Gamer,Muebles,$ 250.0,2.0,Transferencia
9870,17/06/2025,106,Lucia Fernandez,TUCUMAN,Mouse Optico,Accesorios,$ 25.0,1.0,Tarjeta Credito
9871,2025-11-15,106,Lucia Fernandez,TUCUMAN,Silla Gamer,Muebles,$ 250.0,4.0,Debito
9872,2025-07-05,104,Ana Lopez,Mendoza,Laptop Pro,Electronica,$ 1200.5,4.0,Efectivo
9873,2025-05-15,103,Luis Garcia.,CABA,Mouse Optico,Accesorios,$ 25.0,1.0,Tarjeta Credito
9874,2025-03-13,103,Luis Garcia.,CABA,Silla Gamer,Muebles,$ 250.0,4.0,Debito
9875,2025-02-17,103,Luis Garcia.,CABA,Teclado Mecanico,Accesorios,$ 80.0,3.0,Efectivo
9876,2025-12-07,104,Ana Lopez,Mendoza,Cable HDMI,Cables,$ 15.75,5.0,Debito
9877,2025-10-21,101,JUAN PEREZ,CORDOBA,Monitor 24',Electronica,$ 350.0,1.0,Efectivo
9878,2025-10-28,101,JUAN PEREZ,CORDOBA,Silla Gamer,Muebles,$ 250.0,3.0,Efectivo
9879,2025-03-29,105,PEDRO GOMEZ,CORDOBA,Teclado Mecanico,Accesorios,$ 80.0,2.0,Tarjeta Credito
9880,07/05/2025,104,Ana Lopez,Mendoza,Monitor 24',Electronica,$ 350.0,4.0,Transferencia
9881,2025-01-25,105,PEDRO GOMEZ,CORDOBA,Silla Gamer,Muebles,$ 250.0,4.0,Debito
9882,2025-03-19,103,Luis Garcia.,CABA,Silla Gamer,Muebles,$ 250.0,2.0,Tarjeta Credito
9883,2025-06-14,102,  marta Sanchez  ,ROSARIO,Laptop Pro,Electronica,$ 1200.5,1.0,Debito
9884,2025-02-03,103,Luis Garcia.,CABA,Cable HDMI,Cables,$ 15.75,3.0,Tarjeta Credito
9885,2025-10-09,104,Ana Lopez,Mendoza,Teclado Mecanico,Accesorios,$ 80.0,1.0,Debito
9886,2025-01-25,106,Lucia Fernandez,TUCUMAN,Cable HDMI,Cables,$ 15.75,2.0,Debito
9887,2025-08-01,101,JUAN PEREZ,CORDOBA,Teclado Mecanico,Accesorios,$ 80.0,5.0,Transferencia
9888,2025-08-03,103,Luis Garcia.,CABA,Mouse Optico,Accesorios,,4.0,Transferencia
9889,2025-06-21,104,Ana Lopez,Mendoza,Monitor 24',Electronica,$ 350.0,2.0,Transferencia
9890,08/04/2025,104,Ana Lopez,Mendoza,Laptop Pro,Electronica,$ 1200.5,2.0,Debito
9891,2025-12-10,101,JUAN PEREZ,CORDOBA,Laptop Pro,Electronica,$ 1200.5,5.0,Transferencia
9892,2025-11-27,102,  marta Sanchez  ,ROSARIO,Mouse Optico,Accesorios,$ 25.0,1.0,Tarjeta Credito
9893,2025-12-17,102,  marta Sanchez  ,ROSARIO,Monitor 24',Electronica,$ 350.0,4.0,Debito
9894,2025-01-09,106,Lucia Fernandez,TUCUMAN,Monitor 24',Electronica,$ 350.0,3.0,Transferencia
9895,2025-02-09,102,  marta Sanchez  ,ROSARIO,Laptop Pro,Electronica,$ 1200.5,5.0,Transferencia
9896,2025-04-01,103,Luis Garcia.,CABA,Teclado Mecanico,Accesorios,$ 80.0,5.0,Debito
9897,2025-12-18,103,Luis Garcia.,CABA,Mouse Optico,Accesorios,$ 25.0,5.0,Transferencia
9898,2025-05-28,102,  marta Sanchez  ,ROSARIO,Teclado Mecanico,Accesorios,$ 80.0,2.0,Debito
9899,2025-09-24,103,Luis Garcia.,CABA,Monitor 24',Electronica,$ 350.0,4.0,Transferencia
9900,18/04/2025,106,Lucia Fernandez,TUCUMAN,Cable HDMI,Cables,$ 15.75,2.0,Transferencia
9901,2025-10-10,101,JUAN PEREZ,CORDOBA,Teclado Mecanico,Accesorios,$ 80.0,4.0,Tarjeta Credito
9902,2025-03-21,101,JUAN PEREZ,CORDOBA,Cable HDMI,Cables,$ 15.75,3.0,Efectivo
9903,2025-12-11,104,Ana Lopez,Mendoza,Monitor 24',Electronica,$ 350.0,3.0,Tarjeta Credito
9904,2025-10-06,102,  marta Sanchez  ,ROSARIO,Laptop Pro,Electronica,$ 1200.5,2.0,Efectivo
9905,2025-02-09,101,JUAN PEREZ,CORDOBA,Silla Gamer,Muebles,$ 250.0,5.0,Efectivo
9906,2025-12-30,103,Luis Garcia.,CABA,Silla Gamer,Muebles,$ 250.0,4.0,Debito
9907,2025-10-25,106,Lucia Fernandez,TUCUMAN,Teclado Mecanico,Accesorios,$ 80.0,3.0,Transferencia
9908,2025-02-22,104,Ana Lopez,Mendoza,Teclado Mecanico,Accesorios,$ 80.0,2.0,Tarjeta Credito
9909,2025-07-07,102,  marta Sanchez  ,ROSARIO,Monitor 24',Electronica,$ 350.0,3.0,Tarjeta Credito
9910,24/06/2025,106,Lucia Fernandez,TUCUMAN,Teclado Mecanico,Accesorios,$ 80.0,5.0,Transferencia
9911,2025-01-25,102,  marta Sanchez  ,ROSARIO,Laptop Pro,Electronica,$ 1200.5,2.0,Transferencia
9912,2025-02-16,102,  marta Sanchez  ,ROSARIO,Teclado Mecanico,Accesorios,$ 80.0,2.0,Transferencia
9913,2025-04-09,106,Lucia Fernandez,TUCUMAN,Silla Gamer,Muebles,$ 250.0,3.0,Tarjeta Credito
9914,2025-11-14,105,PEDRO GOMEZ,CORDOBA,Cable HDMI,Cables,$ 15.75,1.0,Tarjeta Credito
9915,2025-03-10,101,JUAN PEREZ,CORDOBA,Monitor 24',Electronica,$ 350.0,4.0,Tarjeta Credito
9916,2025-10-24,105,PEDRO GOMEZ,CORDOBA,Silla Gamer,Muebles,$ 250.0,4.0,Debito
9917,2025-03-06,106,Lucia Fernandez,TUCUMAN,Monitor 24',Electronica,,1.0,Tarjeta Credito
9918,2025-05-06,104,Ana Lopez,Mendoza,Silla Gamer,Muebles,$ 250.0,5.0,Tarjeta Credito
9919,2025-05-15,101,JUAN PEREZ,CORDOBA,Silla Gamer,Muebles,$ 250.0,3.0,Transferencia
9920,09/06/2025,106,Lucia Fernandez,TUCUMAN,Laptop Pro,Electronica,$ 1200.5,4.0,Debito
9921,2025-02-15,106,Lucia Fernandez,TUCUMAN,Monitor 24',Electronica,,5.0,Efectivo
9922,2025-12-18,102,  marta Sanchez  ,ROSARIO,Teclado Mecanico,Accesorios,$ 80.0,5.0,Transferencia
9923,2025-11-04,105,PEDRO GOMEZ,CORDOBA,Mouse Optico,Accesorios,,2.0,Transferencia
9924,2025-09-28,103,Luis Garcia.,CABA,Monitor 24',Electronica,$ 350.0,1.0,Debito
9925,2025-12-30,104,Ana Lopez,Mendoza,Cable HDMI,Cables,$ 15.75,4.0,Efectivo
9926,2025-10-20,103,Luis Garcia.,CABA,Mouse Optico,Accesorios,$ 25.0,2.0,Tarjeta Credito
9927,2025-05-01,103,Luis Garcia.,CABA,Teclado Mecanico,Accesorios,$ 80.0,3.0,Efectivo
9928,2025-05-13,106,Lucia Fernandez,TUCUMAN,Mouse Optico,Accesorios,$ 25.0,1.0,Tarjeta Credito
9929,2025-09-18,104,Ana Lopez,Mendoza,Laptop Pro,Electronica,$ 1200.5,5.0,Tarjeta Credito
9930,16/03/2025,105,PEDRO GOMEZ,CORDOBA,Mouse Optico,Accesorios,$ 25.0,3.0,Efectivo
9931,2025-05-29,106,Lucia Fernandez,TUCUMAN,Cable HDMI,Cables,$ 15.75,3.0,Efectivo
9932,2025-12-07,105,PEDRO GOMEZ,CORDOBA,Monitor 24',Electronica,$ 350.0,3.0,Efectivo
9933,2025-12-25,103,Luis Garcia.,CABA,Laptop Pro,Electronica,$ 1200.5,3.0,Debito
9934,2025-10-28,102,  marta Sanchez  ,ROSARIO,Cable HDMI,Cables,$ 15.75,1.0,Debito
9935,2025-04-14,101,JUAN PEREZ,CORDOBA,Mouse Optico,Accesorios,$ 25.0,2.0,Transferencia
9936,2025-05-25,104,Ana Lopez,Mendoza,Teclado Mecanico,Accesorios,$ 80.0,2.0,Transferencia
9937,2025-06-30,106,Lucia Fernandez,TUCUMAN,Cable HDMI,Cables,$ 15.75,2.0,Efectivo
9938,2025-02-27,106,Lucia Fernandez,TUCUMAN,Cable HDMI,Cables,$ 15.75,1.0,Debito
9939,2025-11-23,104,Ana Lopez,Mendoza,Teclado Mecanico,Accesorios,$ 80.0,5.0,Debito
9940,04/05/2025,105,PEDRO GOMEZ,CORDOBA,Laptop Pro,Electronica,$ 1200.5,2.0,Efectivo
9941,2025-07-22,104,Ana Lopez,Mendoza,Cable HDMI,Cables,$ 15.75,3.0,Transferencia
9942,2025-11-03,105,PEDRO GOMEZ,CORDOBA,Laptop Pro,Electronica,$ 1200.5,5.0,Transferencia
9943,2025-09-22,105,PEDRO GOMEZ,CORDOBA,Mouse Optico,Accesorios,$ 25.0,1.0,Transferencia
9944,2025-01-07,106,Lucia Fernandez,TUCUMAN,Monitor 24',Electronica,$ 350.0,3.0,Efectivo
9945,2025-07-05,103,Luis Garcia.,CABA,Laptop Pro,Electronica,,3.0,Tarjeta Credito
9946,2025-05-16,106,Lucia Fernandez,TUCUMAN,Laptop Pro,Electronica,$ 1200.5,5.0,Efectivo
9947,2025-07-28,104,Ana Lopez,Mendoza,Silla Gamer,Muebles,$ 250.0,4.0,Transferencia
9948,2025-04-01,106,Lucia Fernandez,TUCUMAN,Teclado Mecanico,Accesorios,$ 80.0,1.0,Efectivo
9949,2025-07-29,103,Luis Garcia.,CABA,Monitor 24',Electronica,$ 350.0,1.0,Efectivo
9950,20/08/2025,105,PEDRO GOMEZ,CORDOBA,Cable HDMI,Cables,$ 15.75,1.0,Efectivo
9951,2025-04-19,103,Luis Garcia.,CABA,Teclado Mecanico,Accesorios,$ 80.0,3.0,Efectivo
9952,2025-02-15,103,Luis Garcia.,CABA,Laptop Pro,Electronica,$ 1200.5,1.0,Efectivo
9953,2025-04-15,105,PEDRO GOMEZ,CORDOBA,Laptop Pro,Electronica,$ 1200.5,3.0,Transferencia
9954,2025-10-21,101,JUAN PEREZ,CORDOBA,Cable HDMI,Cables,$ 15.75,1.0,Transferencia
9955,2025-03-19,106,Lucia Fernandez,TUCUMAN,Mouse Optico,Accesorios,$ 25.0,3.0,Tarjeta Credito
9956,2025-07-28,104,Ana Lopez,Mendoza,Teclado Mecanico,Accesorios,$ 80.0,1.0,Debito
9957,2025-12-23,105,PEDRO GOMEZ,CORDOBA,Mouse Optico,Accesorios,$ 25.0,4.0,Debito
9958,2025-01-31,104,Ana Lopez,Mendoza,Monitor 24',Electronica,$ 350.0,,Tarjeta Credito
9959,2025-09-04,105,PEDRO GOMEZ,CORDOBA,Silla Gamer,Muebles,$ 250.0,3.0,Debito
9960,07/12/2025,102,  marta Sanchez  ,ROSARIO,Monitor 24',Electronica,$ 350.0,1.0,Tarjeta Credito
9961,2025-04-22,102,  marta Sanchez  ,ROSARIO,Laptop Pro,Electronica,$ 1200.5,1.0,Tarjeta Credito
9962,2025-04-24,102,  marta Sanchez  ,ROSARIO,Monitor 24',Electronica,$ 350.0,4.0,Efectivo
9963,2025-10-25,104,Ana Lopez,Mendoza,Teclado Mecanico,Accesorios,$ 80.0,4.0,Efectivo
9964,2025-05-29,104,Ana Lopez,Mendoza,Monitor 24',Electronica,,3.0,Transferencia
9965,2025-02-07,102,  marta Sanchez  ,ROSARIO,Laptop Pro,Electronica,$ 1200.5,3.0,Debito
9966,2025-06-27,102,  marta Sanchez  ,ROSARIO,Laptop Pro,Electronica,$ 1200.5,2.0,Tarjeta Credito
9967,2025-11-29,104,Ana Lopez,Mendoza,Silla Gamer,Muebles,$ 250.0,5.0,Efectivo
9968,2025-01-01,103,Luis Garcia.,CABA,Monitor 24',Electronica,$ 350.0,5.0,Efectivo
9969,2025-06-30,103,Luis Garcia.,CABA,Laptop Pro,Electronica,$ 1200.5,4.0,Tarjeta Credito
9970,18/03/2025,104,Ana Lopez,Mendoza,Mouse Optico,Accesorios,$ 25.0,5.0,Transferencia
9971,2025-09-30,105,PEDRO GOMEZ,CORDOBA,Mouse Optico,Accesorios,$ 25.0,4.0,Debito
9972,2025-09-28,105,PEDRO GOMEZ,CORDOBA,Cable HDMI,Cables,,3.0,Transferencia
9973,2025-05-26,105,PEDRO GOMEZ,CORDOBA,Monitor 24',Electronica,$ 350.0,1.0,Efectivo
9974,2025-04-19,102,  marta Sanchez  ,ROSARIO,Silla Gamer,Muebles,$ 250.0,3.0,Tarjeta Credito
9975,2025-12-01,104,Ana Lopez,Mendoza,Mouse Optico,Accesorios,$ 25.0,2.0,Debito
9976,2025-03-13,103,Luis Garcia.,CABA,Silla Gamer,Muebles,$ 250.0,3.0,Tarjeta Credito
9977,2025-11-14,102,  marta Sanchez  ,ROSARIO,Silla Gamer,Muebles,$ 250.0,4.0,Transferencia
9978,2025-08-31,105,PEDRO GOMEZ,CORDOBA,Teclado Mecanico,Accesorios,$ 80.0,1.0,Tarjeta Credito
9979,2025-07-09,103,Luis Garcia.,CABA,Cable HDMI,Cables,$ 15.75,5.0,Tarjeta Credito
9980,16/05/2025,106,Lucia Fernandez,TUCUMAN,Monitor 24',Electronica,$ 350.0,5.0,Debito
9981,2025-11-21,105,PEDRO GOMEZ,CORDOBA,Monitor 24',Electronica,,3.0,Debito
9982,2025-01-04,101,JUAN PEREZ,CORDOBA,Monitor 24',Electronica,$ 350.0,5.0,Debito
9983,2025-06-28,104,Ana Lopez,Mendoza,Cable HDMI,Cables,$ 15.75,4.0,Transferencia
9984,2025-02-28,102,  marta Sanchez  ,ROSARIO,Cable HDMI,Cables,$ 15.75,5.0,Tarjeta Credito
9985,2025-07-23,106,Lucia Fernandez,TUCUMAN,Laptop Pro,Electronica,$ 1200.5,1.0,Efectivo
9986,2025-07-26,106,Lucia Fernandez,TUCUMAN,Teclado Mecanico,Accesorios,$ 80.0,5.0,Efectivo
9987,2025-11-02,104,Ana Lopez,Mendoza,Silla Gamer,Muebles,$ 250.0,3.0,Transferencia
9988,2025-03-12,105,PEDRO GOMEZ,CORDOBA,Monitor 24',Electronica,$ 350.0,4.0,Debito
9989,2025-02-22,104,Ana Lopez,Mendoza,Monitor 24',Electronica,$ 350.0,4.0,Efectivo
9990,12/07/2025,104,Ana Lopez,Mendoza,Silla Gamer,Muebles,$ 250.0,3.0,Debito
9991,2025-08-15,102,  marta Sanchez  ,ROSARIO,Silla Gamer,Muebles,$ 250.0,4.0,Tarjeta Credito
9992,2025-02-28,106,Lucia Fernandez,TUCUMAN,Silla Gamer,Muebles,$ 250.0,5.0,Efectivo
9993,2025-03-12,105,PEDRO GOMEZ,CORDOBA,Monitor 24',Electronica,$ 350.0,1.0,Debito
9994,2025-06-04,105,PEDRO GOMEZ,CORDOBA,Teclado Mecanico,Accesorios,$ 80.0,4.0,Transferencia
9995,2025-04-15,103,Luis Garcia.,CABA,Silla Gamer,Muebles,$ 250.0,1.0,Tarjeta Credito
9996,2025-12-03,101,JUAN PEREZ,CORDOBA,Mouse Optico,Accesorios,$ 25.0,5.0,Transferencia
9997,2025-05-18,106,Lucia Fernandez,TUCUMAN,Laptop Pro,Electronica,$ 1200.5,3.0,Tarjeta Credito
9998,2025-02-15,101,JUAN PEREZ,CORDOBA,Laptop Pro,Electronica,$ 1200.5,1.0,Debito
9999,2025-05-13,103,Luis Garcia.,CABA,Teclado Mecanico,Accesorios,$ 80.0,3.0,Debito
10000,19/02/2025,105,PEDRO GOMEZ,CORDOBA,Teclado Mecanico,Accesorios,$ 80.0,3.0,Transferencia
10001,2025-01-29,102,  marta Sanchez  ,ROSARIO,Cable HDMI,Cables,$ 15.75,3.0,Efectivo
10002,2025-03-20,106,Lucia Fernandez,TUCUMAN,Cable HDMI,Cables,$ 15.75,1.0,Tarjeta Credito
10003,2025-01-23,106,Lucia Fernandez,TUCUMAN,Teclado Mecanico,Accesorios,$ 80.0,3.0,Debito
10004,2025-04-09,103,Luis Garcia.,CABA,Silla Gamer,Muebles,$ 250.0,3.0,Efectivo
10005,2025-06-08,102,  marta Sanchez  ,ROSARIO,Silla Gamer,Muebles,$ 250.0,2.0,Debito
10006,2025-11-19,105,PEDRO GOMEZ,CORDOBA,Laptop Pro,Electronica,$ 1200.5,3.0,Debito
10007,2025-11-07,104,Ana Lopez,Mendoza,Teclado Mecanico,Accesorios,$ 80.0,1.0,Debito
10008,2025-10-20,106,Lucia Fernandez,TUCUMAN,Mouse Optico,Accesorios,$ 25.0,2.0,Tarjeta Credito
10009,2025-11-28,106,Lucia Fernandez,TUCUMAN,Cable HDMI,Cables,$ 15.75,4.0,Transferencia
10010,22/05/2025,102,  marta Sanchez  ,ROSARIO,Monitor 24',Electronica,$ 350.0,3.0,Tarjeta Credito
10011,2025-10-19,105,PEDRO GOMEZ,CORDOBA,Mouse Optico,Accesorios,$ 25.0,2.0,Efectivo
10012,2025-11-01,104,Ana Lopez,Mendoza,Silla Gamer,Muebles,$ 250.0,5.0,Efectivo
10013,2025-03-20,103,Luis Garcia.,CABA,Laptop Pro,Electronica,$ 1200.5,2.0,Debito
10014,2025-05-22,105,PEDRO GOMEZ,CORDOBA,Silla Gamer,Muebles,$ 250.0,3.0,Debito
10015,2025-05-16,105,PEDRO GOMEZ,CORDOBA,Laptop Pro,Electronica,$ 1200.5,3.0,Transferencia
10016,2025-11-07,104,Ana Lopez,Mendoza,Silla Gamer,Muebles,$ 250.0,1.0,Debito
10017,2025-03-08,101,JUAN PEREZ,CORDOBA,Cable HDMI,Cables,$ 15.75,1.0,Tarjeta Credito
10018,2025-11-22,101,JUAN PEREZ,CORDOBA,Silla Gamer,Muebles,$ 250.0,1.0,Debito
10019,2025-10-10,106,Lucia Fernandez,TUCUMAN,Teclado Mecanico,Accesorios,$ 80.0,3.0,Efectivo
10020,09/11/2025,102,  marta Sanchez  ,ROSARIO,Laptop Pro,Electronica,$ 1200.5,2.0,Tarjeta Credito
10021,2025-10-08,102,  marta Sanchez  ,ROSARIO,Cable HDMI,Cables,$ 15.75,2.0,Efectivo
10022,2025-03-31,105,PEDRO GOMEZ,CORDOBA,Mouse Optico,Accesorios,$ 25.0,2.0,Debito
10023,2025-06-06,102,  marta Sanchez  ,ROSARIO,Mouse Optico,Accesorios,$ 25.0,4.0,Tarjeta Credito
10024,2025-10-12,105,PEDRO GOMEZ,CORDOBA,Mouse Optico,Accesorios,$ 25.0,1.0,Efectivo
10025,2025-11-28,105,PEDRO GOMEZ,CORDOBA,Cable HDMI,Cables,$ 15.75,2.0,Transferencia
10026,2025-04-09,102,  marta Sanchez  ,ROSARIO,Silla Gamer,Muebles,$ 250.0,3.0,Debito
10027,2025-11-05,104,Ana Lopez,Mendoza,Laptop Pro,Electronica,$ 1200.5,1.0,Tarjeta Credito
10028,2025-04-11,105,PEDRO GOMEZ,CORDOBA,Teclado Mecanico,Accesorios,$ 80.0,1.0,Transferencia
10029,2025-08-17,106,Lucia Fernandez,TUCUMAN,Mouse Optico,Accesorios,$ 25.0,2.0,Tarjeta Credito
10030,05/12/2025,103,Luis Garcia.,CABA,Monitor 24',Electronica,$ 350.0,4.0,Transferencia
10031,2025-01-15,102,  marta Sanchez  ,ROSARIO,Teclado Mecanico,Accesorios,$ 80.0,5.0,Debito
10032,2025-03-26,103,Luis Garcia.,CABA,Monitor 24',Electronica,$ 350.0,5.0,Debito
10033,2025-04-22,102,  marta Sanchez  ,ROSARIO,Laptop Pro,Electronica,$ 1200.5,3.0,Tarjeta Credito
10034,2025-08-13,105,PEDRO GOMEZ,CORDOBA,Mouse Optico,Accesorios,$ 25.0,2.0,Tarjeta Credito
10035,2025-12-04,101,JUAN PEREZ,CORDOBA,Teclado Mecanico,Accesorios,,5.0,Transferencia
10036,2025-08-21,101,JUAN PEREZ,CORDOBA,Silla Gamer,Muebles,$ 250.0,4.0,Debito
10037,2025-07-02,103,Luis Garcia.,CABA,Cable HDMI,Cables,$ 15.75,4.0,Tarjeta Credito
10038,2025-06-12,106,Lucia Fernandez,TUCUMAN,Silla Gamer,Muebles,$ 250.0,2.0,Efectivo
10039,2025-04-19,102,  marta Sanchez  ,ROSARIO,Cable HDMI,Cables,$ 15.75,1.0,Transferencia
10040,31/10/2025,102,  marta Sanchez  ,ROSARIO,Cable HDMI,Cables,$ 15.75,1.0,Efectivo
10041,2025-05-29,104,Ana Lopez,Mendoza,Cable HDMI,Cables,$ 15.75,1.0,Transferencia
10042,2025-09-26,104,Ana Lopez,Mendoza,Silla Gamer,Muebles,$ 250.0,1.0,Debito
10043,2025-07-25,105,PEDRO GOMEZ,CORDOBA,Silla Gamer,Muebles,$ 250.0,5.0,Efectivo
10044,2025-05-15,102,  marta Sanchez  ,ROSARIO,Mouse Optico,Accesorios,$ 25.0,3.0,Debito
10045,2025-05-06,101,JUAN PEREZ,CORDOBA,Teclado Mecanico,Accesorios,$ 80.0,1.0,Tarjeta Credito
10046,2025-12-21,104,Ana Lopez,Mendoza,Silla Gamer,Muebles,$ 250.0,1.0,Debito
10047,2025-06-19,103,Luis Garcia.,CABA,Silla Gamer,Muebles,$ 250.0,4.0,Efectivo
10048,2025-07-08,104,Ana Lopez,Mendoza,Mouse Optico,Accesorios,$ 25.0,4.0,Efectivo
10049,2025-12-21,103,Luis Garcia.,CABA,Monitor 24',Electronica,$ 350.0,5.0,Tarjeta Credito
10050,05/03/2025,106,Lucia Fernandez,TUCUMAN,Teclado Mecanico,Accesorios,$ 80.0,4.0,Tarjeta Credito
10051,2025-03-26,102,  marta Sanchez  ,ROSARIO,Laptop Pro,Electronica,$ 1200.5,5.0,Transferencia
10052,2025-12-13,102,  marta Sanchez  ,ROSARIO,Silla Gamer,Muebles,$ 250.0,1.0,Transferencia
10053,2025-03-03,102,  marta Sanchez  ,ROSARIO,Monitor 24',Electronica,$ 350.0,1.0,Efectivo
10054,2025-12-17,106,Lucia Fernandez,TUCUMAN,Monitor 24',Electronica,,5.0,Transferencia
10055,2025-09-18,101,JUAN PEREZ,CORDOBA,Mouse Optico,Accesorios,$ 25.0,2.0,Efectivo
10056,2025-02-23,103,Luis Garcia.,CABA,Mouse Optico,Accesorios,$ 25.0,2.0,Tarjeta Credito
10057,2025-10-20,102,  marta Sanchez  ,ROSARIO,Silla Gamer,Muebles,$ 250.0,3.0,Tarjeta Credito
10058,2025-09-13,105,PEDRO GOMEZ,CORDOBA,Cable HDMI,Cables,$ 15.75,5.0,Debito
10059,2025-12-22,102,  marta Sanchez  ,ROSARIO,Mouse Optico,Accesorios,$ 25.0,4.0,Tarjeta Credito
10060,15/03/2025,105,PEDRO GOMEZ,CORDOBA,Cable HDMI,Cables,$ 15.75,5.0,Debito
10061,2025-02-18,102,  marta Sanchez  ,ROSARIO,Cable HDMI,Cables,$ 15.75,1.0,Efectivo
10062,2025-10-15,104,Ana Lopez,Mendoza,Teclado Mecanico,Accesorios,$ 80.0,1.0,Transferencia
10063,2025-07-18,105,PEDRO GOMEZ,CORDOBA,Laptop Pro,Electronica,$ 1200.5,3.0,Debito
10064,2025-08-28,104,Ana Lopez,Mendoza,Laptop Pro,Electronica,$ 1200.5,5.0,Debito
10065,2025-05-21,103,Luis Garcia.,CABA,Monitor 24',Electronica,$ 350.0,3.0,Tarjeta Credito
10066,2025-06-25,101,JUAN PEREZ,CORDOBA,Laptop Pro,Electronica,$ 1200.5,2.0,Efectivo
10067,2025-04-28,103,Luis Garcia.,CABA,Teclado Mecanico,Accesorios,,5.0,Tarjeta Credito
10068,2025-03-11,105,PEDRO GOMEZ,CORDOBA,Teclado Mecanico,Accesorios,$ 80.0,2.0,Tarjeta Credito
10069,2025-11-25,102,  marta Sanchez  ,ROSARIO,Mouse Optico,Accesorios,$ 25.0,2.0,Debito
10070,23/03/2025,106,Lucia Fernandez,TUCUMAN,Monitor 24',Electronica,$ 350.0,2.0,Debito
10071,2025-03-17,106,Lucia Fernandez,TUCUMAN,Silla Gamer,Muebles,$ 250.0,3.0,Transferencia
10072,2025-07-17,103,Luis Garcia.,CABA,Laptop Pro,Electronica,$ 1200.5,5.0,Transferencia
10073,2025-08-13,104,Ana Lopez,Mendoza,Teclado Mecanico,Accesorios,$ 80.0,4.0,Transferencia
10074,2025-08-27,104,Ana Lopez,Mendoza,Teclado Mecanico,Accesorios,$ 80.0,3.0,Debito
10075,2025-04-07,101,JUAN PEREZ,CORDOBA,Monitor 24',Electronica,$ 350.0,4.0,Efectivo
10076,2025-05-27,106,Lucia Fernandez,TUCUMAN,Teclado Mecanico,Accesorios,$ 80.0,5.0,Debito
10077,2025-05-13,105,PEDRO GOMEZ,CORDOBA,Mouse Optico,Accesorios,$ 25.0,4.0,Debito
10078,2025-12-22,101,JUAN PEREZ,CORDOBA,Teclado Mecanico,Accesorios,$ 80.0,2.0,Transferencia
10079,2025-09-12,105,PEDRO GOMEZ,CORDOBA,Laptop Pro,Electronica,$ 1200.5,1.0,Efectivo
10080,02/01/2025,102,  marta Sanchez  ,ROSARIO,Cable HDMI,Cables,$ 15.75,1.0,Tarjeta Credito
10081,2025-01-17,101,JUAN PEREZ,CORDOBA,Laptop Pro,Electronica,$ 1200.5,5.0,Transferencia
10082,2025-03-22,101,JUAN PEREZ,CORDOBA,Cable HDMI,Cables,$ 15.75,3.0,Tarjeta Credito
10083,2025-09-06,105,PEDRO GOMEZ,CORDOBA,Cable HDMI,Cables,$ 15.75,2.0,Transferencia
10084,2025-09-21,103,Luis Garcia.,CABA,Laptop Pro,Electronica,$ 1200.5,5.0,Transferencia
10085,2025-05-13,102,  marta Sanchez  ,ROSARIO,Teclado Mecanico,Accesorios,$ 80.0,3.0,Efectivo
10086,2025-05-25,106,Lucia Fernandez,TUCUMAN,Monitor 24',Electronica,$ 350.0,4.0,Debito
10087,2025-03-31,106,Lucia Fernandez,TUCUMAN,Cable HDMI,Cables,$ 15.75,4.0,Tarjeta Credito
10088,2025-01-13,104,Ana Lopez,Mendoza,Monitor 24',Electronica,$ 350.0,4.0,Debito
10089,2025-05-14,105,PEDRO GOMEZ,CORDOBA,Cable HDMI,Cables,$ 15.75,,Debito
10090,30/08/2025,101,JUAN PEREZ,CORDOBA,Mouse Optico,Accesorios,$ 25.0,2.0,Transferencia
10091,2025-02-13,104,Ana Lopez,Mendoza,Teclado Mecanico,Accesorios,$ 80.0,5.0,Transferencia
10092,2025-09-10,101,JUAN PEREZ,CORDOBA,Cable HDMI,Cables,$ 15.75,5.0,Tarjeta Credito
10093,2025-04-01,105,PEDRO GOMEZ,CORDOBA,Laptop Pro,Electronica,$ 1200.5,1.0,Transferencia
10094,2025-06-11,104,Ana Lopez,Mendoza,Mouse Optico,Accesorios,$ 25.0,5.0,Tarjeta Credito
10095,2025-09-02,103,Luis Garcia.,CABA,Teclado Mecanico,Accesorios,$ 80.0,4.0,Transferencia
10096,2025-06-16,102,  marta Sanchez  ,ROSARIO,Silla Gamer,Muebles,$ 250.0,5.0,Transferencia
10097,2025-08-03,102,  marta Sanchez  ,ROSARIO,Monitor 24',Electronica,$ 350.0,5.0,Efectivo
10098,2025-09-07,103,Luis Garcia.,CABA,Mouse Optico,Accesorios,$ 25.0,2.0,Efectivo
10099,2025-02-20,101,JUAN PEREZ,CORDOBA,Silla Gamer,Muebles,$ 250.0,2.0,Tarjeta Credito
10100,06/05/2025,101,JUAN PEREZ,CORDOBA,Monitor 24',Electronica,$ 350.0,1.0,Transferencia
10101,2025-03-02,105,PEDRO GOMEZ,CORDOBA,Silla Gamer,Muebles,$ 250.0,5.0,Debito
10102,2025-08-09,106,Lucia Fernandez,TUCUMAN,Teclado Mecanico,Accesorios,$ 80.0,5.0,Transferencia
10103,2025-02-19,101,JUAN PEREZ,CORDOBA,Mouse Optico,Accesorios,$ 25.0,3.0,Tarjeta Credito
10104,2025-04-21,105,PEDRO GOMEZ,CORDOBA,Cable HDMI,Cables,$ 15.75,1.0,Transferencia
10105,2025-12-16,104,Ana Lopez,Mendoza,Teclado Mecanico,Accesorios,$ 80.0,5.0,Tarjeta Credito
10106,2025-12-01,103,Luis Garcia.,CABA,Silla Gamer,Muebles,$ 250.0,4.0,Debito
10107,2025-02-21,105,PEDRO GOMEZ,CORDOBA,Cable HDMI,Cables,$ 15.75,1.0,Transferencia
10108,2025-05-20,101,JUAN PEREZ,CORDOBA,Cable HDMI,Cables,$ 15.75,3.0,Transferencia
10109,2025-02-16,105,PEDRO GOMEZ,CORDOBA,Monitor 24',Electronica,$ 350.0,3.0,Debito
10110,16/12/2025,105,PEDRO GOMEZ,CORDOBA,Monitor 24',Electronica,$ 350.0,5.0,Transferencia
10111,2025-01-28,106,Lucia Fernandez,TUCUMAN,Monitor 24',Electronica,$ 350.0,4.0,Efectivo
10112,2025-08-20,102,  marta Sanchez  ,ROSARIO,Cable HDMI,Cables,$ 15.75,5.0,Debito
10113,2025-06-23,102,  marta Sanchez  ,ROSARIO,Mouse Optico,Accesorios,$ 25.0,3.0,Tarjeta Credito
10114,2025-06-22,102,  marta Sanchez  ,ROSARIO,Mouse Optico,Accesorios,$ 25.0,1.0,Transferencia
10115,2025-03-28,102,  marta Sanchez  ,ROSARIO,Teclado Mecanico,Accesorios,$ 80.0,5.0,Efectivo
10116,2025-01-07,103,Luis Garcia.,CABA,Silla Gamer,Muebles,$ 250.0,,Efectivo
10117,2025-06-19,105,PEDRO GOMEZ,CORDOBA,Mouse Optico,Accesorios,$ 25.0,4.0,Transferencia
10118,2025-07-12,102,  marta Sanchez  ,ROSARIO,Cable HDMI,Cables,$ 15.75,2.0,Tarjeta Credito
10119,2025-02-11,104,Ana Lopez,Mendoza,Monitor 24',Electronica,$ 350.0,4.0,Debito
10120,05/09/2025,102,  marta Sanchez  ,ROSARIO,Teclado Mecanico,Accesorios,$ 80.0,5.0,Tarjeta Credito
10121,2025-08-27,104,Ana Lopez,Mendoza,Mouse Optico,Accesorios,$ 25.0,1.0,Debito
10122,2025-09-30,104,Ana Lopez,Mendoza,Monitor 24',Electronica,,3.0,Efectivo
10123,2025-01-13,103,Luis Garcia.,CABA,Monitor 24',Electronica,$ 350.0,1.0,Efectivo
10124,2025-01-10,104,Ana Lopez,Mendoza,Monitor 24',Electronica,$ 350.0,5.0,Efectivo
10125,2025-02-06,105,PEDRO GOMEZ,CORDOBA,Monitor 24',Electronica,$ 350.0,2.0,Transferencia
10126,2025-06-17,105,PEDRO GOMEZ,CORDOBA,Mouse Optico,Accesorios,$ 25.0,2.0,Transferencia
10127,2025-07-02,105,PEDRO GOMEZ,CORDOBA,Mouse Optico,Accesorios,$ 25.0,4.0,Efectivo
10128,2025-07-27,105,PEDRO GOMEZ,CORDOBA,Silla Gamer,Muebles,$ 250.0,5.0,Tarjeta Credito
10129,2025-05-10,103,Luis Garcia.,CABA,Cable HDMI,Cables,$ 15.75,1.0,Efectivo
10130,10/12/2025,102,  marta Sanchez  ,ROSARIO,Monitor 24',Electronica,$ 350.0,5.0,Transferencia
10131,2025-03-24,101,JUAN PEREZ,CORDOBA,Teclado Mecanico,Accesorios,$ 80.0,1.0,Efectivo
10132,2025-04-13,103,Luis Garcia.,CABA,Teclado Mecanico,Accesorios,$ 80.0,3.0,Debito
10133,2025-07-23,106,Lucia Fernandez,TUCUMAN,Cable HDMI,Cables,$ 15.75,3.0,Tarjeta Credito
10134,2025-12-31,105,PEDRO GOMEZ,CORDOBA,Cable HDMI,Cables,$ 15.75,3.0,Efectivo
10135,2025-10-30,102,  marta Sanchez  ,ROSARIO,Teclado Mecanico,Accesorios,$ 80.0,5.0,Tarjeta Credito
10136,2025-08-03,104,Ana Lopez,Mendoza,Silla Gamer,Muebles,$ 250.0,4.0,Efectivo
10137,2025-10-22,101,JUAN PEREZ,CORDOBA,Laptop Pro,Electronica,$ 1200.5,5.0,Debito
10138,2025-06-05,103,Luis Garcia.,CABA,Silla Gamer,Muebles,$ 250.0,2.0,Tarjeta Credito
10139,2025-08-20,104,Ana Lopez,Mendoza,Silla Gamer,Muebles,$ 250.0,3.0,Efectivo
10140,02/09/2025,104,Ana Lopez,Mendoza,Monitor 24',Electronica,$ 350.0,4.0,Tarjeta Credito
10141,2025-06-25,105,PEDRO GOMEZ,CORDOBA,Silla Gamer,Muebles,$ 250.0,5.0,Transferencia
10142,2025-07-11,103,Luis Garcia.,CABA,Cable HDMI,Cables,$ 15.75,2.0,Transferencia
10143,2025-07-06,104,Ana Lopez,Mendoza,Silla Gamer,Muebles,$ 250.0,1.0,Efectivo
10144,2025-03-18,104,Ana Lopez,Mendoza,Monitor 24',Electronica,$ 350.0,1.0,Efectivo
10145,2025-07-19,104,Ana Lopez,Mendoza,Mouse Optico,Accesorios,$ 25.0,5.0,Tarjeta Credito
10146,2025-07-08,105,PEDRO GOMEZ,CORDOBA,Laptop Pro,Electronica,$ 1200.5,5.0,Transferencia
10147,2025-10-13,101,JUAN PEREZ,CORDOBA,Laptop Pro,Electronica,$ 1200.5,1.0,Debito
10148,2026-01-01,106,Lucia Fernandez,TUCUMAN,Monitor 24',Electronica,$ 350.0,4.0,Efectivo
10149,2025-03-24,105,PEDRO GOMEZ,CORDOBA,Mouse Optico,Accesorios,$ 25.0,5.0,Transferencia
10150,14/04/2025,105,PEDRO GOMEZ,CORDOBA,Cable HDMI,Cables,$ 15.75,1.0,Efectivo
10151,2025-11-30,105,PEDRO GOMEZ,CORDOBA,Mouse Optico,Accesorios,$ 25.0,5.0,Efectivo
10152,2025-03-26,105,PEDRO GOMEZ,CORDOBA,Silla Gamer,Muebles,$ 250.0,2.0,Tarjeta Credito
10153,2025-08-11,104,Ana Lopez,Mendoza,Teclado Mecanico,Accesorios,$ 80.0,5.0,Debito
10154,2025-01-18,106,Lucia Fernandez,TUCUMAN,Laptop Pro,Electronica,$ 1200.5,5.0,Tarjeta Credito
10155,2025-01-11,101,JUAN PEREZ,CORDOBA,Laptop Pro,Electronica,$ 1200.5,4.0,Debito
10156,2025-08-27,104,Ana Lopez,Mendoza,Laptop Pro,Electronica,$ 1200.5,5.0,Debito
10157,2025-12-22,103,Luis Garcia.,CABA,Monitor 24',Electronica,$ 350.0,1.0,Debito
10158,2025-12-22,102,  marta Sanchez  ,ROSARIO,Teclado Mecanico,Accesorios,$ 80.0,1.0,Transferencia
10159,2025-06-01,106,Lucia Fernandez,TUCUMAN,Cable HDMI,Cables,$ 15.75,1.0,Tarjeta Credito
10160,21/10/2025,102,  marta Sanchez  ,ROSARIO,Mouse Optico,Accesorios,$ 25.0,3.0,Transferencia
10161,2025-10-27,104,Ana Lopez,Mendoza,Monitor 24',Electronica,$ 350.0,4.0,Tarjeta Credito
10162,2025-07-22,105,PEDRO GOMEZ,CORDOBA,Teclado Mecanico,Accesorios,$ 80.0,4.0,Transferencia
10163,2025-11-07,103,Luis Garcia.,CABA,Mouse Optico,Accesorios,$ 25.0,5.0,Tarjeta Credito
10164,2025-01-25,101,JUAN PEREZ,CORDOBA,Silla Gamer,Muebles,$ 250.0,1.0,Tarjeta Credito
10165,2025-05-31,104,Ana Lopez,Mendoza,Teclado Mecanico,Accesorios,$ 80.0,,Transferencia
10166,2025-07-12,103,Luis Garcia.,CABA,Cable HDMI,Cables,$ 15.75,3.0,Tarjeta Credito
10167,2025-04-14,104,Ana Lopez,Mendoza,Cable HDMI,Cables,$ 15.75,2.0,Transferencia
10168,2025-12-16,101,JUAN PEREZ,CORDOBA,Monitor 24',Electronica,$ 350.0,4.0,Transferencia
10169,2025-05-27,101,JUAN PEREZ,CORDOBA,Teclado Mecanico,Accesorios,$ 80.0,2.0,Debito
10170,02/06/2025,103,Luis Garcia.,CABA,Laptop Pro,Electronica,$ 1200.5,4.0,Debito
10171,2025-10-23,105,PEDRO GOMEZ,CORDOBA,Silla Gamer,Muebles,$ 250.0,2.0,Debito
10172,2025-11-28,106,Lucia Fernandez,TUCUMAN,Mouse Optico,Accesorios,$ 25.0,1.0,Transferencia
10173,2025-12-23,105,PEDRO GOMEZ,CORDOBA,Monitor 24',Electronica,$ 350.0,4.0,Transferencia
10174,2025-07-02,103,Luis Garcia.,CABA,Monitor 24',Electronica,$ 350.0,1.0,Transferencia
10175,2025-11-04,101,JUAN PEREZ,CORDOBA,Silla Gamer,Muebles,$ 250.0,1.0,Efectivo
10176,2025-10-29,106,Lucia Fernandez,TUCUMAN,Cable HDMI,Cables,$ 15.75,3.0,Efectivo
10177,2025-02-12,102,  marta Sanchez  ,ROSARIO,Laptop Pro,Electronica,$ 1200.5,3.0,Debito
10178,2025-11-16,101,JUAN PEREZ,CORDOBA,Monitor 24',Electronica,$ 350.0,3.0,Tarjeta Credito
10179,2025-03-17,103,Luis Garcia.,CABA,Monitor 24',Electronica,$ 350.0,2.0,Tarjeta Credito
10180,16/09/2025,106,Lucia Fernandez,TUCUMAN,Mouse Optico,Accesorios,$ 25.0,4.0,Tarjeta Credito
10181,2025-11-22,102,  marta Sanchez  ,ROSARIO,Silla Gamer,Muebles,$ 250.0,2.0,Tarjeta Credito
10182,2025-01-04,102,  marta Sanchez  ,ROSARIO,Laptop Pro,Electronica,,4.0,Debito
10183,2025-02-11,103,Luis Garcia.,CABA,Mouse Optico,Accesorios,,3.0,Debito
10184,2025-03-31,103,Luis Garcia.,CABA,Monitor 24',Electronica,$ 350.0,4.0,Debito
10185,2025-03-26,102,  marta Sanchez  ,ROSARIO,Mouse Optico,Accesorios,$ 25.0,3.0,Efectivo
10186,2025-08-24,103,Luis Garcia.,CABA,Laptop Pro,Electronica,$ 1200.5,4.0,Debito
10187,2025-03-15,102,  marta Sanchez  ,ROSARIO,Cable HDMI,Cables,$ 15.75,4.0,Tarjeta Credito
10188,2025-07-14,104,Ana Lopez,Mendoza,Laptop Pro,Electronica,$ 1200.5,4.0,Transferencia
10189,2025-06-21,106,Lucia Fernandez,TUCUMAN,Mouse Optico,Accesorios,$ 25.0,2.0,Efectivo
10190,06/07/2025,101,JUAN PEREZ,CORDOBA,Teclado Mecanico,Accesorios,$ 80.0,4.0,Debito
10191,2025-06-06,101,JUAN PEREZ,CORDOBA,Laptop Pro,Electronica,$ 1200.5,4.0,Debito
10192,2025-05-08,102,  marta Sanchez  ,ROSARIO,Teclado Mecanico,Accesorios,$ 80.0,2.0,Transferencia
10193,2025-06-07,104,Ana Lopez,Mendoza,Silla Gamer,Muebles,$ 250.0,4.0,Transferencia
10194,2025-01-30,102,  marta Sanchez  ,ROSARIO,Monitor 24',Electronica,$ 350.0,3.0,Transferencia
10195,2025-12-15,104,Ana Lopez,Mendoza,Mouse Optico,Accesorios,$ 25.0,2.0,Tarjeta Credito
10196,2025-07-30,101,JUAN PEREZ,CORDOBA,Monitor 24',Electronica,$ 350.0,1.0,Transferencia
10197,2025-11-05,105,PEDRO GOMEZ,CORDOBA,Laptop Pro,Electronica,$ 1200.5,1.0,Efectivo
10198,2025-02-01,106,Lucia Fernandez,TUCUMAN,Mouse Optico,Accesorios,$ 25.0,1.0,Tarjeta Credito
10199,2025-05-22,106,Lucia Fernandez,TUCUMAN,Laptop Pro,Electronica,$ 1200.5,1.0,Efectivo
10200,04/10/2025,101,JUAN PEREZ,CORDOBA,Cable HDMI,Cables,$ 15.75,2.0,Efectivo
10201,2025-10-24,101,JUAN PEREZ,CORDOBA,Silla Gamer,Muebles,$ 250.0,1.0,Debito
10202,2025-05-30,104,Ana Lopez,Mendoza,Cable HDMI,Cables,$ 15.75,3.0,Efectivo
10203,2025-06-29,102,  marta Sanchez  ,ROSARIO,Mouse Optico,Accesorios,$ 25.0,4.0,Efectivo
10204,2025-07-07,104,Ana Lopez,Mendoza,Monitor 24',Electronica,$ 350.0,3.0,Efectivo
10205,2025-03-31,102,  marta Sanchez  ,ROSARIO,Cable HDMI,Cables,$ 15.75,1.0,Transferencia
10206,2025-03-08,102,  marta Sanchez  ,ROSARIO,Monitor 24',Electronica,$ 350.0,3.0,Efectivo
10207,2025-03-30,102,  marta Sanchez  ,ROSARIO,Mouse Optico,Accesorios,$ 25.0,5.0,Efectivo
10208,2025-09-18,102,  marta Sanchez  ,ROSARIO,Mouse Optico,Accesorios,$ 25.0,5.0,Debito
10209,2025-05-28,101,JUAN PEREZ,CORDOBA,Silla Gamer,Muebles,$ 250.0,2.0,Efectivo
10210,19/08/2025,104,Ana Lopez,Mendoza,Teclado Mecanico,Accesorios,$ 80.0,3.0,Tarjeta Credito
10211,2025-05-06,103,Luis Garcia.,CABA,Cable HDMI,Cables,$ 15.75,2.0,Debito
10212,2025-02-04,102,  marta Sanchez  ,ROSARIO,Mouse Optico,Accesorios,$ 25.0,3.0,Transferencia
10213,2025-08-28,102,  marta Sanchez  ,ROSARIO,Silla Gamer,Muebles,$ 250.0,4.0,Debito
10214,2025-04-22,106,Lucia Fernandez,TUCUMAN,Teclado Mecanico,Accesorios,$ 80.0,4.0,Efectivo
10215,2025-09-18,105,PEDRO GOMEZ,CORDOBA,Monitor 24',Electronica,$ 350.0,4.0,Efectivo
10216,2025-07-18,103,Luis Garcia.,CABA,Silla Gamer,Muebles,$ 250.0,5.0,Tarjeta Credito
10217,2025-11-23,103,Luis Garcia.,CABA,Silla Gamer,Muebles,$ 250.0,2.0,Tarjeta Credito
10218,2025-12-31,106,Lucia Fernandez,TUCUMAN,Mouse Optico,Accesorios,$ 25.0,3.0,Tarjeta Credito
10219,2025-12-13,103,Luis Garcia.,CABA,Silla Gamer,Muebles,$ 250.0,2.0,Transferencia
10220,28/08/2025,104,Ana Lopez,Mendoza,Cable HDMI,Cables,$ 15.75,4.0,Efectivo
10221,2025-07-22,101,JUAN PEREZ,CORDOBA,Monitor 24',Electronica,$ 350.0,3.0,Efectivo
10222,2025-01-23,103,Luis Garcia.,CABA,Laptop Pro,Electronica,$ 1200.5,5.0,Tarjeta Credito
10223,2025-07-25,105,PEDRO GOMEZ,CORDOBA,Cable HDMI,Cables,$ 15.75,4.0,Tarjeta Credito
10224,2025-10-12,101,JUAN PEREZ,CORDOBA,Monitor 24',Electronica,$ 350.0,4.0,Tarjeta Credito
10225,2025-08-13,106,Lucia Fernandez,TUCUMAN,Cable HDMI,Cables,$ 15.75,1.0,Tarjeta Credito
10226,2025-08-01,106,Lucia Fernandez,TUCUMAN,Mouse Optico,Accesorios,$ 25.0,3.0,Debito
10227,2025-05-14,102,  marta Sanchez  ,ROSARIO,Silla Gamer,Muebles,$ 250.0,3.0,Tarjeta Credito
10228,2025-11-16,101,JUAN PEREZ,CORDOBA,Teclado Mecanico,Accesorios,$ 80.0,5.0,Tarjeta Credito
10229,2025-05-07,103,Luis Garcia.,CABA,Monitor 24',Electronica,$ 350.0,4.0,Transferencia
10230,06/11/2025,106,Lucia Fernandez,TUCUMAN,Laptop Pro,Electronica,$ 1200.5,4.0,Tarjeta Credito
10231,2025-01-01,105,PEDRO GOMEZ,CORDOBA,Silla Gamer,Muebles,$ 250.0,2.0,Debito
10232,2025-01-17,106,Lucia Fernandez,TUCUMAN,Laptop Pro,Electronica,$ 1200.5,2.0,Transferencia
10233,2025-07-07,103,Luis Garcia.,CABA,Teclado Mecanico,Accesorios,$ 80.0,2.0,Transferencia
10234,2025-06-03,101,JUAN PEREZ,CORDOBA,Mouse Optico,Accesorios,$ 25.0,1.0,Efectivo
10235,2025-05-09,104,Ana Lopez,Mendoza,Silla Gamer,Muebles,$ 250.0,1.0,Debito
10236,2025-01-30,102,  marta Sanchez  ,ROSARIO,Laptop Pro,Electronica,$ 1200.5,4.0,Transferencia
10237,2025-09-26,101,JUAN PEREZ,CORDOBA,Laptop Pro,Electronica,$ 1200.5,4.0,Tarjeta Credito
10238,2025-10-17,106,Lucia Fernandez,TUCUMAN,Laptop Pro,Electronica,$ 1200.5,2.0,Efectivo
10239,2025-06-13,101,JUAN PEREZ,CORDOBA,Silla Gamer,Muebles,$ 250.0,5.0,Transferencia
10240,24/02/2025,101,JUAN PEREZ,CORDOBA,Cable HDMI,Cables,$ 15.75,3.0,Efectivo
10241,2025-10-23,104,Ana Lopez,Mendoza,Laptop Pro,Electronica,$ 1200.5,1.0,Transferencia
10242,2025-01-11,103,Luis Garcia.,CABA,Silla Gamer,Muebles,$ 250.0,1.0,Debito
10243,2025-09-05,104,Ana Lopez,Mendoza,Monitor 24',Electronica,$ 350.0,4.0,Transferencia
10244,2025-05-19,106,Lucia Fernandez,TUCUMAN,Cable HDMI,Cables,$ 15.75,1.0,Transferencia
10245,2025-06-20,101,JUAN PEREZ,CORDOBA,Monitor 24',Electronica,$ 350.0,5.0,Efectivo
10246,2025-01-05,105,PEDRO GOMEZ,CORDOBA,Silla Gamer,Muebles,$ 250.0,1.0,Debito
10247,2025-06-27,105,PEDRO GOMEZ,CORDOBA,Monitor 24',Electronica,$ 350.0,3.0,Efectivo
10248,2025-03-09,101,JUAN PEREZ,CORDOBA,Mouse Optico,Accesorios,$ 25.0,4.0,Tarjeta Credito
10249,2025-10-11,102,  marta Sanchez  ,ROSARIO,Laptop Pro,Electronica,$ 1200.5,4.0,Debito
10250,01/04/2025,102,  marta Sanchez  ,ROSARIO,Monitor 24',Electronica,$ 350.0,3.0,Efectivo
10251,2025-03-04,103,Luis Garcia.,CABA,Monitor 24',Electronica,$ 350.0,4.0,Debito
10252,2025-11-25,104,Ana Lopez,Mendoza,Monitor 24',Electronica,$ 350.0,1.0,Transferencia
10253,2025-04-17,101,JUAN PEREZ,CORDOBA,Teclado Mecanico,Accesorios,$ 80.0,4.0,Tarjeta Credito
10254,2025-12-10,101,JUAN PEREZ,CORDOBA,Silla Gamer,Muebles,$ 250.0,4.0,Efectivo
10255,2025-04-28,103,Luis Garcia.,CABA,Mouse Optico,Accesorios,$ 25.0,2.0,Efectivo
10256,2025-03-06,105,PEDRO GOMEZ,CORDOBA,Teclado Mecanico,Accesorios,$ 80.0,4.0,Transferencia
10257,2025-06-20,102,  marta Sanchez  ,ROSARIO,Mouse Optico,Accesorios,$ 25.0,2.0,Efectivo
10258,2025-04-04,101,JUAN PEREZ,CORDOBA,Mouse Optico,Accesorios,$ 25.0,4.0,Tarjeta Credito
10259,2025-09-23,102,  marta Sanchez  ,ROSARIO,Mouse Optico,Accesorios,$ 25.0,2.0,Debito
10260,28/09/2025,101,JUAN PEREZ,CORDOBA,Monitor 24',Electronica,$ 350.0,4.0,Efectivo
10261,2025-04-04,102,  marta Sanchez  ,ROSARIO,Mouse Optico,Accesorios,$ 25.0,2.0,Tarjeta Credito
10262,2025-06-06,101,JUAN PEREZ,CORDOBA,Silla Gamer,Muebles,,3.0,Transferencia
10263,2025-04-26,101,JUAN PEREZ,CORDOBA,Mouse Optico,Accesorios,$ 25.0,2.0,Efectivo
10264,2025-07-03,103,Luis Garcia.,CABA,Mouse Optico,Accesorios,$ 25.0,2.0,Tarjeta Credito
10265,2025-07-30,103,Luis Garcia.,CABA,Silla Gamer,Muebles,$ 250.0,4.0,Debito
10266,2025-11-24,105,PEDRO GOMEZ,CORDOBA,Monitor 24',Electronica,$ 350.0,3.0,Debito
10267,2025-06-05,106,Lucia Fernandez,TUCUMAN,Cable HDMI,Cables,$ 15.75,4.0,Efectivo
10268,2025-04-23,106,Lucia Fernandez,TUCUMAN,Laptop Pro,Electronica,$ 1200.5,3.0,Efectivo
10269,2025-05-07,106,Lucia Fernandez,TUCUMAN,Monitor 24',Electronica,$ 350.0,4.0,Debito
10270,11/06/2025,102,  marta Sanchez  ,ROSARIO,Teclado Mecanico,Accesorios,$ 80.0,2.0,Transferencia
10271,2025-11-28,101,JUAN PEREZ,CORDOBA,Cable HDMI,Cables,$ 15.75,1.0,Debito
10272,2025-04-28,104,Ana Lopez,Mendoza,Teclado Mecanico,Accesorios,$ 80.0,5.0,Tarjeta Credito
10273,2025-02-19,105,PEDRO GOMEZ,CORDOBA,Laptop Pro,Electronica,$ 1200.5,4.0,Transferencia
10274,2025-08-26,103,Luis Garcia.,CABA,Cable HDMI,Cables,$ 15.75,3.0,Tarjeta Credito
10275,2025-12-12,101,JUAN PEREZ,CORDOBA,Silla Gamer,Muebles,$ 250.0,4.0,Efectivo
10276,2025-09-10,106,Lucia Fernandez,TUCUMAN,Monitor 24',Electronica,$ 350.0,2.0,Debito
10277,2025-11-24,104,Ana Lopez,Mendoza,Silla Gamer,Muebles,$ 250.0,5.0,Tarjeta Credito
10278,2025-04-26,104,Ana Lopez,Mendoza,Monitor 24',Electronica,$ 350.0,2.0,Efectivo
10279,2025-03-26,103,Luis Garcia.,CABA,Teclado Mecanico,Accesorios,$ 80.0,3.0,Efectivo
10280,25/02/2025,104,Ana Lopez,Mendoza,Monitor 24',Electronica,$ 350.0,2.0,Transferencia
10281,2025-06-03,101,JUAN PEREZ,CORDOBA,Cable HDMI,Cables,$ 15.75,5.0,Debito
10282,2025-07-06,104,Ana Lopez,Mendoza,Teclado Mecanico,Accesorios,$ 80.0,2.0,Efectivo
10283,2025-12-16,105,PEDRO GOMEZ,CORDOBA,Cable HDMI,Cables,$ 15.75,3.0,Efectivo
10284,2025-07-15,101,JUAN PEREZ,CORDOBA,Monitor 24',Electronica,$ 350.0,4.0,Transferencia
10285,2025-03-18,105,PEDRO GOMEZ,CORDOBA,Cable HDMI,Cables,$ 15.75,5.0,Tarjeta Credito
10286,2025-11-01,103,Luis Garcia.,CABA,Silla Gamer,Muebles,$ 250.0,2.0,Efectivo
10287,2025-12-03,106,Lucia Fernandez,TUCUMAN,Silla Gamer,Muebles,$ 250.0,2.0,Tarjeta Credito
10288,2025-12-26,106,Lucia Fernandez,TUCUMAN,Laptop Pro,Electronica,$ 1200.5,4.0,Debito
10289,2025-05-15,106,Lucia Fernandez,TUCUMAN,Monitor 24',Electronica,$ 350.0,4.0,Debito
10290,02/01/2025,102,  marta Sanchez  ,ROSARIO,Mouse Optico,Accesorios,$ 25.0,1.0,Debito
10291,2025-05-09,105,PEDRO GOMEZ,CORDOBA,Monitor 24',Electronica,$ 350.0,2.0,Debito
10292,2025-12-09,105,PEDRO GOMEZ,CORDOBA,Teclado Mecanico,Accesorios,$ 80.0,4.0,Tarjeta Credito
10293,2025-06-25,106,Lucia Fernandez,TUCUMAN,Laptop Pro,Electronica,$ 1200.5,4.0,Efectivo
10294,2025-05-20,101,JUAN PEREZ,CORDOBA,Monitor 24',Electronica,$ 350.0,5.0,Efectivo
10295,2025-11-05,106,Lucia Fernandez,TUCUMAN,Silla Gamer,Muebles,$ 250.0,1.0,Tarjeta Credito
10296,2025-03-28,104,Ana Lopez,Mendoza,Monitor 24',Electronica,$ 350.0,2.0,Debito
10297,2025-06-01,103,Luis Garcia.,CABA,Laptop Pro,Electronica,$ 1200.5,2.0,Efectivo
10298,2025-11-26,105,PEDRO GOMEZ,CORDOBA,Cable HDMI,Cables,$ 15.75,4.0,Tarjeta Credito
10299,2025-01-26,105,PEDRO GOMEZ,CORDOBA,Laptop Pro,Electronica,$ 1200.5,3.0,Transferencia
10300,18/10/2025,101,JUAN PEREZ,CORDOBA,Cable HDMI,Cables,$ 15.75,3.0,Transferencia
10301,2025-01-19,103,Luis Garcia.,CABA,Teclado Mecanico,Accesorios,$ 80.0,2.0,Efectivo
10302,2025-12-02,103,Luis Garcia.,CABA,Silla Gamer,Muebles,$ 250.0,4.0,Transferencia
10303,2025-02-21,104,Ana Lopez,Mendoza,Mouse Optico,Accesorios,$ 25.0,1.0,Tarjeta Credito
10304,2025-08-12,105,PEDRO GOMEZ,CORDOBA,Teclado Mecanico,Accesorios,$ 80.0,2.0,Efectivo
10305,2025-11-03,106,Lucia Fernandez,TUCUMAN,Teclado Mecanico,Accesorios,,3.0,Tarjeta Credito
10306,2025-03-18,104,Ana Lopez,Mendoza,Monitor 24',Electronica,$ 350.0,2.0,Efectivo
10307,2025-05-24,105,PEDRO GOMEZ,CORDOBA,Cable HDMI,Cables,$ 15.75,4.0,Debito
10308,2025-02-10,105,PEDRO GOMEZ,CORDOBA,Silla Gamer,Muebles,$ 250.0,3.0,Efectivo
10309,2025-02-11,101,JUAN PEREZ,CORDOBA,Mouse Optico,Accesorios,$ 25.0,4.0,Tarjeta Credito
10310,26/11/2025,103,Luis Garcia.,CABA,Cable HDMI,Cables,$ 15.75,4.0,Transferencia
10311,2025-04-26,104,Ana Lopez,Mendoza,Mouse Optico,Accesorios,$ 25.0,2.0,Debito
10312,2025-05-06,101,JUAN PEREZ,CORDOBA,Laptop Pro,Electronica,$ 1200.5,5.0,Debito
10313,2025-06-14,101,JUAN PEREZ,CORDOBA,Silla Gamer,Muebles,$ 250.0,4.0,Transferencia
10314,2025-05-24,105,PEDRO GOMEZ,CORDOBA,Cable HDMI,Cables,$ 15.75,3.0,Debito
10315,2025-01-27,101,JUAN PEREZ,CORDOBA,Silla Gamer,Muebles,$ 250.0,1.0,Efectivo
10316,2025-11-09,104,Ana Lopez,Mendoza,Cable HDMI,Cables,$ 15.75,5.0,Efectivo
10317,2025-01-23,104,Ana Lopez,Mendoza,Silla Gamer,Muebles,$ 250.0,5.0,Efectivo
10318,2025-08-21,105,PEDRO GOMEZ,CORDOBA,Teclado Mecanico,Accesorios,$ 80.0,5.0,Efectivo
10319,2025-03-12,102,  marta Sanchez  ,ROSARIO,Silla Gamer,Muebles,$ 250.0,3.0,Transferencia
10320,22/01/2025,105,PEDRO GOMEZ,CORDOBA,Mouse Optico,Accesorios,$ 25.0,1.0,Transferencia
10321,2025-01-12,102,  marta Sanchez  ,ROSARIO,Teclado Mecanico,Accesorios,$ 80.0,4.0,Tarjeta Credito
10322,2025-08-13,106,Lucia Fernandez,TUCUMAN,Monitor 24',Electronica,$ 350.0,3.0,Transferencia
10323,2025-07-21,106,Lucia Fernandez,TUCUMAN,Mouse Optico,Accesorios,$ 25.0,5.0,Tarjeta Credito
10324,2025-08-20,106,Lucia Fernandez,TUCUMAN,Mouse Optico,Accesorios,$ 25.0,4.0,Efectivo
10325,2025-01-11,105,PEDRO GOMEZ,CORDOBA,Cable HDMI,Cables,$ 15.75,1.0,Transferencia
10326,2025-07-31,101,JUAN PEREZ,CORDOBA,Monitor 24',Electronica,$ 350.0,3.0,Debito
10327,2025-12-20,104,Ana Lopez,Mendoza,Mouse Optico,Accesorios,$ 25.0,4.0,Transferencia
10328,2025-12-08,106,Lucia Fernandez,TUCUMAN,Cable HDMI,Cables,$ 15.75,5.0,Transferencia
10329,2025-04-01,106,Lucia Fernandez,TUCUMAN,Mouse Optico,Accesorios,$ 25.0,3.0,Transferencia
10330,29/04/2025,101,JUAN PEREZ,CORDOBA,Laptop Pro,Electronica,$ 1200.5,5.0,Transferencia
10331,2025-11-26,101,JUAN PEREZ,CORDOBA,Monitor 24',Electronica,$ 350.0,2.0,Debito
10332,2025-02-17,106,Lucia Fernandez,TUCUMAN,Laptop Pro,Electronica,$ 1200.5,4.0,Transferencia
10333,2025-11-19,106,Lucia Fernandez,TUCUMAN,Teclado Mecanico,Accesorios,$ 80.0,5.0,Tarjeta Credito
10334,2025-11-04,101,JUAN PEREZ,CORDOBA,Mouse Optico,Accesorios,$ 25.0,5.0,Transferencia
10335,2025-01-13,105,PEDRO GOMEZ,CORDOBA,Mouse Optico,Accesorios,$ 25.0,1.0,Efectivo
10336,2025-05-17,103,Luis Garcia.,CABA,Teclado Mecanico,Accesorios,$ 80.0,3.0,Tarjeta Credito
10337,2025-12-28,106,Lucia Fernandez,TUCUMAN,Teclado Mecanico,Accesorios,$ 80.0,1.0,Transferencia
10338,2025-10-03,105,PEDRO GOMEZ,CORDOBA,Mouse Optico,Accesorios,$ 25.0,4.0,Debito
10339,2025-11-16,106,Lucia Fernandez,TUCUMAN,Monitor 24',Electronica,$ 350.0,4.0,Transferencia
10340,08/10/2025,101,JUAN PEREZ,CORDOBA,Mouse Optico,Accesorios,,,Transferencia
10341,2025-04-12,102,  marta Sanchez  ,ROSARIO,Cable HDMI,Cables,$ 15.75,4.0,Transferencia
10342,2025-02-05,106,Lucia Fernandez,TUCUMAN,Teclado Mecanico,Accesorios,$ 80.0,3.0,Debito
10343,2025-02-09,106,Lucia Fernandez,TUCUMAN,Teclado Mecanico,Accesorios,$ 80.0,4.0,Tarjeta Credito
10344,2025-06-13,106,Lucia Fernandez,TUCUMAN,Silla Gamer,Muebles,$ 250.0,1.0,Tarjeta Credito
10345,2025-11-09,104,Ana Lopez,Mendoza,Silla Gamer,Muebles,$ 250.0,2.0,Transferencia
10346,2025-02-02,102,  marta Sanchez  ,ROSARIO,Mouse Optico,Accesorios,$ 25.0,5.0,Efectivo
10347,2025-09-25,106,Lucia Fernandez,TUCUMAN,Silla Gamer,Muebles,$ 250.0,2.0,Tarjeta Credito
10348,2025-12-15,101,JUAN PEREZ,CORDOBA,Laptop Pro,Electronica,$ 1200.5,1.0,Tarjeta Credito
10349,2025-04-28,104,Ana Lopez,Mendoza,Mouse Optico,Accesorios,$ 25.0,4.0,Efectivo
10350,23/09/2025,106,Lucia Fernandez,TUCUMAN,Teclado Mecanico,Accesorios,$ 80.0,5.0,Efectivo
10351,2025-01-04,103,Luis Garcia.,CABA,Laptop Pro,Electronica,$ 1200.5,3.0,Efectivo
10352,2025-06-23,103,Luis Garcia.,CABA,Mouse Optico,Accesorios,$ 25.0,3.0,Efectivo
10353,2025-09-14,101,JUAN PEREZ,CORDOBA,Teclado Mecanico,Accesorios,$ 80.0,4.0,Tarjeta Credito
10354,2025-10-26,102,  marta Sanchez  ,ROSARIO,Mouse Optico,Accesorios,$ 25.0,2.0,Tarjeta Credito
10355,2025-02-03,101,JUAN PEREZ,CORDOBA,Cable HDMI,Cables,$ 15.75,5.0,Tarjeta Credito
10356,2025-11-25,101,JUAN PEREZ,CORDOBA,Monitor 24',Electronica,$ 350.0,5.0,Transferencia
10357,2025-02-16,102,  marta Sanchez  ,ROSARIO,Monitor 24',Electronica,,2.0,Efectivo
10358,2025-01-24,102,  marta Sanchez  ,ROSARIO,Monitor 24',Electronica,$ 350.0,2.0,Tarjeta Credito
10359,2025-03-22,101,JUAN PEREZ,CORDOBA,Teclado Mecanico,Accesorios,$ 80.0,3.0,Tarjeta Credito
10360,28/08/2025,105,PEDRO GOMEZ,CORDOBA,Teclado Mecanico,Accesorios,$ 80.0,5.0,Debito
10361,2025-08-29,101,JUAN PEREZ,CORDOBA,Silla Gamer,Muebles,$ 250.0,4.0,Transferencia
10362,2025-03-06,105,PEDRO GOMEZ,CORDOBA,Teclado Mecanico,Accesorios,$ 80.0,,Transferencia
10363,2025-07-07,105,PEDRO GOMEZ,CORDOBA,Teclado Mecanico,Accesorios,$ 80.0,1.0,Tarjeta Credito
10364,2025-06-08,101,JUAN PEREZ,CORDOBA,Silla Gamer,Muebles,$ 250.0,5.0,Transferencia
10365,2025-11-22,103,Luis Garcia.,CABA,Cable HDMI,Cables,$ 15.75,3.0,Tarjeta Credito
10366,2025-07-31,101,JUAN PEREZ,CORDOBA,Teclado Mecanico,Accesorios,$ 80.0,3.0,Tarjeta Credito
10367,2025-09-16,103,Luis Garcia.,CABA,Mouse Optico,Accesorios,$ 25.0,3.0,Debito
10368,2025-05-21,101,JUAN PEREZ,CORDOBA,Monitor 24',Electronica,$ 350.0,1.0,Efectivo
10369,2025-10-28,106,Lucia Fernandez,TUCUMAN,Silla Gamer,Muebles,$ 250.0,1.0,Debito
10370,13/05/2025,106,Lucia Fernandez,TUCUMAN,Laptop Pro,Electronica,$ 1200.5,3.0,Debito
10371,2025-09-26,102,  marta Sanchez  ,ROSARIO,Laptop Pro,Electronica,$ 1200.5,4.0,Efectivo
10372,2025-04-25,102,  marta Sanchez  ,ROSARIO,Teclado Mecanico,Accesorios,$ 80.0,5.0,Efectivo
10373,2025-04-30,103,Luis Garcia.,CABA,Laptop Pro,Electronica,$ 1200.5,5.0,Tarjeta Credito
10374,2025-02-07,102,  marta Sanchez  ,ROSARIO,Silla Gamer,Muebles,$ 250.0,4.0,Tarjeta Credito
10375,2025-05-03,101,JUAN PEREZ,CORDOBA,Mouse Optico,Accesorios,$ 25.0,2.0,Transferencia
10376,2025-08-12,103,Luis Garcia.,CABA,Laptop Pro,Electronica,$ 1200.5,1.0,Efectivo
10377,2025-09-18,104,Ana Lopez,Mendoza,Laptop Pro,Electronica,$ 1200.5,5.0,Transferencia
10378,2025-07-21,102,  marta Sanchez  ,ROSARIO,Cable HDMI,Cables,$ 15.75,4.0,Tarjeta Credito
10379,2025-06-24,103,Luis Garcia.,CABA,Mouse Optico,Accesorios,$ 25.0,3.0,Tarjeta Credito
10380,28/12/2025,106,Lucia Fernandez,TUCUMAN,Silla Gamer,Muebles,$ 250.0,3.0,Efectivo
10381,2025-08-20,106,Lucia Fernandez,TUCUMAN,Monitor 24',Electronica,$ 350.0,3.0,Transferencia
10382,2025-01-29,102,  marta Sanchez  ,ROSARIO,Mouse Optico,Accesorios,$ 25.0,,Tarjeta Credito
10383,2025-12-26,106,Lucia Fernandez,TUCUMAN,Silla Gamer,Muebles,$ 250.0,5.0,Tarjeta Credito
10384,2025-09-20,103,Luis Garcia.,CABA,Silla Gamer,Muebles,$ 250.0,1.0,Debito
10385,2025-03-19,102,  marta Sanchez  ,ROSARIO,Cable HDMI,Cables,$ 15.75,1.0,Efectivo
10386,2025-10-19,105,PEDRO GOMEZ,CORDOBA,Laptop Pro,Electronica,$ 1200.5,2.0,Debito
10387,2025-04-20,102,  marta Sanchez  ,ROSARIO,Mouse Optico,Accesorios,$ 25.0,5.0,Transferencia
10388,2025-07-15,106,Lucia Fernandez,TUCUMAN,Cable HDMI,Cables,$ 15.75,3.0,Debito
10389,2025-12-03,105,PEDRO GOMEZ,CORDOBA,Monitor 24',Electronica,$ 350.0,2.0,Tarjeta Credito
10390,10/01/2025,106,Lucia Fernandez,TUCUMAN,Cable HDMI,Cables,$ 15.75,3.0,Debito
10391,2025-10-23,106,Lucia Fernandez,TUCUMAN,Silla Gamer,Muebles,$ 250.0,5.0,Efectivo
10392,2025-04-05,101,JUAN PEREZ,CORDOBA,Mouse Optico,Accesorios,$ 25.0,4.0,Efectivo
10393,2025-04-07,101,JUAN PEREZ,CORDOBA,Cable HDMI,Cables,$ 15.75,5.0,Tarjeta Credito
10394,2025-02-28,103,Luis Garcia.,CABA,Teclado Mecanico,Accesorios,$ 80.0,3.0,Tarjeta Credito
10395,2025-10-29,106,Lucia Fernandez,TUCUMAN,Teclado Mecanico,Accesorios,$ 80.0,3.0,Tarjeta Credito
10396,2025-08-16,101,JUAN PEREZ,CORDOBA,Teclado Mecanico,Accesorios,$ 80.0,4.0,Tarjeta Credito
10397,2025-01-16,101,JUAN PEREZ,CORDOBA,Silla Gamer,Muebles,$ 250.0,2.0,Tarjeta Credito
10398,2025-06-08,104,Ana Lopez,Mendoza,Mouse Optico,Accesorios,$ 25.0,4.0,Transferencia
10399,2025-07-08,102,  marta Sanchez  ,ROSARIO,Laptop Pro,Electronica,$ 1200.5,2.0,Debito
10400,22/02/2025,103,Luis Garcia.,CABA,Mouse Optico,Accesorios,$ 25.0,5.0,Debito
10401,2025-12-05,101,JUAN PEREZ,CORDOBA,Mouse Optico,Accesorios,$ 25.0,1.0,Tarjeta Credito
10402,2025-10-21,102,  marta Sanchez  ,ROSARIO,Monitor 24',Electronica,$ 350.0,3.0,Tarjeta Credito
10403,2025-06-25,105,PEDRO GOMEZ,CORDOBA,Mouse Optico,Accesorios,,2.0,Debito
10404,2025-01-07,106,Lucia Fernandez,TUCUMAN,Monitor 24',Electronica,$ 350.0,4.0,Efectivo
10405,2025-12-27,106,Lucia Fernandez,TUCUMAN,Teclado Mecanico,Accesorios,$ 80.0,2.0,Transferencia
10406,2025-11-18,103,Luis Garcia.,CABA,Laptop Pro,Electronica,$ 1200.5,2.0,Debito
10407,2025-02-26,103,Luis Garcia.,CABA,Mouse Optico,Accesorios,$ 25.0,5.0,Efectivo
10408,2025-04-30,101,JUAN PEREZ,CORDOBA,Teclado Mecanico,Accesorios,$ 80.0,3.0,Debito
10409,2025-10-30,104,Ana Lopez,Mendoza,Silla Gamer,Muebles,$ 250.0,5.0,Debito
10410,12/04/2025,105,PEDRO GOMEZ,CORDOBA,Silla Gamer,Muebles,$ 250.0,2.0,Tarjeta Credito
10411,2025-02-11,103,Luis Garcia.,CABA,Monitor 24',Electronica,$ 350.0,4.0,Tarjeta Credito
10412,2025-04-07,103,Luis Garcia.,CABA,Monitor 24',Electronica,$ 350.0,3.0,Transferencia
10413,2025-05-20,103,Luis Garcia.,CABA,Cable HDMI,Cables,$ 15.75,5.0,Transferencia
10414,2025-09-22,106,Lucia Fernandez,TUCUMAN,Teclado Mecanico,Accesorios,$ 80.0,2.0,Debito
10415,2025-05-15,102,  marta Sanchez  ,ROSARIO,Laptop Pro,Electronica,$ 1200.5,,Tarjeta Credito
10416,2025-01-26,102,  marta Sanchez  ,ROSARIO,Laptop Pro,Electronica,$ 1200.5,1.0,Transferencia
10417,2025-02-05,105,PEDRO GOMEZ,CORDOBA,Laptop Pro,Electronica,$ 1200.5,4.0,Efectivo
10418,2025-08-28,103,Luis Garcia.,CABA,Cable HDMI,Cables,$ 15.75,1.0,Debito
10419,2025-09-17,102,  marta Sanchez  ,ROSARIO,Monitor 24',Electronica,$ 350.0,3.0,Transferencia
10420,20/04/2025,101,JUAN PEREZ,CORDOBA,Monitor 24',Electronica,$ 350.0,4.0,Efectivo
10421,2025-09-21,103,Luis Garcia.,CABA,Laptop Pro,Electronica,$ 1200.5,2.0,Tarjeta Credito
10422,2025-04-30,104,Ana Lopez,Mendoza,Laptop Pro,Electronica,$ 1200.5,5.0,Efectivo
10423,2025-10-02,106,Lucia Fernandez,TUCUMAN,Cable HDMI,Cables,$ 15.75,2.0,Transferencia
10424,2025-06-07,104,Ana Lopez,Mendoza,Laptop Pro,Electronica,$ 1200.5,3.0,Transferencia
10425,2025-08-11,105,PEDRO GOMEZ,CORDOBA,Monitor 24',Electronica,$ 350.0,2.0,Debito
10426,2025-04-18,102,  marta Sanchez  ,ROSARIO,Laptop Pro,Electronica,$ 1200.5,5.0,Transferencia
10427,2025-09-04,102,  marta Sanchez  ,ROSARIO,Mouse Optico,Accesorios,$ 25.0,2.0,Transferencia
10428,2025-05-30,104,Ana Lopez,Mendoza,Silla Gamer,Muebles,,3.0,Efectivo
10429,2025-05-15,105,PEDRO GOMEZ,CORDOBA,Mouse Optico,Accesorios,$ 25.0,2.0,Transferencia
10430,07/05/2025,106,Lucia Fernandez,TUCUMAN,Silla Gamer,Muebles,$ 250.0,5.0,Efectivo
10431,2025-10-02,106,Lucia Fernandez,TUCUMAN,Monitor 24',Electronica,$ 350.0,1.0,Efectivo
10432,2025-09-22,102,  marta Sanchez  ,ROSARIO,Silla Gamer,Muebles,$ 250.0,2.0,Debito
10433,2025-10-24,106,Lucia Fernandez,TUCUMAN,Monitor 24',Electronica,,3.0,Debito
10434,2025-11-25,101,JUAN PEREZ,CORDOBA,Cable HDMI,Cables,$ 15.75,1.0,Transferencia
10435,2025-01-20,102,  marta Sanchez  ,ROSARIO,Monitor 24',Electronica,$ 350.0,3.0,Debito
10436,2025-04-21,101,JUAN PEREZ,CORDOBA,Mouse Optico,Accesorios,$ 25.0,2.0,Debito
10437,2025-06-14,101,JUAN PEREZ,CORDOBA,Mouse Optico,Accesorios,$ 25.0,4.0,Transferencia
10438,2025-10-09,103,Luis Garcia.,CABA,Silla Gamer,Muebles,$ 250.0,3.0,Debito
10439,2025-02-26,104,Ana Lopez,Mendoza,Silla Gamer,Muebles,$ 250.0,4.0,Efectivo
10440,15/03/2025,105,PEDRO GOMEZ,CORDOBA,Mouse Optico,Accesorios,$ 25.0,2.0,Debito
10441,2025-03-11,104,Ana Lopez,Mendoza,Monitor 24',Electronica,$ 350.0,1.0,Efectivo
10442,2025-01-01,101,JUAN PEREZ,CORDOBA,Cable HDMI,Cables,$ 15.75,2.0,Debito
10443,2025-12-03,103,Luis Garcia.,CABA,Monitor 24',Electronica,$ 350.0,3.0,Transferencia
10444,2025-09-07,103,Luis Garcia.,CABA,Laptop Pro,Electronica,$ 1200.5,2.0,Debito
10445,2025-08-01,106,Lucia Fernandez,TUCUMAN,Mouse Optico,Accesorios,$ 25.0,3.0,Transferencia
10446,2025-04-03,104,Ana Lopez,Mendoza,Laptop Pro,Electronica,$ 1200.5,1.0,Debito
10447,2025-01-30,101,JUAN PEREZ,CORDOBA,Silla Gamer,Muebles,$ 250.0,2.0,Tarjeta Credito
10448,2025-10-04,103,Luis Garcia.,CABA,Mouse Optico,Accesorios,$ 25.0,2.0,Transferencia
10449,2025-04-01,101,JUAN PEREZ,CORDOBA,Laptop Pro,Electronica,$ 1200.5,4.0,Efectivo
10450,16/12/2025,104,Ana Lopez,Mendoza,Monitor 24',Electronica,$ 350.0,4.0,Debito
10451,2025-03-15,102,  marta Sanchez  ,ROSARIO,Monitor 24',Electronica,$ 350.0,,Transferencia
10452,2025-03-27,103,Luis Garcia.,CABA,Laptop Pro,Electronica,$ 1200.5,4.0,Efectivo
10453,2025-04-19,101,JUAN PEREZ,CORDOBA,Cable HDMI,Cables,$ 15.75,2.0,Efectivo
10454,2025-12-19,105,PEDRO GOMEZ,CORDOBA,Silla Gamer,Muebles,$ 250.0,5.0,Transferencia
10455,2025-11-14,103,Luis Garcia.,CABA,Mouse Optico,Accesorios,$ 25.0,4.0,Transferencia
10456,2025-06-16,101,JUAN PEREZ,CORDOBA,Silla Gamer,Muebles,$ 250.0,4.0,Transferencia
10457,2025-02-11,104,Ana Lopez,Mendoza,Teclado Mecanico,Accesorios,$ 80.0,2.0,Debito
10458,2025-02-01,106,Lucia Fernandez,TUCUMAN,Teclado Mecanico,Accesorios,$ 80.0,5.0,Tarjeta Credito
10459,2025-08-13,104,Ana Lopez,Mendoza,Teclado Mecanico,Accesorios,$ 80.0,1.0,Debito
10460,28/06/2025,106,Lucia Fernandez,TUCUMAN,Teclado Mecanico,Accesorios,$ 80.0,3.0,Efectivo
10461,2025-04-02,104,Ana Lopez,Mendoza,Teclado Mecanico,Accesorios,,2.0,Transferencia
10462,2025-07-18,104,Ana Lopez,Mendoza,Silla Gamer,Muebles,$ 250.0,5.0,Tarjeta Credito
10463,2025-03-12,106,Lucia Fernandez,TUCUMAN,Teclado Mecanico,Accesorios,$ 80.0,3.0,Transferencia
10464,2025-12-04,105,PEDRO GOMEZ,CORDOBA,Teclado Mecanico,Accesorios,$ 80.0,2.0,Tarjeta Credito
10465,2025-10-29,101,JUAN PEREZ,CORDOBA,Teclado Mecanico,Accesorios,$ 80.0,2.0,Transferencia
10466,2025-10-12,106,Lucia Fernandez,TUCUMAN,Silla Gamer,Muebles,$ 250.0,5.0,Debito
10467,2025-11-18,102,  marta Sanchez  ,ROSARIO,Silla Gamer,Muebles,$ 250.0,5.0,Transferencia
10468,2025-09-15,101,JUAN PEREZ,CORDOBA,Laptop Pro,Electronica,$ 1200.5,1.0,Debito
10469,2025-11-26,102,  marta Sanchez  ,ROSARIO,Teclado Mecanico,Accesorios,$ 80.0,4.0,Debito
10470,11/12/2025,102,  marta Sanchez  ,ROSARIO,Monitor 24',Electronica,$ 350.0,5.0,Debito
10471,2025-06-03,102,  marta Sanchez  ,ROSARIO,Monitor 24',Electronica,$ 350.0,3.0,Tarjeta Credito
10472,2025-05-31,101,JUAN PEREZ,CORDOBA,Cable HDMI,Cables,$ 15.75,4.0,Transferencia
10473,2025-11-28,105,PEDRO GOMEZ,CORDOBA,Mouse Optico,Accesorios,$ 25.0,1.0,Debito
10474,2025-12-26,104,Ana Lopez,Mendoza,Mouse Optico,Accesorios,$ 25.0,5.0,Debito
10475,2025-10-19,105,PEDRO GOMEZ,CORDOBA,Mouse Optico,Accesorios,$ 25.0,4.0,Transferencia
10476,2025-09-08,106,Lucia Fernandez,TUCUMAN,Teclado Mecanico,Accesorios,$ 80.0,5.0,Debito
10477,2025-07-10,104,Ana Lopez,Mendoza,Mouse Optico,Accesorios,$ 25.0,1.0,Tarjeta Credito
10478,2025-07-08,104,Ana Lopez,Mendoza,Monitor 24',Electronica,,,Efectivo
10479,2025-04-11,101,JUAN PEREZ,CORDOBA,Silla Gamer,Muebles,$ 250.0,5.0,Tarjeta Credito
10480,24/08/2025,101,JUAN PEREZ,CORDOBA,Laptop Pro,Electronica,$ 1200.5,5.0,Transferencia
10481,2025-08-29,101,JUAN PEREZ,CORDOBA,Silla Gamer,Muebles,$ 250.0,4.0,Debito
10482,2025-03-31,101,JUAN PEREZ,CORDOBA,Cable HDMI,Cables,$ 15.75,4.0,Debito
10483,2025-03-29,103,Luis Garcia.,CABA,Laptop Pro,Electronica,$ 1200.5,,Tarjeta Credito
10484,2025-04-02,102,  marta Sanchez  ,ROSARIO,Mouse Optico,Accesorios,$ 25.0,4.0,Debito
10485,2025-07-31,101,JUAN PEREZ,CORDOBA,Silla Gamer,Muebles,$ 250.0,3.0,Debito
10486,2025-04-04,104,Ana Lopez,Mendoza,Teclado Mecanico,Accesorios,$ 80.0,4.0,Tarjeta Credito
10487,2025-10-06,103,Luis Garcia.,CABA,Mouse Optico,Accesorios,$ 25.0,5.0,Transferencia
10488,2025-09-25,102,  marta Sanchez  ,ROSARIO,Silla Gamer,Muebles,$ 250.0,1.0,Transferencia
10489,2025-02-09,104,Ana Lopez,Mendoza,Cable HDMI,Cables,$ 15.75,5.0,Efectivo
10490,01/06/2025,104,Ana Lopez,Mendoza,Teclado Mecanico,Accesorios,$ 80.0,3.0,Efectivo
10491,2025-12-16,101,JUAN PEREZ,CORDOBA,Silla Gamer,Muebles,$ 250.0,1.0,Efectivo
10492,2025-03-21,103,Luis Garcia.,CABA,Teclado Mecanico,Accesorios,,4.0,Efectivo
10493,2025-06-17,104,Ana Lopez,Mendoza,Silla Gamer,Muebles,$ 250.0,4.0,Debito
10494,2025-05-09,106,Lucia Fernandez,TUCUMAN,Cable HDMI,Cables,$ 15.75,5.0,Tarjeta Credito
10495,2025-07-29,106,Lucia Fernandez,TUCUMAN,Teclado Mecanico,Accesorios,$ 80.0,1.0,Tarjeta Credito
10496,2025-08-18,101,JUAN PEREZ,CORDOBA,Laptop Pro,Electronica,$ 1200.5,4.0,Tarjeta Credito
10497,2025-03-23,101,JUAN PEREZ,CORDOBA,Mouse Optico,Accesorios,,2.0,Debito
10498,2025-04-22,103,Luis Garcia.,CABA,Mouse Optico,Accesorios,$ 25.0,3.0,Efectivo
10499,2025-01-16,102,  marta Sanchez  ,ROSARIO,Mouse Optico,Accesorios,$ 25.0,3.0,Efectivo
10500,25/07/2025,106,Lucia Fernandez,TUCUMAN,Silla Gamer,Muebles,$ 250.0,2.0,Tarjeta Credito
10501,2025-05-13,102,  marta Sanchez  ,ROSARIO,Monitor 24',Electronica,$ 350.0,1.0,Efectivo
10502,2025-04-07,101,JUAN PEREZ,CORDOBA,Laptop Pro,Electronica,$ 1200.5,3.0,Efectivo
10503,2025-12-22,102,  marta Sanchez  ,ROSARIO,Monitor 24',Electronica,$ 350.0,4.0,Efectivo
10504,2025-11-11,104,Ana Lopez,Mendoza,Silla Gamer,Muebles,$ 250.0,5.0,Efectivo
10505,2025-12-02,101,JUAN PEREZ,CORDOBA,Cable HDMI,Cables,$ 15.75,5.0,Debito
10506,2025-09-09,103,Luis Garcia.,CABA,Silla Gamer,Muebles,$ 250.0,2.0,Tarjeta Credito
10507,2025-04-11,103,Luis Garcia.,CABA,Silla Gamer,Muebles,$ 250.0,3.0,Transferencia
10508,2025-09-14,102,  marta Sanchez  ,ROSARIO,Cable HDMI,Cables,$ 15.75,5.0,Efectivo
10509,2025-11-04,104,Ana Lopez,Mendoza,Laptop Pro,Electronica,$ 1200.5,1.0,Debito
10510,08/10/2025,105,PEDRO GOMEZ,CORDOBA,Cable HDMI,Cables,$ 15.75,2.0,Debito
10511,2025-05-13,101,JUAN PEREZ,CORDOBA,Laptop Pro,Electronica,$ 1200.5,1.0,Tarjeta Credito
10512,2025-08-05,102,  marta Sanchez  ,ROSARIO,Silla Gamer,Muebles,$ 250.0,5.0,Tarjeta Credito
10513,2025-09-30,104,Ana Lopez,Mendoza,Silla Gamer,Muebles,$ 250.0,3.0,Tarjeta Credito
10514,2025-02-21,102,  marta Sanchez  ,ROSARIO,Cable HDMI,Cables,$ 15.75,4.0,Tarjeta Credito
10515,2025-12-10,103,Luis Garcia.,CABA,Mouse Optico,Accesorios,$ 25.0,1.0,Efectivo
10516,2025-05-09,102,  marta Sanchez  ,ROSARIO,Silla Gamer,Muebles,$ 250.0,5.0,Debito
10517,2025-04-28,106,Lucia Fernandez,TUCUMAN,Laptop Pro,Electronica,$ 1200.5,4.0,Transferencia
10518,2025-01-02,102,  marta Sanchez  ,ROSARIO,Cable HDMI,Cables,$ 15.75,1.0,Efectivo
10519,2025-03-26,106,Lucia Fernandez,TUCUMAN,Mouse Optico,Accesorios,$ 25.0,4.0,Efectivo
10520,05/03/2025,106,Lucia Fernandez,TUCUMAN,Monitor 24',Electronica,$ 350.0,2.0,Transferencia
10521,2025-01-18,102,  marta Sanchez  ,ROSARIO,Laptop Pro,Electronica,$ 1200.5,5.0,Debito
10522,2025-07-12,103,Luis Garcia.,CABA,Cable HDMI,Cables,$ 15.75,2.0,Transferencia
10523,2025-09-06,103,Luis Garcia.,CABA,Cable HDMI,Cables,$ 15.75,3.0,Transferencia
10524,2025-05-26,101,JUAN PEREZ,CORDOBA,Laptop Pro,Electronica,$ 1200.5,4.0,Efectivo
10525,2025-03-28,104,Ana Lopez,Mendoza,Mouse Optico,Accesorios,$ 25.0,3.0,Tarjeta Credito
10526,2025-02-05,103,Luis Garcia.,CABA,Teclado Mecanico,Accesorios,$ 80.0,1.0,Transferencia
10527,2025-03-18,103,Luis Garcia.,CABA,Mouse Optico,Accesorios,$ 25.0,5.0,Transferencia
10528,2025-12-23,103,Luis Garcia.,CABA,Teclado Mecanico,Accesorios,$ 80.0,4.0,Efectivo
10529,2025-06-17,101,JUAN PEREZ,CORDOBA,Mouse Optico,Accesorios,$ 25.0,1.0,Tarjeta Credito
10530,24/09/2025,103,Luis Garcia.,CABA,Teclado Mecanico,Accesorios,$ 80.0,4.0,Transferencia
10531,2025-05-19,104,Ana Lopez,Mendoza,Mouse Optico,Accesorios,$ 25.0,4.0,Efectivo
10532,2025-04-27,103,Luis Garcia.,CABA,Laptop Pro,Electronica,$ 1200.5,2.0,Tarjeta Credito
10533,2025-06-13,106,Lucia Fernandez,TUCUMAN,Laptop Pro,Electronica,$ 1200.5,5.0,Transferencia
10534,2025-09-16,102,  marta Sanchez  ,ROSARIO,Cable HDMI,Cables,$ 15.75,2.0,Tarjeta Credito
10535,2025-08-26,102,  marta Sanchez  ,ROSARIO,Mouse Optico,Accesorios,,1.0,Transferencia
10536,2025-07-29,106,Lucia Fernandez,TUCUMAN,Cable HDMI,Cables,$ 15.75,5.0,Efectivo
10537,2025-07-30,102,  marta Sanchez  ,ROSARIO,Laptop Pro,Electronica,$ 1200.5,3.0,Efectivo
10538,2025-10-21,101,JUAN PEREZ,CORDOBA,Mouse Optico,Accesorios,$ 25.0,4.0,Transferencia
10539,2025-06-21,105,PEDRO GOMEZ,CORDOBA,Silla Gamer,Muebles,$ 250.0,5.0,Transferencia
10540,21/01/2025,101,JUAN PEREZ,CORDOBA,Teclado Mecanico,Accesorios,$ 80.0,5.0,Debito
10541,2025-06-01,102,  marta Sanchez  ,ROSARIO,Silla Gamer,Muebles,$ 250.0,4.0,Efectivo
10542,2025-02-18,106,Lucia Fernandez,TUCUMAN,Teclado Mecanico,Accesorios,$ 80.0,4.0,Efectivo
10543,2025-03-05,103,Luis Garcia.,CABA,Mouse Optico,Accesorios,$ 25.0,5.0,Efectivo
10544,2025-07-23,102,  marta Sanchez  ,ROSARIO,Laptop Pro,Electronica,$ 1200.5,4.0,Debito
10545,2025-12-17,106,Lucia Fernandez,TUCUMAN,Cable HDMI,Cables,$ 15.75,1.0,Transferencia
10546,2025-02-28,103,Luis Garcia.,CABA,Laptop Pro,Electronica,$ 1200.5,5.0,Transferencia
10547,2025-12-17,106,Lucia Fernandez,TUCUMAN,Cable HDMI,Cables,$ 15.75,3.0,Transferencia
10548,2025-11-19,102,  marta Sanchez  ,ROSARIO,Cable HDMI,Cables,$ 15.75,3.0,Debito
10549,2025-06-13,105,PEDRO GOMEZ,CORDOBA,Teclado Mecanico,Accesorios,$ 80.0,3.0,Tarjeta Credito
10550,15/06/2025,105,PEDRO GOMEZ,CORDOBA,Monitor 24',Electronica,$ 350.0,3.0,Tarjeta Credito
10551,2025-01-26,104,Ana Lopez,Mendoza,Cable HDMI,Cables,$ 15.75,5.0,Debito
10552,2025-10-04,105,PEDRO GOMEZ,CORDOBA,Cable HDMI,Cables,$ 15.75,3.0,Efectivo
10553,2025-07-22,103,Luis Garcia.,CABA,Laptop Pro,Electronica,,5.0,Tarjeta Credito
10554,2025-07-07,105,PEDRO GOMEZ,CORDOBA,Silla Gamer,Muebles,$ 250.0,2.0,Tarjeta Credito
10555,2025-10-21,105,PEDRO GOMEZ,CORDOBA,Cable HDMI,Cables,$ 15.75,1.0,Debito
10556,2025-04-10,104,Ana Lopez,Mendoza,Teclado Mecanico,Accesorios,$ 80.0,5.0,Tarjeta Credito
10557,2025-01-11,103,Luis Garcia.,CABA,Mouse Optico,Accesorios,$ 25.0,2.0,Transferencia
10558,2025-08-18,104,Ana Lopez,Mendoza,Teclado Mecanico,Accesorios,$ 80.0,4.0,Transferencia
10559,2025-10-04,103,Luis Garcia.,CABA,Mouse Optico,Accesorios,$ 25.0,2.0,Debito
10560,23/02/2025,105,PEDRO GOMEZ,CORDOBA,Silla Gamer,Muebles,$ 250.0,2.0,Transferencia
10561,2025-07-03,102,  marta Sanchez  ,ROSARIO,Silla Gamer,Muebles,$ 250.0,3.0,Tarjeta Credito
10562,2025-08-05,103,Luis Garcia.,CABA,Laptop Pro,Electronica,$ 1200.5,2.0,Tarjeta Credito
10563,2025-02-27,102,  marta Sanchez  ,ROSARIO,Silla Gamer,Muebles,$ 250.0,3.0,Efectivo
10564,2025-06-08,106,Lucia Fernandez,TUCUMAN,Monitor 24',Electronica,$ 350.0,3.0,Tarjeta Credito
10565,2025-06-02,102,  marta Sanchez  ,ROSARIO,Silla Gamer,Muebles,$ 250.0,1.0,Tarjeta Credito
10566,2025-02-17,104,Ana Lopez,Mendoza,Cable HDMI,Cables,$ 15.75,2.0,Debito
10567,2025-10-25,104,Ana Lopez,Mendoza,Silla Gamer,Muebles,$ 250.0,1.0,Efectivo
10568,2025-06-05,101,JUAN PEREZ,CORDOBA,Silla Gamer,Muebles,$ 250.0,1.0,Debito
10569,2025-03-30,102,  marta Sanchez  ,ROSARIO,Teclado Mecanico,Accesorios,$ 80.0,2.0,Efectivo
10570,05/06/2025,101,JUAN PEREZ,CORDOBA,Monitor 24',Electronica,$ 350.0,1.0,Debito
10571,2025-08-06,105,PEDRO GOMEZ,CORDOBA,Monitor 24',Electronica,$ 350.0,2.0,Efectivo
10572,2025-02-05,102,  marta Sanchez  ,ROSARIO,Teclado Mecanico,Accesorios,$ 80.0,1.0,Tarjeta Credito
10573,2025-01-09,102,  marta Sanchez  ,ROSARIO,Cable HDMI,Cables,$ 15.75,2.0,Debito
10574,2025-08-08,105,PEDRO GOMEZ,CORDOBA,Teclado Mecanico,Accesorios,$ 80.0,3.0,Debito
10575,2025-12-10,105,PEDRO GOMEZ,CORDOBA,Cable HDMI,Cables,$ 15.75,2.0,Tarjeta Credito
10576,2025-09-25,105,PEDRO GOMEZ,CORDOBA,Monitor 24',Electronica,$ 350.0,3.0,Transferencia
10577,2025-10-24,101,JUAN PEREZ,CORDOBA,Cable HDMI,Cables,$ 15.75,,Debito
10578,2025-06-05,101,JUAN PEREZ,CORDOBA,Laptop Pro,Electronica,$ 1200.5,4.0,Tarjeta Credito
10579,2025-03-25,106,Lucia Fernandez,TUCUMAN,Silla Gamer,Muebles,$ 250.0,5.0,Transferencia
10580,25/08/2025,103,Luis Garcia.,CABA,Teclado Mecanico,Accesorios,$ 80.0,3.0,Debito
10581,2025-06-20,103,Luis Garcia.,CABA,Mouse Optico,Accesorios,$ 25.0,5.0,Transferencia
10582,2025-05-16,102,  marta Sanchez  ,ROSARIO,Mouse Optico,Accesorios,$ 25.0,5.0,Debito
10583,2025-06-06,106,Lucia Fernandez,TUCUMAN,Silla Gamer,Muebles,$ 250.0,4.0,Transferencia
10584,2025-09-09,102,  marta Sanchez  ,ROSARIO,Mouse Optico,Accesorios,$ 25.0,5.0,Transferencia
10585,2025-11-29,105,PEDRO GOMEZ,CORDOBA,Mouse Optico,Accesorios,$ 25.0,3.0,Tarjeta Credito
10586,2025-09-22,104,Ana Lopez,Mendoza,Laptop Pro,Electronica,$ 1200.5,3.0,Debito
10587,2025-07-22,101,JUAN PEREZ,CORDOBA,Monitor 24',Electronica,$ 350.0,4.0,Efectivo
10588,2025-07-07,103,Luis Garcia.,CABA,Laptop Pro,Electronica,$ 1200.5,3.0,Transferencia
10589,2025-08-08,104,Ana Lopez,Mendoza,Laptop Pro,Electronica,$ 1200.5,3.0,Transferencia
10590,12/12/2025,106,Lucia Fernandez,TUCUMAN,Cable HDMI,Cables,$ 15.75,3.0,Tarjeta Credito
10591,2025-07-20,102,  marta Sanchez  ,ROSARIO,Monitor 24',Electronica,$ 350.0,3.0,Debito
10592,2025-06-03,104,Ana Lopez,Mendoza,Laptop Pro,Electronica,$ 1200.5,2.0,Efectivo
10593,2025-03-16,101,JUAN PEREZ,CORDOBA,Monitor 24',Electronica,$ 350.0,4.0,Transferencia
10594,2025-07-22,104,Ana Lopez,Mendoza,Laptop Pro,Electronica,$ 1200.5,2.0,Tarjeta Credito
10595,2025-08-13,106,Lucia Fernandez,TUCUMAN,Laptop Pro,Electronica,$ 1200.5,4.0,Debito
10596,2025-07-02,106,Lucia Fernandez,TUCUMAN,Laptop Pro,Electronica,$ 1200.5,2.0,Debito
10597,2025-08-25,105,PEDRO GOMEZ,CORDOBA,Mouse Optico,Accesorios,$ 25.0,5.0,Transferencia
10598,2025-09-04,104,Ana Lopez,Mendoza,Teclado Mecanico,Accesorios,$ 80.0,2.0,Efectivo
10599,2025-09-19,102,  marta Sanchez  ,ROSARIO,Teclado Mecanico,Accesorios,$ 80.0,2.0,Debito
10600,24/02/2025,106,Lucia Fernandez,TUCUMAN,Teclado Mecanico,Accesorios,$ 80.0,2.0,Debito
10601,2025-05-24,101,JUAN PEREZ,CORDOBA,Mouse Optico,Accesorios,$ 25.0,5.0,Debito
10602,2025-10-18,104,Ana Lopez,Mendoza,Cable HDMI,Cables,$ 15.75,5.0,Tarjeta Credito
10603,2025-12-21,105,PEDRO GOMEZ,CORDOBA,Monitor 24',Electronica,$ 350.0,5.0,Tarjeta Credito
10604,2025-06-27,102,  marta Sanchez  ,ROSARIO,Teclado Mecanico,Accesorios,$ 80.0,1.0,Efectivo
10605,2025-08-06,101,JUAN PEREZ,CORDOBA,Cable HDMI,Cables,$ 15.75,2.0,Efectivo
10606,2025-09-15,105,PEDRO GOMEZ,CORDOBA,Teclado Mecanico,Accesorios,$ 80.0,1.0,Debito
10607,2025-08-24,102,  marta Sanchez  ,ROSARIO,Monitor 24',Electronica,$ 350.0,3.0,Debito
10608,2025-11-19,105,PEDRO GOMEZ,CORDOBA,Mouse Optico,Accesorios,$ 25.0,5.0,Debito
10609,2025-04-04,103,Luis Garcia.,CABA,Laptop Pro,Electronica,,3.0,Transferencia
10610,05/09/2025,105,PEDRO GOMEZ,CORDOBA,Laptop Pro,Electronica,$ 1200.5,3.0,Debito
10611,2025-02-28,104,Ana Lopez,Mendoza,Laptop Pro,Electronica,$ 1200.5,2.0,Tarjeta Credito
10612,2025-12-06,106,Lucia Fernandez,TUCUMAN,Mouse Optico,Accesorios,$ 25.0,4.0,Tarjeta Credito
10613,2025-05-05,104,Ana Lopez,Mendoza,Monitor 24',Electronica,$ 350.0,4.0,Efectivo
10614,2025-03-12,104,Ana Lopez,Mendoza,Silla Gamer,Muebles,$ 250.0,2.0,Efectivo
10615,2025-03-25,106,Lucia Fernandez,TUCUMAN,Laptop Pro,Electronica,$ 1200.5,,Efectivo
10616,2025-08-01,105,PEDRO GOMEZ,CORDOBA,Cable HDMI,Cables,$ 15.75,5.0,Efectivo
10617,2025-01-25,102,  marta Sanchez  ,ROSARIO,Monitor 24',Electronica,$ 350.0,3.0,Efectivo
10618,2025-01-12,101,JUAN PEREZ,CORDOBA,Silla Gamer,Muebles,$ 250.0,4.0,Tarjeta Credito
10619,2025-09-20,103,Luis Garcia.,CABA,Cable HDMI,Cables,,2.0,Efectivo
10620,24/11/2025,102,  marta Sanchez  ,ROSARIO,Cable HDMI,Cables,$ 15.75,3.0,Transferencia
10621,2025-07-11,102,  marta Sanchez  ,ROSARIO,Mouse Optico,Accesorios,$ 25.0,1.0,Tarjeta Credito
10622,2025-07-19,104,Ana Lopez,Mendoza,Cable HDMI,Cables,$ 15.75,1.0,Transferencia
10623,2025-12-08,105,PEDRO GOMEZ,CORDOBA,Cable HDMI,Cables,$ 15.75,1.0,Efectivo
10624,2025-11-07,105,PEDRO GOMEZ,CORDOBA,Cable HDMI,Cables,$ 15.75,4.0,Tarjeta Credito
10625,2025-10-10,106,Lucia Fernandez,TUCUMAN,Teclado Mecanico,Accesorios,$ 80.0,3.0,Efectivo
10626,2025-12-24,106,Lucia Fernandez,TUCUMAN,Cable HDMI,Cables,$ 15.75,1.0,Tarjeta Credito
10627,2025-10-13,103,Luis Garcia.,CABA,Mouse Optico,Accesorios,$ 25.0,4.0,Efectivo
10628,2025-04-11,103,Luis Garcia.,CABA,Cable HDMI,Cables,$ 15.75,2.0,Tarjeta Credito
10629,2025-11-26,102,  marta Sanchez  ,ROSARIO,Monitor 24',Electronica,$ 350.0,4.0,Efectivo
10630,11/08/2025,103,Luis Garcia.,CABA,Teclado Mecanico,Accesorios,$ 80.0,1.0,Efectivo
10631,2025-10-15,103,Luis Garcia.,CABA,Teclado Mecanico,Accesorios,$ 80.0,1.0,Debito
10632,2025-01-30,103,Luis Garcia.,CABA,Silla Gamer,Muebles,$ 250.0,4.0,Debito
10633,2025-02-08,101,JUAN PEREZ,CORDOBA,Silla Gamer,Muebles,$ 250.0,5.0,Debito
10634,2025-11-18,101,JUAN PEREZ,CORDOBA,Monitor 24',Electronica,$ 350.0,,Efectivo
10635,2025-01-15,105,PEDRO GOMEZ,CORDOBA,Silla Gamer,Muebles,$ 250.0,2.0,Debito
10636,2025-02-27,102,  marta Sanchez  ,ROSARIO,Laptop Pro,Electronica,$ 1200.5,4.0,Efectivo
10637,2025-03-20,104,Ana Lopez,Mendoza,Monitor 24',Electronica,$ 350.0,3.0,Debito
10638,2025-10-25,103,Luis Garcia.,CABA,Cable HDMI,Cables,$ 15.75,3.0,Transferencia
10639,2025-10-15,105,PEDRO GOMEZ,CORDOBA,Teclado Mecanico,Accesorios,$ 80.0,2.0,Tarjeta Credito
10640,25/09/2025,106,Lucia Fernandez,TUCUMAN,Teclado Mecanico,Accesorios,$ 80.0,3.0,Debito
10641,2025-06-27,105,PEDRO GOMEZ,CORDOBA,Monitor 24',Electronica,$ 350.0,4.0,Transferencia
10642,2025-06-25,105,PEDRO GOMEZ,CORDOBA,Laptop Pro,Electronica,$ 1200.5,5.0,Debito
10643,2025-09-29,106,Lucia Fernandez,TUCUMAN,Mouse Optico,Accesorios,$ 25.0,1.0,Transferencia
10644,2025-03-06,106,Lucia Fernandez,TUCUMAN,Laptop Pro,Electronica,$ 1200.5,2.0,Debito
10645,2025-11-01,104,Ana Lopez,Mendoza,Mouse Optico,Accesorios,$ 25.0,5.0,Efectivo
10646,2025-04-16,105,PEDRO GOMEZ,CORDOBA,Teclado Mecanico,Accesorios,$ 80.0,4.0,Debito
10647,2025-12-15,105,PEDRO GOMEZ,CORDOBA,Teclado Mecanico,Accesorios,$ 80.0,4.0,Efectivo
10648,2025-10-01,104,Ana Lopez,Mendoza,Laptop Pro,Electronica,$ 1200.5,4.0,Efectivo
10649,2025-01-20,102,  marta Sanchez  ,ROSARIO,Monitor 24',Electronica,$ 350.0,5.0,Debito
10650,28/02/2025,106,Lucia Fernandez,TUCUMAN,Monitor 24',Electronica,$ 350.0,4.0,Transferencia
10651,2025-01-30,103,Luis Garcia.,CABA,Monitor 24',Electronica,$ 350.0,1.0,Tarjeta Credito
10652,2025-08-10,104,Ana Lopez,Mendoza,Mouse Optico,Accesorios,$ 25.0,4.0,Debito
10653,2025-09-16,102,  marta Sanchez  ,ROSARIO,Teclado Mecanico,Accesorios,$ 80.0,2.0,Transferencia
10654,2025-07-14,102,  marta Sanchez  ,ROSARIO,Mouse Optico,Accesorios,$ 25.0,2.0,Tarjeta Credito
10655,2025-09-22,105,PEDRO GOMEZ,CORDOBA,Teclado Mecanico,Accesorios,$ 80.0,5.0,Tarjeta Credito
10656,2025-01-23,102,  marta Sanchez  ,ROSARIO,Laptop Pro,Electronica,$ 1200.5,5.0,Debito
10657,2025-08-23,102,  marta Sanchez  ,ROSARIO,Teclado Mecanico,Accesorios,$ 80.0,4.0,Tarjeta Credito
10658,2026-01-01,106,Lucia Fernandez,TUCUMAN,Monitor 24',Electronica,$ 350.0,1.0,Transferencia
10659,2025-04-19,105,PEDRO GOMEZ,CORDOBA,Cable HDMI,Cables,$ 15.75,3.0,Efectivo
10660,15/07/2025,103,Luis Garcia.,CABA,Laptop Pro,Electronica,$ 1200.5,1.0,Efectivo
10661,2025-08-09,101,JUAN PEREZ,CORDOBA,Laptop Pro,Electronica,$ 1200.5,3.0,Transferencia
10662,2025-04-13,105,PEDRO GOMEZ,CORDOBA,Monitor 24',Electronica,$ 350.0,3.0,Debito
10663,2025-09-18,106,Lucia Fernandez,TUCUMAN,Silla Gamer,Muebles,$ 250.0,3.0,Transferencia
10664,2025-03-06,102,  marta Sanchez  ,ROSARIO,Mouse Optico,Accesorios,$ 25.0,1.0,Debito
10665,2025-12-14,103,Luis Garcia.,CABA,Silla Gamer,Muebles,$ 250.0,4.0,Efectivo
10666,2025-06-02,106,Lucia Fernandez,TUCUMAN,Laptop Pro,Electronica,$ 1200.5,1.0,Tarjeta Credito
10667,2025-03-15,102,  marta Sanchez  ,ROSARIO,Monitor 24',Electronica,,5.0,Debito
10668,2025-09-13,102,  marta Sanchez  ,ROSARIO,Laptop Pro,Electronica,,4.0,Debito
10669,2025-11-25,105,PEDRO GOMEZ,CORDOBA,Teclado Mecanico,Accesorios,$ 80.0,5.0,Tarjeta Credito
10670,18/07/2025,104,Ana Lopez,Mendoza,Cable HDMI,Cables,$ 15.75,4.0,Debito
10671,2025-05-01,101,JUAN PEREZ,CORDOBA,Mouse Optico,Accesorios,,3.0,Transferencia
10672,2025-11-06,104,Ana Lopez,Mendoza,Monitor 24',Electronica,$ 350.0,,Tarjeta Credito
10673,2025-08-01,104,Ana Lopez,Mendoza,Silla Gamer,Muebles,$ 250.0,1.0,Transferencia
10674,2025-12-26,104,Ana Lopez,Mendoza,Teclado Mecanico,Accesorios,$ 80.0,2.0,Tarjeta Credito
10675,2025-02-02,105,PEDRO GOMEZ,CORDOBA,Teclado Mecanico,Accesorios,$ 80.0,2.0,Tarjeta Credito
10676,2025-07-06,106,Lucia Fernandez,TUCUMAN,Silla Gamer,Muebles,,4.0,Transferencia
10677,2025-05-14,105,PEDRO GOMEZ,CORDOBA,Cable HDMI,Cables,$ 15.75,3.0,Tarjeta Credito
10678,2025-07-23,106,Lucia Fernandez,TUCUMAN,Monitor 24',Electronica,,5.0,Transferencia
10679,2025-08-16,103,Luis Garcia.,CABA,Silla Gamer,Muebles,$ 250.0,4.0,Efectivo
10680,09/06/2025,102,  marta Sanchez  ,ROSARIO,Monitor 24',Electronica,$ 350.0,4.0,Efectivo
10681,2025-07-17,104,Ana Lopez,Mendoza,Teclado Mecanico,Accesorios,$ 80.0,4.0,Transferencia
10682,2025-03-29,101,JUAN PEREZ,CORDOBA,Mouse Optico,Accesorios,$ 25.0,2.0,Efectivo
10683,2025-12-12,101,JUAN PEREZ,CORDOBA,Laptop Pro,Electronica,$ 1200.5,4.0,Tarjeta Credito
10684,2025-03-10,101,JUAN PEREZ,CORDOBA,Mouse Optico,Accesorios,$ 25.0,5.0,Tarjeta Credito
10685,2025-03-18,105,PEDRO GOMEZ,CORDOBA,Teclado Mecanico,Accesorios,$ 80.0,1.0,Efectivo
10686,2025-02-28,106,Lucia Fernandez,TUCUMAN,Laptop Pro,Electronica,$ 1200.5,5.0,Transferencia
10687,2025-11-05,106,Lucia Fernandez,TUCUMAN,Laptop Pro,Electronica,,5.0,Tarjeta Credito
10688,2025-08-29,104,Ana Lopez,Mendoza,Silla Gamer,Muebles,$ 250.0,1.0,Transferencia
10689,2025-03-08,101,JUAN PEREZ,CORDOBA,Monitor 24',Electronica,$ 350.0,5.0,Efectivo
10690,29/06/2025,105,PEDRO GOMEZ,CORDOBA,Laptop Pro,Electronica,$ 1200.5,1.0,Debito
10691,2025-07-30,104,Ana Lopez,Mendoza,Monitor 24',Electronica,$ 350.0,3.0,Tarjeta Credito
10692,2025-07-19,102,  marta Sanchez  ,ROSARIO,Cable HDMI,Cables,$ 15.75,2.0,Efectivo
10693,2025-02-19,101,JUAN PEREZ,CORDOBA,Laptop Pro,Electronica,$ 1200.5,5.0,Transferencia
10694,2025-05-16,102,  marta Sanchez  ,ROSARIO,Mouse Optico,Accesorios,$ 25.0,3.0,Efectivo
10695,2025-07-24,103,Luis Garcia.,CABA,Laptop Pro,Electronica,$ 1200.5,1.0,Efectivo
10696,2025-04-01,105,PEDRO GOMEZ,CORDOBA,Silla Gamer,Muebles,$ 250.0,5.0,Debito
10697,2025-12-12,104,Ana Lopez,Mendoza,Silla Gamer,Muebles,$ 250.0,1.0,Transferencia
10698,2025-03-28,106,Lucia Fernandez,TUCUMAN,Cable HDMI,Cables,$ 15.75,5.0,Tarjeta Credito
10699,2025-04-01,103,Luis Garcia.,CABA,Mouse Optico,Accesorios,$ 25.0,4.0,Transferencia
10700,13/07/2025,103,Luis Garcia.,CABA,Monitor 24',Electronica,$ 350.0,1.0,Transferencia
10701,2025-11-23,101,JUAN PEREZ,CORDOBA,Cable HDMI,Cables,,4.0,Tarjeta Credito
10702,2025-02-26,105,PEDRO GOMEZ,CORDOBA,Teclado Mecanico,Accesorios,$ 80.0,5.0,Efectivo
10703,2025-03-18,104,Ana Lopez,Mendoza,Mouse Optico,Accesorios,$ 25.0,1.0,Efectivo
10704,2025-04-25,104,Ana Lopez,Mendoza,Laptop Pro,Electronica,$ 1200.5,3.0,Transferencia
10705,2025-01-14,103,Luis Garcia.,CABA,Teclado Mecanico,Accesorios,$ 80.0,4.0,Transferencia
10706,2025-12-25,105,PEDRO GOMEZ,CORDOBA,Laptop Pro,Electronica,$ 1200.5,5.0,Tarjeta Credito
10707,2025-08-13,101,JUAN PEREZ,CORDOBA,Silla Gamer,Muebles,$ 250.0,2.0,Debito
10708,2025-12-26,101,JUAN PEREZ,CORDOBA,Mouse Optico,Accesorios,$ 25.0,4.0,Tarjeta Credito
10709,2025-09-01,104,Ana Lopez,Mendoza,Silla Gamer,Muebles,$ 250.0,2.0,Transferencia
10710,10/02/2025,106,Lucia Fernandez,TUCUMAN,Monitor 24',Electronica,,2.0,Tarjeta Credito
10711,2025-04-16,101,JUAN PEREZ,CORDOBA,Cable HDMI,Cables,,2.0,Tarjeta Credito
10712,2025-06-05,105,PEDRO GOMEZ,CORDOBA,Laptop Pro,Electronica,$ 1200.5,5.0,Transferencia
10713,2025-02-04,105,PEDRO GOMEZ,CORDOBA,Monitor 24',Electronica,$ 350.0,2.0,Tarjeta Credito
10714,2025-12-28,106,Lucia Fernandez,TUCUMAN,Laptop Pro,Electronica,$ 1200.5,2.0,Tarjeta Credito
10715,2025-02-10,104,Ana Lopez,Mendoza,Mouse Optico,Accesorios,$ 25.0,5.0,Debito
10716,2025-08-19,102,  marta Sanchez  ,ROSARIO,Cable HDMI,Cables,$ 15.75,1.0,Efectivo
10717,2025-09-17,102,  marta Sanchez  ,ROSARIO,Mouse Optico,Accesorios,$ 25.0,1.0,Tarjeta Credito
10718,2025-09-05,101,JUAN PEREZ,CORDOBA,Silla Gamer,Muebles,$ 250.0,5.0,Debito
10719,2025-08-24,103,Luis Garcia.,CABA,Mouse Optico,Accesorios,$ 25.0,5.0,Debito
10720,18/03/2025,105,PEDRO GOMEZ,CORDOBA,Monitor 24',Electronica,$ 350.0,5.0,Tarjeta Credito
10721,2025-06-15,102,  marta Sanchez  ,ROSARIO,Cable HDMI,Cables,$ 15.75,2.0,Tarjeta Credito
10722,2025-11-18,106,Lucia Fernandez,TUCUMAN,Teclado Mecanico,Accesorios,$ 80.0,3.0,Tarjeta Credito
10723,2025-05-10,105,PEDRO GOMEZ,CORDOBA,Monitor 24',Electronica,$ 350.0,2.0,Transferencia
10724,2025-01-22,103,Luis Garcia.,CABA,Monitor 24',Electronica,$ 350.0,5.0,Efectivo
10725,2025-01-05,103,Luis Garcia.,CABA,Laptop Pro,Electronica,$ 1200.5,1.0,Debito
10726,2025-09-25,101,JUAN PEREZ,CORDOBA,Laptop Pro,Electronica,$ 1200.5,3.0,Transferencia
10727,2025-11-05,101,JUAN PEREZ,CORDOBA,Monitor 24',Electronica,$ 350.0,5.0,Debito
10728,2025-07-23,103,Luis Garcia.,CABA,Silla Gamer,Muebles,$ 250.0,4.0,Transferencia
10729,2025-09-13,103,Luis Garcia.,CABA,Monitor 24',Electronica,$ 350.0,3.0,Transferencia
10730,02/03/2025,105,PEDRO GOMEZ,CORDOBA,Cable HDMI,Cables,$ 15.75,5.0,Transferencia
10731,2025-03-08,103,Luis Garcia.,CABA,Mouse Optico,Accesorios,$ 25.0,1.0,Tarjeta Credito
10732,2025-08-07,106,Lucia Fernandez,TUCUMAN,Laptop Pro,Electronica,$ 1200.5,5.0,Debito
10733,2025-08-04,103,Luis Garcia.,CABA,Monitor 24',Electronica,$ 350.0,1.0,Debito
10734,2025-02-15,105,PEDRO GOMEZ,CORDOBA,Silla Gamer,Muebles,$ 250.0,3.0,Tarjeta Credito
10735,2025-11-12,104,Ana Lopez,Mendoza,Monitor 24',Electronica,$ 350.0,4.0,Tarjeta Credito
10736,2025-05-23,106,Lucia Fernandez,TUCUMAN,Monitor 24',Electronica,$ 350.0,4.0,Efectivo
10737,2025-05-03,105,PEDRO GOMEZ,CORDOBA,Mouse Optico,Accesorios,$ 25.0,4.0,Tarjeta Credito
10738,2025-02-28,105,PEDRO GOMEZ,CORDOBA,Laptop Pro,Electronica,$ 1200.5,5.0,Efectivo
10739,2025-03-24,102,  marta Sanchez  ,ROSARIO,Monitor 24',Electronica,$ 350.0,4.0,Tarjeta Credito
10740,01/02/2025,105,PEDRO GOMEZ,CORDOBA,Mouse Optico,Accesorios,$ 25.0,3.0,Debito
10741,2025-10-24,102,  marta Sanchez  ,ROSARIO,Silla Gamer,Muebles,,3.0,Transferencia
10742,2025-12-01,103,Luis Garcia.,CABA,Cable HDMI,Cables,$ 15.75,3.0,Transferencia
10743,2025-11-05,103,Luis Garcia.,CABA,Silla Gamer,Muebles,$ 250.0,3.0,Tarjeta Credito
10744,2025-04-26,102,  marta Sanchez  ,ROSARIO,Mouse Optico,Accesorios,$ 25.0,4.0,Efectivo
10745,2025-03-10,103,Luis Garcia.,CABA,Mouse Optico,Accesorios,$ 25.0,5.0,Transferencia
10746,2025-03-05,103,Luis Garcia.,CABA,Monitor 24',Electronica,$ 350.0,5.0,Transferencia
10747,2025-08-31,106,Lucia Fernandez,TUCUMAN,Teclado Mecanico,Accesorios,$ 80.0,1.0,Efectivo
10748,2025-09-12,102,  marta Sanchez  ,ROSARIO,Cable HDMI,Cables,$ 15.75,5.0,Efectivo
10749,2025-02-26,102,  marta Sanchez  ,ROSARIO,Teclado Mecanico,Accesorios,$ 80.0,4.0,Efectivo
10750,01/07/2025,104,Ana Lopez,Mendoza,Monitor 24',Electronica,$ 350.0,5.0,Transferencia
10751,2025-01-10,105,PEDRO GOMEZ,CORDOBA,Monitor 24',Electronica,$ 350.0,4.0,Debito
10752,2025-06-03,105,PEDRO GOMEZ,CORDOBA,Teclado Mecanico,Accesorios,$ 80.0,3.0,Tarjeta Credito
10753,2025-09-23,104,Ana Lopez,Mendoza,Teclado Mecanico,Accesorios,$ 80.0,3.0,Transferencia
10754,2025-03-24,103,Luis Garcia.,CABA,Mouse Optico,Accesorios,$ 25.0,2.0,Tarjeta Credito
10755,2025-01-16,106,Lucia Fernandez,TUCUMAN,Cable HDMI,Cables,$ 15.75,5.0,Debito
10756,2025-11-30,102,  marta Sanchez  ,ROSARIO,Laptop Pro,Electronica,$ 1200.5,2.0,Tarjeta Credito
10757,2025-12-22,102,  marta Sanchez  ,ROSARIO,Laptop Pro,Electronica,,4.0,Efectivo
10758,2025-12-07,104,Ana Lopez,Mendoza,Mouse Optico,Accesorios,$ 25.0,1.0,Debito
10759,2025-02-09,106,Lucia Fernandez,TUCUMAN,Laptop Pro,Electronica,$ 1200.5,5.0,Tarjeta Credito
10760,09/08/2025,102,  marta Sanchez  ,ROSARIO,Silla Gamer,Muebles,$ 250.0,4.0,Efectivo
10761,2025-07-04,105,PEDRO GOMEZ,CORDOBA,Laptop Pro,Electronica,$ 1200.5,3.0,Tarjeta Credito
10762,2025-09-10,103,Luis Garcia.,CABA,Silla Gamer,Muebles,$ 250.0,1.0,Transferencia
10763,2025-09-28,101,JUAN PEREZ,CORDOBA,Cable HDMI,Cables,$ 15.75,3.0,Tarjeta Credito
10764,2025-04-04,104,Ana Lopez,Mendoza,Mouse Optico,Accesorios,$ 25.0,3.0,Debito
10765,2025-08-05,102,  marta Sanchez  ,ROSARIO,Mouse Optico,Accesorios,$ 25.0,1.0,Transferencia
10766,2025-03-17,102,  marta Sanchez  ,ROSARIO,Monitor 24',Electronica,$ 350.0,1.0,Debito
10767,2025-12-03,106,Lucia Fernandez,TUCUMAN,Cable HDMI,Cables,$ 15.75,1.0,Transferencia
10768,2025-02-05,105,PEDRO GOMEZ,CORDOBA,Cable HDMI,Cables,$ 15.75,3.0,Tarjeta Credito
10769,2025-08-21,101,JUAN PEREZ,CORDOBA,Mouse Optico,Accesorios,$ 25.0,,Tarjeta Credito
10770,17/11/2025,103,Luis Garcia.,CABA,Teclado Mecanico,Accesorios,$ 80.0,3.0,Debito
10771,2025-04-22,102,  marta Sanchez  ,ROSARIO,Mouse Optico,Accesorios,,5.0,Debito
10772,2025-09-27,104,Ana Lopez,Mendoza,Cable HDMI,Cables,$ 15.75,3.0,Debito
10773,2025-09-17,103,Luis Garcia.,CABA,Monitor 24',Electronica,$ 350.0,4.0,Transferencia
10774,2025-05-08,104,Ana Lopez,Mendoza,Mouse Optico,Accesorios,$ 25.0,,Transferencia
10775,2025-05-20,106,Lucia Fernandez,TUCUMAN,Laptop Pro,Electronica,$ 1200.5,4.0,Transferencia
10776,2025-11-30,102,  marta Sanchez  ,ROSARIO,Monitor 24',Electronica,$ 350.0,1.0,Tarjeta Credito
10777,2025-09-27,102,  marta Sanchez  ,ROSARIO,Silla Gamer,Muebles,$ 250.0,5.0,Efectivo
10778,2025-02-25,101,JUAN PEREZ,CORDOBA,Laptop Pro,Electronica,$ 1200.5,2.0,Tarjeta Credito
10779,2025-09-15,104,Ana Lopez,Mendoza,Silla Gamer,Muebles,$ 250.0,3.0,Tarjeta Credito
10780,28/06/2025,103,Luis Garcia.,CABA,Teclado Mecanico,Accesorios,$ 80.0,2.0,Debito
10781,2025-01-20,101,JUAN PEREZ,CORDOBA,Teclado Mecanico,Accesorios,$ 80.0,2.0,Debito
10782,2025-12-27,102,  marta Sanchez  ,ROSARIO,Teclado Mecanico,Accesorios,$ 80.0,3.0,Transferencia
10783,2025-05-15,103,Luis Garcia.,CABA,Monitor 24',Electronica,$ 350.0,2.0,Efectivo
10784,2025-07-18,104,Ana Lopez,Mendoza,Teclado Mecanico,Accesorios,,3.0,Tarjeta Credito
10785,2025-11-27,105,PEDRO GOMEZ,CORDOBA,Laptop Pro,Electronica,$ 1200.5,2.0,Efectivo
10786,2025-07-08,105,PEDRO GOMEZ,CORDOBA,Laptop Pro,Electronica,$ 1200.5,3.0,Efectivo
10787,2025-06-09,101,JUAN PEREZ,CORDOBA,Laptop Pro,Electronica,$ 1200.5,4.0,Efectivo
10788,2025-10-10,104,Ana Lopez,Mendoza,Laptop Pro,Electronica,$ 1200.5,3.0,Efectivo
10789,2025-07-13,105,PEDRO GOMEZ,CORDOBA,Monitor 24',Electronica,$ 350.0,4.0,Debito
10790,08/08/2025,103,Luis Garcia.,CABA,Monitor 24',Electronica,$ 350.0,2.0,Transferencia
10791,2025-01-24,103,Luis Garcia.,CABA,Laptop Pro,Electronica,$ 1200.5,3.0,Transferencia
10792,2025-01-14,102,  marta Sanchez  ,ROSARIO,Cable HDMI,Cables,$ 15.75,1.0,Efectivo
10793,2025-08-09,101,JUAN PEREZ,CORDOBA,Teclado Mecanico,Accesorios,$ 80.0,3.0,Transferencia
10794,2025-03-17,101,JUAN PEREZ,CORDOBA,Laptop Pro,Electronica,$ 1200.5,2.0,Tarjeta Credito
10795,2025-04-24,105,PEDRO GOMEZ,CORDOBA,Monitor 24',Electronica,$ 350.0,5.0,Transferencia
10796,2025-12-11,103,Luis Garcia.,CABA,Laptop Pro,Electronica,$ 1200.5,4.0,Debito
10797,2025-09-01,106,Lucia Fernandez,TUCUMAN,Cable HDMI,Cables,$ 15.75,2.0,Debito
10798,2025-01-21,102,  marta Sanchez  ,ROSARIO,Mouse Optico,Accesorios,$ 25.0,3.0,Debito
10799,2025-04-19,101,JUAN PEREZ,CORDOBA,Silla Gamer,Muebles,$ 250.0,4.0,Debito
10800,12/09/2025,103,Luis Garcia.,CABA,Cable HDMI,Cables,$ 15.75,3.0,Transferencia
10801,2025-07-06,106,Lucia Fernandez,TUCUMAN,Silla Gamer,Muebles,$ 250.0,5.0,Efectivo
10802,2025-06-15,102,  marta Sanchez  ,ROSARIO,Monitor 24',Electronica,$ 350.0,3.0,Tarjeta Credito
10803,2025-02-23,103,Luis Garcia.,CABA,Monitor 24',Electronica,$ 350.0,1.0,Efectivo
10804,2025-09-10,102,  marta Sanchez  ,ROSARIO,Cable HDMI,Cables,$ 15.75,1.0,Efectivo
10805,2025-01-17,105,PEDRO GOMEZ,CORDOBA,Teclado Mecanico,Accesorios,$ 80.0,1.0,Efectivo
10806,2025-03-20,103,Luis Garcia.,CABA,Silla Gamer,Muebles,$ 250.0,1.0,Debito
10807,2025-05-08,105,PEDRO GOMEZ,CORDOBA,Mouse Optico,Accesorios,$ 25.0,4.0,Tarjeta Credito
10808,2025-07-02,101,JUAN PEREZ,CORDOBA,Monitor 24',Electronica,$ 350.0,1.0,Debito
10809,2025-06-23,102,  marta Sanchez  ,ROSARIO,Cable HDMI,Cables,$ 15.75,3.0,Tarjeta Credito
10810,28/12/2025,106,Lucia Fernandez,TUCUMAN,Monitor 24',Electronica,$ 350.0,5.0,Debito
10811,2025-09-05,103,Luis Garcia.,CABA,Mouse Optico,Accesorios,,3.0,Debito
10812,2025-09-15,104,Ana Lopez,Mendoza,Silla Gamer,Muebles,$ 250.0,3.0,Debito
10813,2025-06-10,105,PEDRO GOMEZ,CORDOBA,Mouse Optico,Accesorios,$ 25.0,5.0,Transferencia
10814,2025-01-16,103,Luis Garcia.,CABA,Monitor 24',Electronica,$ 350.0,3.0,Debito
10815,2025-03-05,106,Lucia Fernandez,TUCUMAN,Laptop Pro,Electronica,$ 1200.5,5.0,Efectivo
10816,2025-11-19,101,JUAN PEREZ,CORDOBA,Mouse Optico,Accesorios,$ 25.0,4.0,Transferencia
10817,2025-03-21,103,Luis Garcia.,CABA,Laptop Pro,Electronica,$ 1200.5,3.0,Efectivo
10818,2025-09-24,103,Luis Garcia.,CABA,Cable HDMI,Cables,,3.0,Debito
10819,2025-07-04,101,JUAN PEREZ,CORDOBA,Teclado Mecanico,Accesorios,$ 80.0,5.0,Transferencia
10820,05/08/2025,101,JUAN PEREZ,CORDOBA,Cable HDMI,Cables,$ 15.75,2.0,Efectivo
10821,2025-08-01,105,PEDRO GOMEZ,CORDOBA,Laptop Pro,Electronica,$ 1200.5,3.0,Debito
10822,2025-10-22,104,Ana Lopez,Mendoza,Mouse Optico,Accesorios,,3.0,Transferencia
10823,2025-04-24,104,Ana Lopez,Mendoza,Mouse Optico,Accesorios,$ 25.0,2.0,Tarjeta Credito
10824,2025-12-18,106,Lucia Fernandez,TUCUMAN,Mouse Optico,Accesorios,$ 25.0,1.0,Tarjeta Credito
10825,2025-04-22,106,Lucia Fernandez,TUCUMAN,Laptop Pro,Electronica,$ 1200.5,5.0,Tarjeta Credito
10826,2025-09-13,101,JUAN PEREZ,CORDOBA,Teclado Mecanico,Accesorios,$ 80.0,5.0,Tarjeta Credito
10827,2025-07-26,105,PEDRO GOMEZ,CORDOBA,Silla Gamer,Muebles,$ 250.0,1.0,Debito
10828,2025-09-18,104,Ana Lopez,Mendoza,Teclado Mecanico,Accesorios,$ 80.0,2.0,Transferencia
10829,2025-06-14,101,JUAN PEREZ,CORDOBA,Teclado Mecanico,Accesorios,,2.0,Tarjeta Credito
10830,09/09/2025,106,Lucia Fernandez,TUCUMAN,Mouse Optico,Accesorios,$ 25.0,1.0,Tarjeta Credito
10831,2025-07-04,103,Luis Garcia.,CABA,Laptop Pro,Electronica,$ 1200.5,2.0,Efectivo
10832,2025-09-22,104,Ana Lopez,Mendoza,Cable HDMI,Cables,$ 15.75,2.0,Efectivo
10833,2025-06-12,102,  marta Sanchez  ,ROSARIO,Cable HDMI,Cables,$ 15.75,2.0,Efectivo
10834,2025-01-07,106,Lucia Fernandez,TUCUMAN,Cable HDMI,Cables,$ 15.75,2.0,Efectivo
10835,2025-10-20,105,PEDRO GOMEZ,CORDOBA,Monitor 24',Electronica,$ 350.0,1.0,Transferencia
10836,2025-01-19,102,  marta Sanchez  ,ROSARIO,Mouse Optico,Accesorios,$ 25.0,5.0,Transferencia
10837,2025-10-02,104,Ana Lopez,Mendoza,Silla Gamer,Muebles,$ 250.0,1.0,Tarjeta Credito
10838,2025-09-17,104,Ana Lopez,Mendoza,Mouse Optico,Accesorios,$ 25.0,3.0,Efectivo
10839,2025-02-18,101,JUAN PEREZ,CORDOBA,Monitor 24',Electronica,$ 350.0,4.0,Debito
10840,23/03/2025,101,JUAN PEREZ,CORDOBA,Monitor 24',Electronica,$ 350.0,3.0,Efectivo
10841,2025-09-11,102,  marta Sanchez  ,ROSARIO,Teclado Mecanico,Accesorios,$ 80.0,3.0,Tarjeta Credito
10842,2025-09-14,101,JUAN PEREZ,CORDOBA,Laptop Pro,Electronica,,2.0,Debito
10843,2025-02-22,103,Luis Garcia.,CABA,Cable HDMI,Cables,$ 15.75,5.0,Debito
10844,2025-10-31,103,Luis Garcia.,CABA,Cable HDMI,Cables,$ 15.75,2.0,Efectivo
10845,2025-06-23,102,  marta Sanchez  ,ROSARIO,Teclado Mecanico,Accesorios,$ 80.0,4.0,Tarjeta Credito
10846,2025-04-29,101,JUAN PEREZ,CORDOBA,Monitor 24',Electronica,$ 350.0,4.0,Efectivo
10847,2025-04-17,104,Ana Lopez,Mendoza,Mouse Optico,Accesorios,$ 25.0,2.0,Efectivo
10848,2025-11-08,105,PEDRO GOMEZ,CORDOBA,Cable HDMI,Cables,$ 15.75,1.0,Tarjeta Credito
10849,2025-04-01,102,  marta Sanchez  ,ROSARIO,Monitor 24',Electronica,,2.0,Debito
10850,15/01/2025,104,Ana Lopez,Mendoza,Teclado Mecanico,Accesorios,$ 80.0,2.0,Efectivo
10851,2025-07-09,106,Lucia Fernandez,TUCUMAN,Cable HDMI,Cables,$ 15.75,4.0,Efectivo
10852,2025-02-19,103,Luis Garcia.,CABA,Laptop Pro,Electronica,$ 1200.5,5.0,Efectivo
10853,2025-09-05,102,  marta Sanchez  ,ROSARIO,Laptop Pro,Electronica,$ 1200.5,4.0,Efectivo
10854,2025-02-09,106,Lucia Fernandez,TUCUMAN,Mouse Optico,Accesorios,$ 25.0,1.0,Efectivo
10855,2025-10-16,104,Ana Lopez,Mendoza,Cable HDMI,Cables,$ 15.75,2.0,Debito
10856,2025-08-12,104,Ana Lopez,Mendoza,Laptop Pro,Electronica,$ 1200.5,3.0,Tarjeta Credito
10857,2025-07-16,106,Lucia Fernandez,TUCUMAN,Mouse Optico,Accesorios,$ 25.0,2.0,Debito
10858,2025-02-14,105,PEDRO GOMEZ,CORDOBA,Monitor 24',Electronica,$ 350.0,3.0,Tarjeta Credito
10859,2025-05-03,105,PEDRO GOMEZ,CORDOBA,Teclado Mecanico,Accesorios,$ 80.0,1.0,Debito
10860,21/09/2025,101,JUAN PEREZ,CORDOBA,Mouse Optico,Accesorios,$ 25.0,2.0,Efectivo
10861,2025-09-12,106,Lucia Fernandez,TUCUMAN,Mouse Optico,Accesorios,$ 25.0,2.0,Efectivo
10862,2025-07-19,103,Luis Garcia.,CABA,Monitor 24',Electronica,$ 350.0,3.0,Debito
10863,2025-05-12,103,Luis Garcia.,CABA,Teclado Mecanico,Accesorios,$ 80.0,5.0,Tarjeta Credito
10864,2025-02-12,102,  marta Sanchez  ,ROSARIO,Laptop Pro,Electronica,,3.0,Transferencia
10865,2025-02-07,102,  marta Sanchez  ,ROSARIO,Silla Gamer,Muebles,$ 250.0,1.0,Efectivo
10866,2025-10-04,105,PEDRO GOMEZ,CORDOBA,Monitor 24',Electronica,$ 350.0,4.0,Debito
10867,2025-09-18,104,Ana Lopez,Mendoza,Laptop Pro,Electronica,$ 1200.5,2.0,Transferencia
10868,2025-02-21,102,  marta Sanchez  ,ROSARIO,Monitor 24',Electronica,$ 350.0,3.0,Transferencia
10869,2025-05-16,102,  marta Sanchez  ,ROSARIO,Monitor 24',Electronica,$ 350.0,3.0,Debito
10870,10/02/2025,101,JUAN PEREZ,CORDOBA,Mouse Optico,Accesorios,$ 25.0,1.0,Tarjeta Credito
10871,2025-04-20,101,JUAN PEREZ,CORDOBA,Silla Gamer,Muebles,$ 250.0,1.0,Debito
10872,2025-09-19,102,  marta Sanchez  ,ROSARIO,Laptop Pro,Electronica,$ 1200.5,2.0,Transferencia
10873,2025-08-13,104,Ana Lopez,Mendoza,Monitor 24',Electronica,$ 350.0,3.0,Efectivo
10874,2025-08-15,106,Lucia Fernandez,TUCUMAN,Laptop Pro,Electronica,$ 1200.5,2.0,Tarjeta Credito
10875,2025-06-23,101,JUAN PEREZ,CORDOBA,Teclado Mecanico,Accesorios,$ 80.0,5.0,Debito
10876,2025-08-18,104,Ana Lopez,Mendoza,Monitor 24',Electronica,$ 350.0,3.0,Tarjeta Credito
10877,2025-06-30,104,Ana Lopez,Mendoza,Teclado Mecanico,Accesorios,$ 80.0,1.0,Debito
10878,2025-07-18,102,  marta Sanchez  ,ROSARIO,Cable HDMI,Cables,$ 15.75,2.0,Debito
10879,2025-09-03,101,JUAN PEREZ,CORDOBA,Laptop Pro,Electronica,$ 1200.5,4.0,Transferencia
10880,06/03/2025,102,  marta Sanchez  ,ROSARIO,Silla Gamer,Muebles,$ 250.0,3.0,Efectivo
10881,2025-10-16,102,  marta Sanchez  ,ROSARIO,Laptop Pro,Electronica,$ 1200.5,1.0,Debito
10882,2025-02-20,103,Luis Garcia.,CABA,Monitor 24',Electronica,$ 350.0,,Efectivo
10883,2025-01-15,103,Luis Garcia.,CABA,Laptop Pro,Electronica,$ 1200.5,5.0,Tarjeta Credito
10884,2025-11-06,106,Lucia Fernandez,TUCUMAN,Silla Gamer,Muebles,$ 250.0,4.0,Debito
10885,2025-12-23,106,Lucia Fernandez,TUCUMAN,Laptop Pro,Electronica,$ 1200.5,5.0,Debito
10886,2025-10-30,105,PEDRO GOMEZ,CORDOBA,Cable HDMI,Cables,$ 15.75,1.0,Transferencia
10887,2025-10-12,101,JUAN PEREZ,CORDOBA,Laptop Pro,Electronica,$ 1200.5,5.0,Debito
10888,2025-02-09,105,PEDRO GOMEZ,CORDOBA,Silla Gamer,Muebles,$ 250.0,5.0,Tarjeta Credito
10889,2025-02-04,104,Ana Lopez,Mendoza,Teclado Mecanico,Accesorios,$ 80.0,4.0,Tarjeta Credito
10890,27/09/2025,106,Lucia Fernandez,TUCUMAN,Cable HDMI,Cables,$ 15.75,5.0,Efectivo
10891,2025-08-06,101,JUAN PEREZ,CORDOBA,Silla Gamer,Muebles,$ 250.0,5.0,Efectivo
10892,2025-09-22,102,  marta Sanchez  ,ROSARIO,Silla Gamer,Muebles,$ 250.0,1.0,Tarjeta Credito
10893,2025-12-25,103,Luis Garcia.,CABA,Monitor 24',Electronica,$ 350.0,1.0,Debito
10894,2025-10-13,105,PEDRO GOMEZ,CORDOBA,Cable HDMI,Cables,$ 15.75,5.0,Tarjeta Credito
10895,2025-12-14,101,JUAN PEREZ,CORDOBA,Teclado Mecanico,Accesorios,$ 80.0,5.0,Debito
10896,2025-09-19,102,  marta Sanchez  ,ROSARIO,Monitor 24',Electronica,$ 350.0,3.0,Tarjeta Credito
10897,2025-11-11,106,Lucia Fernandez,TUCUMAN,Monitor 24',Electronica,$ 350.0,4.0,Efectivo
10898,2025-02-21,104,Ana Lopez,Mendoza,Silla Gamer,Muebles,$ 250.0,3.0,Efectivo
10899,2025-04-09,101,JUAN PEREZ,CORDOBA,Mouse Optico,Accesorios,$ 25.0,2.0,Efectivo
10900,17/07/2025,102,  marta Sanchez  ,ROSARIO,Silla Gamer,Muebles,$ 250.0,4.0,Efectivo
10901,2025-04-23,104,Ana Lopez,Mendoza,Laptop Pro,Electronica,$ 1200.5,5.0,Efectivo
10902,2025-01-24,104,Ana Lopez,Mendoza,Laptop Pro,Electronica,$ 1200.5,3.0,Efectivo
10903,2025-03-16,101,JUAN PEREZ,CORDOBA,Silla Gamer,Muebles,$ 250.0,1.0,Transferencia
10904,2025-08-16,102,  marta Sanchez  ,ROSARIO,Cable HDMI,Cables,$ 15.75,2.0,Tarjeta Credito
10905,2025-03-01,102,  marta Sanchez  ,ROSARIO,Cable HDMI,Cables,$ 15.75,4.0,Tarjeta Credito
10906,2025-10-21,103,Luis Garcia.,CABA,Laptop Pro,Electronica,$ 1200.5,2.0,Debito
10907,2025-03-24,102,  marta Sanchez  ,ROSARIO,Cable HDMI,Cables,$ 15.75,5.0,Efectivo
10908,2025-08-07,102,  marta Sanchez  ,ROSARIO,Teclado Mecanico,Accesorios,$ 80.0,5.0,Efectivo
10909,2025-08-16,102,  marta Sanchez  ,ROSARIO,Mouse Optico,Accesorios,$ 25.0,1.0,Debito
10910,08/07/2025,104,Ana Lopez,Mendoza,Teclado Mecanico,Accesorios,$ 80.0,1.0,Efectivo
10911,2025-04-20,105,PEDRO GOMEZ,CORDOBA,Teclado Mecanico,Accesorios,$ 80.0,3.0,Transferencia
10912,2025-07-11,104,Ana Lopez,Mendoza,Monitor 24',Electronica,$ 350.0,1.0,Transferencia
10913,2025-07-25,101,JUAN PEREZ,CORDOBA,Silla Gamer,Muebles,$ 250.0,3.0,Tarjeta Credito
10914,2025-05-23,104,Ana Lopez,Mendoza,Laptop Pro,Electronica,$ 1200.5,4.0,Transferencia
10915,2025-03-11,105,PEDRO GOMEZ,CORDOBA,Monitor 24',Electronica,$ 350.0,1.0,Tarjeta Credito
10916,2025-08-20,104,Ana Lopez,Mendoza,Mouse Optico,Accesorios,$ 25.0,1.0,Tarjeta Credito
10917,2025-03-16,103,Luis Garcia.,CABA,Teclado Mecanico,Accesorios,,5.0,Transferencia
10918,2025-08-15,102,  marta Sanchez  ,ROSARIO,Cable HDMI,Cables,$ 15.75,4.0,Tarjeta Credito
10919,2025-09-01,105,PEDRO GOMEZ,CORDOBA,Teclado Mecanico,Accesorios,,2.0,Efectivo
10920,17/05/2025,106,Lucia Fernandez,TUCUMAN,Mouse Optico,Accesorios,$ 25.0,2.0,Transferencia
10921,2025-01-12,102,  marta Sanchez  ,ROSARIO,Laptop Pro,Electronica,$ 1200.5,4.0,Efectivo
10922,2025-10-29,101,JUAN PEREZ,CORDOBA,Laptop Pro,Electronica,$ 1200.5,3.0,Transferencia
10923,2025-10-29,104,Ana Lopez,Mendoza,Laptop Pro,Electronica,$ 1200.5,5.0,Tarjeta Credito
10924,2025-05-02,105,PEDRO GOMEZ,CORDOBA,Laptop Pro,Electronica,$ 1200.5,4.0,Tarjeta Credito
10925,2025-10-09,103,Luis Garcia.,CABA,Cable HDMI,Cables,$ 15.75,3.0,Efectivo
10926,2025-10-09,103,Luis Garcia.,CABA,Laptop Pro,Electronica,$ 1200.5,3.0,Debito
10927,2025-10-11,105,PEDRO GOMEZ,CORDOBA,Monitor 24',Electronica,$ 350.0,3.0,Efectivo
10928,2025-08-13,104,Ana Lopez,Mendoza,Silla Gamer,Muebles,$ 250.0,2.0,Transferencia
10929,2025-07-24,102,  marta Sanchez  ,ROSARIO,Cable HDMI,Cables,$ 15.75,3.0,Tarjeta Credito
10930,23/05/2025,103,Luis Garcia.,CABA,Teclado Mecanico,Accesorios,$ 80.0,4.0,Efectivo
10931,2025-07-05,102,  marta Sanchez  ,ROSARIO,Teclado Mecanico,Accesorios,$ 80.0,3.0,Tarjeta Credito
10932,2025-02-13,104,Ana Lopez,Mendoza,Teclado Mecanico,Accesorios,$ 80.0,1.0,Tarjeta Credito
10933,2025-12-09,101,JUAN PEREZ,CORDOBA,Teclado Mecanico,Accesorios,,3.0,Tarjeta Credito
10934,2025-02-21,105,PEDRO GOMEZ,CORDOBA,Laptop Pro,Electronica,$ 1200.5,4.0,Transferencia
10935,2025-01-12,106,Lucia Fernandez,TUCUMAN,Laptop Pro,Electronica,$ 1200.5,5.0,Transferencia
10936,2025-04-03,104,Ana Lopez,Mendoza,Silla Gamer,Muebles,$ 250.0,4.0,Transferencia
10937,2025-03-22,106,Lucia Fernandez,TUCUMAN,Laptop Pro,Electronica,,3.0,Tarjeta Credito
10938,2025-03-08,101,JUAN PEREZ,CORDOBA,Cable HDMI,Cables,$ 15.75,5.0,Efectivo
10939,2025-01-03,106,Lucia Fernandez,TUCUMAN,Monitor 24',Electronica,$ 350.0,5.0,Debito
10940,21/10/2025,103,Luis Garcia.,CABA,Mouse Optico,Accesorios,$ 25.0,4.0,Transferencia
10941,2025-03-12,103,Luis Garcia.,CABA,Teclado Mecanico,Accesorios,$ 80.0,1.0,Debito
10942,2025-01-25,101,JUAN PEREZ,CORDOBA,Teclado Mecanico,Accesorios,$ 80.0,1.0,Transferencia
10943,2025-05-28,104,Ana Lopez,Mendoza,Monitor 24',Electronica,$ 350.0,5.0,Tarjeta Credito
10944,2025-12-15,106,Lucia Fernandez,TUCUMAN,Teclado Mecanico,Accesorios,$ 80.0,2.0,Tarjeta Credito
10945,2025-02-16,103,Luis Garcia.,CABA,Mouse Optico,Accesorios,$ 25.0,5.0,Tarjeta Credito
10946,2025-12-06,102,  marta Sanchez  ,ROSARIO,Teclado Mecanico,Accesorios,$ 80.0,2.0,Tarjeta Credito
10947,2025-04-09,104,Ana Lopez,Mendoza,Laptop Pro,Electronica,$ 1200.5,5.0,Efectivo
10948,2025-02-28,102,  marta Sanchez  ,ROSARIO,Teclado Mecanico,Accesorios,$ 80.0,3.0,Transferencia
10949,2025-01-30,103,Luis Garcia.,CABA,Teclado Mecanico,Accesorios,$ 80.0,5.0,Transferencia
10950,11/06/2025,102,  marta Sanchez  ,ROSARIO,Mouse Optico,Accesorios,$ 25.0,1.0,Debito
10951,2025-01-26,106,Lucia Fernandez,TUCUMAN,Monitor 24',Electronica,$ 350.0,5.0,Efectivo
10952,2025-03-02,102,  marta Sanchez  ,ROSARIO,Monitor 24',Electronica,$ 350.0,3.0,Debito
10953,2025-07-22,103,Luis Garcia.,CABA,Teclado Mecanico,Accesorios,$ 80.0,5.0,Tarjeta Credito
10954,2025-01-23,101,JUAN PEREZ,CORDOBA,Mouse Optico,Accesorios,$ 25.0,4.0,Efectivo
10955,2025-11-10,106,Lucia Fernandez,TUCUMAN,Cable HDMI,Cables,$ 15.75,5.0,Debito
10956,2025-08-24,103,Luis Garcia.,CABA,Teclado Mecanico,Accesorios,$ 80.0,4.0,Debito
10957,2025-08-14,104,Ana Lopez,Mendoza,Teclado Mecanico,Accesorios,$ 80.0,1.0,Transferencia
10958,2025-09-19,103,Luis Garcia.,CABA,Silla Gamer,Muebles,$ 250.0,3.0,Tarjeta Credito
10959,2025-06-04,102,  marta Sanchez  ,ROSARIO,Mouse Optico,Accesorios,$ 25.0,4.0,Efectivo
10960,13/04/2025,106,Lucia Fernandez,TUCUMAN,Monitor 24',Electronica,$ 350.0,3.0,Efectivo
10961,2025-03-10,106,Lucia Fernandez,TUCUMAN,Silla Gamer,Muebles,$ 250.0,1.0,Tarjeta Credito
10962,2025-09-21,103,Luis Garcia.,CABA,Cable HDMI,Cables,$ 15.75,1.0,Tarjeta Credito
10963,2025-02-21,103,Luis Garcia.,CABA,Cable HDMI,Cables,$ 15.75,2.0,Debito
10964,2025-05-30,103,Luis Garcia.,CABA,Laptop Pro,Electronica,$ 1200.5,5.0,Tarjeta Credito
10965,2025-09-04,105,PEDRO GOMEZ,CORDOBA,Mouse Optico,Accesorios,$ 25.0,4.0,Tarjeta Credito
10966,2025-08-23,101,JUAN PEREZ,CORDOBA,Monitor 24',Electronica,$ 350.0,3.0,Tarjeta Credito
10967,2025-01-26,101,JUAN PEREZ,CORDOBA,Cable HDMI,Cables,$ 15.75,5.0,Efectivo
10968,2025-04-19,101,JUAN PEREZ,CORDOBA,Silla Gamer,Muebles,$ 250.0,3.0,Tarjeta Credito
10969,2025-05-21,102,  marta Sanchez  ,ROSARIO,Teclado Mecanico,Accesorios,,5.0,Efectivo
10970,18/03/2025,102,  marta Sanchez  ,ROSARIO,Silla Gamer,Muebles,$ 250.0,5.0,Efectivo
10971,2025-01-02,105,PEDRO GOMEZ,CORDOBA,Monitor 24',Electronica,$ 350.0,1.0,Transferencia
10972,2025-07-04,106,Lucia Fernandez,TUCUMAN,Laptop Pro,Electronica,$ 1200.5,5.0,Efectivo
10973,2025-05-18,105,PEDRO GOMEZ,CORDOBA,Mouse Optico,Accesorios,$ 25.0,1.0,Debito
10974,2025-06-15,104,Ana Lopez,Mendoza,Monitor 24',Electronica,$ 350.0,1.0,Tarjeta Credito
10975,2025-02-25,105,PEDRO GOMEZ,CORDOBA,Laptop Pro,Electronica,$ 1200.5,2.0,Transferencia
10976,2025-12-10,105,PEDRO GOMEZ,CORDOBA,Laptop Pro,Electronica,$ 1200.5,2.0,Transferencia
10977,2025-05-27,104,Ana Lopez,Mendoza,Laptop Pro,Electronica,$ 1200.5,5.0,Tarjeta Credito
10978,2025-03-21,104,Ana Lopez,Mendoza,Cable HDMI,Cables,$ 15.75,3.0,Tarjeta Credito
10979,2025-03-03,103,Luis Garcia.,CABA,Cable HDMI,Cables,$ 15.75,3.0,Debito
10980,02/04/2025,105,PEDRO GOMEZ,CORDOBA,Teclado Mecanico,Accesorios,$ 80.0,2.0,Debito
10981,2025-03-04,101,JUAN PEREZ,CORDOBA,Mouse Optico,Accesorios,$ 25.0,3.0,Efectivo
10982,2025-07-05,101,JUAN PEREZ,CORDOBA,Mouse Optico,Accesorios,$ 25.0,4.0,Debito
10983,2025-04-12,102,  marta Sanchez  ,ROSARIO,Laptop Pro,Electronica,$ 1200.5,2.0,Tarjeta Credito
10984,2025-06-08,106,Lucia Fernandez,TUCUMAN,Mouse Optico,Accesorios,$ 25.0,4.0,Debito
10985,2025-03-07,106,Lucia Fernandez,TUCUMAN,Teclado Mecanico,Accesorios,$ 80.0,2.0,Debito
10986,2025-06-21,102,  marta Sanchez  ,ROSARIO,Laptop Pro,Electronica,$ 1200.5,3.0,Tarjeta Credito
10987,2025-02-09,104,Ana Lopez,Mendoza,Laptop Pro,Electronica,$ 1200.5,1.0,Transferencia
10988,2025-10-11,101,JUAN PEREZ,CORDOBA,Monitor 24',Electronica,$ 350.0,3.0,Debito
10989,2025-11-13,103,Luis Garcia.,CABA,Mouse Optico,Accesorios,$ 25.0,1.0,Debito
10990,25/02/2025,103,Luis Garcia.,CABA,Cable HDMI,Cables,$ 15.75,2.0,Efectivo
10991,2025-12-22,102,  marta Sanchez  ,ROSARIO,Mouse Optico,Accesorios,$ 25.0,5.0,Efectivo
10992,2025-06-29,101,JUAN PEREZ,CORDOBA,Teclado Mecanico,Accesorios,$ 80.0,1.0,Debito
10993,2025-07-17,106,Lucia Fernandez,TUCUMAN,Monitor 24',Electronica,$ 350.0,3.0,Efectivo
10994,2025-05-03,105,PEDRO GOMEZ,CORDOBA,Silla Gamer,Muebles,$ 250.0,4.0,Tarjeta Credito
10995,2025-12-15,102,  marta Sanchez  ,ROSARIO,Mouse Optico,Accesorios,$ 25.0,5.0,Tarjeta Credito
10996,2025-09-03,103,Luis Garcia.,CABA,Laptop Pro,Electronica,$ 1200.5,5.0,Tarjeta Credito
10997,2025-10-17,104,Ana Lopez,Mendoza,Mouse Optico,Accesorios,$ 25.0,5.0,Efectivo
10998,2025-07-18,104,Ana Lopez,Mendoza,Mouse Optico,Accesorios,$ 25.0,1.0,Transferencia
10999,2025-07-27,105,PEDRO GOMEZ,CORDOBA,Silla Gamer,Muebles,$ 250.0,4.0,Transferencia
7252,2025-12-26,104,Ana Lopez,Mendoza,Cable HDMI,Cables,$ 15.75,5.0,Transferencia
5684,2025-08-28,105,PEDRO GOMEZ,CORDOBA,Laptop Pro,Electronica,,4.0,Tarjeta Credito
2731,2025-06-05,104,Ana Lopez,Mendoza,Teclado Mecanico,Accesorios,$ 80.0,2.0,Tarjeta Credito
5742,2025-01-07,104,Ana Lopez,Mendoza,Teclado Mecanico,Accesorios,$ 80.0,2.0,Efectivo
5521,2025-12-01,104,Ana Lopez,Mendoza,Laptop Pro,Electronica,$ 1200.5,4.0,Transferencia
7340,22/05/2025,105,PEDRO GOMEZ,CORDOBA,Mouse Optico,Accesorios,$ 25.0,4.0,Transferencia
1576,2025-10-29,106,Lucia Fernandez,TUCUMAN,Laptop Pro,Electronica,$ 1200.5,1.0,Debito
6202,2025-12-29,103,Luis Garcia.,CABA,Monitor 24',Electronica,$ 350.0,2.0,Transferencia
7363,2025-09-05,101,JUAN PEREZ,CORDOBA,Mouse Optico,Accesorios,$ 25.0,3.0,Transferencia
1439,2025-09-23,105,PEDRO GOMEZ,CORDOBA,Mouse Optico,Accesorios,$ 25.0,,Efectivo
3750,22/05/2025,103,Luis Garcia.,CABA,Cable HDMI,Cables,$ 15.75,4.0,Transferencia
8487,2025-12-14,106,Lucia Fernandez,TUCUMAN,Laptop Pro,Electronica,$ 1200.5,4.0,Tarjeta Credito
6272,2025-11-14,102,  marta Sanchez  ,ROSARIO,Cable HDMI,Cables,$ 15.75,5.0,Transferencia
6653,2025-01-24,106,Lucia Fernandez,TUCUMAN,Monitor 24',Electronica,$ 350.0,4.0,Transferencia
4999,2025-12-25,103,Luis Garcia.,CABA,Mouse Optico,Accesorios,$ 25.0,4.0,Debito
7033,2025-10-14,103,Luis Garcia.,CABA,Monitor 24',Electronica,$ 350.0,2.0,Transferencia
1582,2025-11-08,104,Ana Lopez,Mendoza,Mouse Optico,Accesorios,$ 25.0,5.0,Transferencia
10930,23/05/2025,103,Luis Garcia.,CABA,Teclado Mecanico,Accesorios,$ 80.0,4.0,Efectivo
8051,2025-09-27,102,  marta Sanchez  ,ROSARIO,Laptop Pro,Electronica,$ 1200.5,1.0,Transferencia
9158,2025-02-24,105,PEDRO GOMEZ,CORDOBA,Teclado Mecanico,Accesorios,$ 80.0,5.0,Tarjeta Credito
10896,2025-09-19,102,  marta Sanchez  ,ROSARIO,Monitor 24',Electronica,$ 350.0,3.0,Tarjeta Credito
3249,2025-01-19,102,  marta Sanchez  ,ROSARIO,Cable HDMI,Cables,$ 15.75,1.0,Efectivo
5640,17/09/2025,105,PEDRO GOMEZ,CORDOBA,Laptop Pro,Electronica,$ 1200.5,5.0,Transferencia
10485,2025-07-31,101,JUAN PEREZ,CORDOBA,Silla Gamer,Muebles,$ 250.0,3.0,Debito
5947,2025-07-15,101,JUAN PEREZ,CORDOBA,Monitor 24',Electronica,$ 350.0,5.0,Efectivo
10920,17/05/2025,106,Lucia Fernandez,TUCUMAN,Mouse Optico,Accesorios,$ 25.0,2.0,Transferencia
2963,2025-01-15,106,Lucia Fernandez,TUCUMAN,Mouse Optico,Accesorios,$ 25.0,2.0,Tarjeta Credito
9243,2025-01-02,106,Lucia Fernandez,TUCUMAN,Monitor 24',Electronica,$ 350.0,3.0,Efectivo
7590,03/12/2025,102,  marta Sanchez  ,ROSARIO,Silla Gamer,Muebles,$ 250.0,1.0,Efectivo
9847,2025-12-25,106,Lucia Fernandez,TUCUMAN,Laptop Pro,Electronica,$ 1200.5,1.0,Tarjeta Credito
1321,2025-08-27,106,Lucia Fernandez,TUCUMAN,Laptop Pro,Electronica,$ 1200.5,5.0,Efectivo
3678,2025-01-04,101,JUAN PEREZ,CORDOBA,Mouse Optico,Accesorios,$ 25.0,3.0,Efectivo
5625,2025-05-29,106,Lucia Fernandez,TUCUMAN,Silla Gamer,Muebles,$ 250.0,4.0,Transferencia
5949,2025-11-10,105,PEDRO GOMEZ,CORDOBA,Monitor 24',Electronica,$ 350.0,1.0,Efectivo
9328,2025-11-21,103,Luis Garcia.,CABA,Silla Gamer,Muebles,$ 250.0,3.0,Efectivo
4337,2025-09-23,101,JUAN PEREZ,CORDOBA,Cable HDMI,Cables,$ 15.75,4.0,Debito
6589,2025-06-11,106,Lucia Fernandez,TUCUMAN,Mouse Optico,Accesorios,$ 25.0,4.0,Tarjeta Credito
1251,2025-11-05,101,JUAN PEREZ,CORDOBA,Teclado Mecanico,Accesorios,$ 80.0,3.0,Efectivo
4973,2025-03-19,101,JUAN PEREZ,CORDOBA,Mouse Optico,Accesorios,,5.0,Tarjeta Credito
7630,09/09/2025,102,  marta Sanchez  ,ROSARIO,Monitor 24',Electronica,$ 350.0,5.0,Tarjeta Credito
6547,2025-08-21,106,Lucia Fernandez,TUCUMAN,Cable HDMI,Cables,$ 15.75,4.0,Efectivo
1035,2025-10-04,101,JUAN PEREZ,CORDOBA,Silla Gamer,Muebles,$ 250.0,2.0,Transferencia
9362,2025-02-09,104,Ana Lopez,Mendoza,Silla Gamer,Muebles,$ 250.0,5.0,Efectivo
2513,2025-02-21,106,Lucia Fernandez,TUCUMAN,Teclado Mecanico,Accesorios,$ 80.0,1.0,Tarjeta Credito
10317,2025-01-23,104,Ana Lopez,Mendoza,Silla Gamer,Muebles,$ 250.0,5.0,Efectivo
1039,2025-10-24,102,  marta Sanchez  ,ROSARIO,Laptop Pro,Electronica,$ 1200.5,3.0,Tarjeta Credito
5819,2025-09-02,106,Lucia Fernandez,TUCUMAN,Mouse Optico,Accesorios,$ 25.0,1.0,Debito
4465,2025-11-06,101,JUAN PEREZ,CORDOBA,Silla Gamer,Muebles,$ 250.0,2.0,Debito
2760,07/03/2025,103,Luis Garcia.,CABA,Teclado Mecanico,Accesorios,$ 80.0,5.0,Tarjeta Credito
3304,2025-03-09,102,  marta Sanchez  ,ROSARIO,Mouse Optico,Accesorios,$ 25.0,5.0,Tarjeta Credito
4723,2025-03-08,104,Ana Lopez,Mendoza,Laptop Pro,Electronica,$ 1200.5,5.0,Tarjeta Credito
9284,2025-01-13,101,JUAN PEREZ,CORDOBA,Laptop Pro,Electronica,$ 1200.5,5.0,Tarjeta Credito
5993,2025-03-29,105,PEDRO GOMEZ,CORDOBA,Silla Gamer,Muebles,$ 250.0,1.0,Debito
9127,2025-10-08,105,PEDRO GOMEZ,CORDOBA,Teclado Mecanico,Accesorios,$ 80.0,1.0,Transferencia
4032,2025-04-27,102,  marta Sanchez  ,ROSARIO,Mouse Optico,Accesorios,$ 25.0,3.0,Tarjeta Credito
8938,2025-04-16,103,Luis Garcia.,CABA,Teclado Mecanico,Accesorios,$ 80.0,2.0,Efectivo
4039,2025-04-13,104,Ana Lopez,Mendoza,Teclado Mecanico,Accesorios,$ 80.0,2.0,Transferencia
10655,2025-09-22,105,PEDRO GOMEZ,CORDOBA,Teclado Mecanico,Accesorios,$ 80.0,5.0,Tarjeta Credito
3545,2025-07-19,104,Ana Lopez,Mendoza,Laptop Pro,Electronica,$ 1200.5,4.0,Transferencia
3592,2025-04-21,102,  marta Sanchez  ,ROSARIO,Silla Gamer,Muebles,$ 250.0,2.0,Transferencia
2188,2025-12-29,106,Lucia Fernandez,TUCUMAN,Monitor 24',Electronica,$ 350.0,1.0,Transferencia
8966,2025-03-17,103,Luis Garcia.,CABA,Teclado Mecanico,Accesorios,$ 80.0,3.0,Debito
7077,2025-12-25,102,  marta Sanchez  ,ROSARIO,Mouse Optico,Accesorios,$ 25.0,1.0,Efectivo
1107,2025-10-02,103,Luis Garcia.,CABA,Laptop Pro,Electronica,$ 1200.5,2.0,Transferencia
2315,2025-11-19,103,Luis Garcia.,CABA,Cable HDMI,Cables,$ 15.75,5.0,Debito
9187,2025-01-26,104,Ana Lopez,Mendoza,Silla Gamer,Muebles,$ 250.0,2.0,Transferencia
3753,2025-04-15,104,Ana Lopez,Mendoza,Laptop Pro,Electronica,$ 1200.5,,Transferencia
10753,2025-09-23,104,Ana Lopez,Mendoza,Teclado Mecanico,Accesorios,$ 80.0,3.0,Transferencia
7231,2025-01-10,102,  marta Sanchez  ,ROSARIO,Cable HDMI,Cables,$ 15.75,1.0,Tarjeta Credito
3876,2025-11-07,102,  marta Sanchez  ,ROSARIO,Teclado Mecanico,Accesorios,$ 80.0,,Transferencia
6323,2025-08-29,104,Ana Lopez,Mendoza,Cable HDMI,Cables,$ 15.75,,Tarjeta Credito
1799,2025-12-11,102,  marta Sanchez  ,ROSARIO,Laptop Pro,Electronica,$ 1200.5,4.0,Tarjeta Credito
4570,08/07/2025,102,  marta Sanchez  ,ROSARIO,Laptop Pro,Electronica,$ 1200.5,2.0,Efectivo
3894,2025-08-24,103,Luis Garcia.,CABA,Laptop Pro,Electronica,$ 1200.5,3.0,Debito
3927,2025-08-02,101,JUAN PEREZ,CORDOBA,Mouse Optico,Accesorios,$ 25.0,1.0,Tarjeta Credito
9178,2025-10-13,102,  marta Sanchez  ,ROSARIO,Cable HDMI,Cables,$ 15.75,2.0,Efectivo
1971,2025-04-23,105,PEDRO GOMEZ,CORDOBA,Cable HDMI,Cables,$ 15.75,2.0,Efectivo
7687,2025-01-10,104,Ana Lopez,Mendoza,Silla Gamer,Muebles,$ 250.0,3.0,Tarjeta Credito
9575,2025-06-02,106,Lucia Fernandez,TUCUMAN,Laptop Pro,Electronica,$ 1200.5,2.0,Efectivo
3020,13/08/2025,101,JUAN PEREZ,CORDOBA,Teclado Mecanico,Accesorios,$ 80.0,4.0,Tarjeta Credito
10054,2025-12-17,106,Lucia Fernandez,TUCUMAN,Monitor 24',Electronica,,5.0,Transferencia
1952,2025-12-19,101,JUAN PEREZ,CORDOBA,Silla Gamer,Muebles,$ 250.0,4.0,Transferencia
6359,2025-07-12,105,PEDRO GOMEZ,CORDOBA,Cable HDMI,Cables,$ 15.75,4.0,Debito
4857,2025-01-25,106,Lucia Fernandez,TUCUMAN,Mouse Optico,Accesorios,$ 25.0,1.0,Tarjeta Credito
6861,2025-08-14,102,  marta Sanchez  ,ROSARIO,Monitor 24',Electronica,$ 350.0,5.0,Debito
4145,2025-05-06,102,  marta Sanchez  ,ROSARIO,Teclado Mecanico,Accesorios,$ 80.0,2.0,Debito
4305,2025-09-27,103,Luis Garcia.,CABA,Teclado Mecanico,Accesorios,$ 80.0,2.0,Tarjeta Credito
4006,2025-06-24,105,PEDRO GOMEZ,CORDOBA,Laptop Pro,Electronica,$ 1200.5,2.0,Efectivo
10001,2025-01-29,102,  marta Sanchez  ,ROSARIO,Cable HDMI,Cables,$ 15.75,3.0,Efectivo
8770,27/02/2025,102,  marta Sanchez  ,ROSARIO,Silla Gamer,Muebles,$ 250.0,4.0,Transferencia
8438,2025-08-17,106,Lucia Fernandez,TUCUMAN,Teclado Mecanico,Accesorios,$ 80.0,1.0,Efectivo
8942,2025-04-30,106,Lucia Fernandez,TUCUMAN,Mouse Optico,Accesorios,$ 25.0,2.0,Transferencia
10238,2025-10-17,106,Lucia Fernandez,TUCUMAN,Laptop Pro,Electronica,$ 1200.5,2.0,Efectivo
2056,2025-03-11,101,JUAN PEREZ,CORDOBA,Cable HDMI,Cables,$ 15.75,3.0,Tarjeta Credito
4154,2025-06-06,104,Ana Lopez,Mendoza,Monitor 24',Electronica,$ 350.0,1.0,Tarjeta Credito
4787,2025-11-07,104,Ana Lopez,Mendoza,Cable HDMI,Cables,$ 15.75,5.0,Debito
10189,2025-06-21,106,Lucia Fernandez,TUCUMAN,Mouse Optico,Accesorios,$ 25.0,2.0,Efectivo
8825,2025-06-26,103,Luis Garcia.,CABA,Monitor 24',Electronica,$ 350.0,1.0,Efectivo
8539,2025-07-13,106,Lucia Fernandez,TUCUMAN,Monitor 24',Electronica,$ 350.0,5.0,Tarjeta Credito
8231,2025-01-13,103,Luis Garcia.,CABA,Mouse Optico,Accesorios,$ 25.0,2.0,Tarjeta Credito
1764,2025-12-08,103,Luis Garcia.,CABA,Laptop Pro,Electronica,$ 1200.5,4.0,Efectivo
6019,2025-11-06,101,JUAN PEREZ,CORDOBA,Silla Gamer,Muebles,$ 250.0,3.0,Tarjeta Credito
5903,2025-02-01,106,Lucia Fernandez,TUCUMAN,Mouse Optico,Accesorios,$ 25.0,1.0,Debito
9093,2025-02-07,106,Lucia Fernandez,TUCUMAN,Teclado Mecanico,Accesorios,$ 80.0,3.0,Debito
7843,2025-01-27,105,PEDRO GOMEZ,CORDOBA,Cable HDMI,Cables,$ 15.75,4.0,Transferencia
3165,2025-06-07,103,Luis Garcia.,CABA,Silla Gamer,Muebles,$ 250.0,1.0,Debito
2862,2025-10-14,102,  marta Sanchez  ,ROSARIO,Cable HDMI,Cables,$ 15.75,2.0,Debito
8850,25/12/2025,103,Luis Garcia.,CABA,Laptop Pro,Electronica,$ 1200.5,2.0,Efectivo
10123,2025-01-13,103,Luis Garcia.,CABA,Monitor 24',Electronica,$ 350.0,1.0,Efectivo
3340,05/12/2025,102,  marta Sanchez  ,ROSARIO,Laptop Pro,Electronica,$ 1200.5,,Efectivo
6527,2025-04-12,101,JUAN PEREZ,CORDOBA,Silla Gamer,Muebles,$ 250.0,2.0,Transferencia
7743,2025-04-15,103,Luis Garcia.,CABA,Laptop Pro,Electronica,$ 1200.5,3.0,Tarjeta Credito
5003,2025-03-23,105,PEDRO GOMEZ,CORDOBA,Teclado Mecanico,Accesorios,$ 80.0,5.0,Efectivo
2123,2025-09-27,101,JUAN PEREZ,CORDOBA,Silla Gamer,Muebles,$ 250.0,4.0,Debito
9709,2025-09-10,101,JUAN PEREZ,CORDOBA,Cable HDMI,Cables,$ 15.75,4.0,Transferencia
5049,2025-09-23,103,Luis Garcia.,CABA,Mouse Optico,Accesorios,$ 25.0,1.0,Transferencia
8640,20/06/2025,101,JUAN PEREZ,CORDOBA,Cable HDMI,Cables,$ 15.75,4.0,Tarjeta Credito
1765,2025-05-22,101,JUAN PEREZ,CORDOBA,Mouse Optico,Accesorios,$ 25.0,2.0,Tarjeta Credito
3344,2025-11-11,101,JUAN PEREZ,CORDOBA,Cable HDMI,Cables,$ 15.75,4.0,Tarjeta Credito
5071,2025-04-06,101,JUAN PEREZ,CORDOBA,Cable HDMI,Cables,$ 15.75,4.0,Tarjeta Credito
8216,2025-09-26,101,JUAN PEREZ,CORDOBA,Silla Gamer,Muebles,$ 250.0,2.0,Tarjeta Credito
5216,2025-12-13,104,Ana Lopez,Mendoza,Monitor 24',Electronica,$ 350.0,5.0,Efectivo
8952,2025-10-04,106,Lucia Fernandez,TUCUMAN,Laptop Pro,Electronica,$ 1200.5,2.0,Tarjeta Credito
6970,30/12/2025,105,PEDRO GOMEZ,CORDOBA,Mouse Optico,Accesorios,$ 25.0,4.0,Transferencia
4350,12/07/2025,104,Ana Lopez,Mendoza,Monitor 24',Electronica,$ 350.0,3.0,Efectivo
5695,2025-07-17,103,Luis Garcia.,CABA,Mouse Optico,Accesorios,$ 25.0,5.0,Debito
4399,2025-11-18,103,Luis Garcia.,CABA,Laptop Pro,Electronica,$ 1200.5,4.0,Efectivo
5081,2025-12-02,103,Luis Garcia.,CABA,Teclado Mecanico,Accesorios,$ 80.0,2.0,Tarjeta Credito
10149,2025-03-24,105,PEDRO GOMEZ,CORDOBA,Mouse Optico,Accesorios,$ 25.0,5.0,Transferencia
2224,2025-02-13,106,Lucia Fernandez,TUCUMAN,Cable HDMI,Cables,$ 15.75,5.0,Tarjeta Credito
7292,2025-12-14,101,JUAN PEREZ,CORDOBA,Monitor 24',Electronica,$ 350.0,4.0,Debito
4122,2025-05-25,104,Ana Lopez,Mendoza,Cable HDMI,Cables,$ 15.75,2.0,Transferencia
1510,29/12/2025,106,Lucia Fernandez,TUCUMAN,Laptop Pro,Electronica,$ 1200.5,3.0,Debito
6794,2025-09-06,101,JUAN PEREZ,CORDOBA,Mouse Optico,Accesorios,,5.0,Debito
9181,2025-07-11,106,Lucia Fernandez,TUCUMAN,Teclado Mecanico,Accesorios,$ 80.0,4.0,Efectivo
10417,2025-02-05,105,PEDRO GOMEZ,CORDOBA,Laptop Pro,Electronica,$ 1200.5,4.0,Efectivo
1096,2025-08-08,103,Luis Garcia.,CABA,Cable HDMI,Cables,$ 15.75,3.0,Tarjeta Credito
7681,2025-02-24,103,Luis Garcia.,CABA,Monitor 24',Electronica,$ 350.0,4.0,Tarjeta Credito
2512,2025-04-07,106,Lucia Fernandez,TUCUMAN,Cable HDMI,Cables,$ 15.75,2.0,Debito
9791,2025-07-11,102,  marta Sanchez  ,ROSARIO,Laptop Pro,Electronica,$ 1200.5,5.0,Debito
1119,2025-12-28,102,  marta Sanchez  ,ROSARIO,Monitor 24',Electronica,$ 350.0,1.0,Transferencia
8791,2025-07-31,105,PEDRO GOMEZ,CORDOBA,Teclado Mecanico,Accesorios,$ 80.0,2.0,Transferencia
7517,2025-11-14,106,Lucia Fernandez,TUCUMAN,Laptop Pro,Electronica,$ 1200.5,3.0,Efectivo
1033,2025-04-08,102,  marta Sanchez  ,ROSARIO,Mouse Optico,Accesorios,$ 25.0,2.0,Efectivo
8887,2025-11-02,101,JUAN PEREZ,CORDOBA,Mouse Optico,Accesorios,$ 25.0,4.0,Efectivo
7830,14/12/2025,102,  marta Sanchez  ,ROSARIO,Monitor 24',Electronica,$ 350.0,3.0,Tarjeta Credito
6421,2025-12-01,104,Ana Lopez,Mendoza,Mouse Optico,Accesorios,$ 25.0,1.0,Transferencia
2068,2025-11-16,103,Luis Garcia.,CABA,Cable HDMI,Cables,$ 15.75,5.0,Debito
2347,2025-06-11,104,Ana Lopez,Mendoza,Silla Gamer,Muebles,,2.0,Tarjeta Credito
5747,2025-08-30,101,JUAN PEREZ,CORDOBA,Laptop Pro,Electronica,$ 1200.5,2.0,Tarjeta Credito
7005,2025-09-05,103,Luis Garcia.,CABA,Teclado Mecanico,Accesorios,,5.0,Tarjeta Credito
7039,2025-11-26,101,JUAN PEREZ,CORDOBA,Cable HDMI,Cables,$ 15.75,4.0,Transferencia
4817,2025-08-19,106,Lucia Fernandez,TUCUMAN,Teclado Mecanico,Accesorios,$ 80.0,2.0,Transferencia
9446,2025-02-08,105,PEDRO GOMEZ,CORDOBA,Laptop Pro,Electronica,$ 1200.5,2.0,Tarjeta Credito
6269,2025-09-30,105,PEDRO GOMEZ,CORDOBA,Mouse Optico,Accesorios,$ 25.0,2.0,Transferencia
7897,2025-09-25,104,Ana Lopez,Mendoza,Silla Gamer,Muebles,$ 250.0,5.0,Transferencia
6309,2025-10-02,103,Luis Garcia.,CABA,Laptop Pro,Electronica,$ 1200.5,2.0,Transferencia
1031,2025-12-04,101,JUAN PEREZ,CORDOBA,Laptop Pro,Electronica,$ 1200.5,4.0,Tarjeta Credito
6674,2025-11-05,105,PEDRO GOMEZ,CORDOBA,Silla Gamer,Muebles,$ 250.0,4.0,Tarjeta Credito
5386,2025-12-05,104,Ana Lopez,Mendoza,Silla Gamer,Muebles,$ 250.0,3.0,Transferencia
1029,2025-05-02,101,JUAN PEREZ,CORDOBA,Cable HDMI,Cables,$ 15.75,5.0,Transferencia
5202,2025-06-02,101,JUAN PEREZ,CORDOBA,Monitor 24',Electronica,$ 350.0,2.0,Debito
8507,2025-10-03,101,JUAN PEREZ,CORDOBA,Silla Gamer,Muebles,$ 250.0,1.0,Transferencia
1735,2025-08-26,105,PEDRO GOMEZ,CORDOBA,Monitor 24',Electronica,$ 350.0,2.0,Efectivo
3067,2025-11-17,103,Luis Garcia.,CABA,Laptop Pro,Electronica,$ 1200.5,4.0,Efectivo
1106,2025-08-21,103,Luis Garcia.,CABA,Silla Gamer,Muebles,$ 250.0,1.0,Transferencia
10644,2025-03-06,106,Lucia Fernandez,TUCUMAN,Laptop Pro,Electronica,$ 1200.5,2.0,Debito
9894,2025-01-09,106,Lucia Fernandez,TUCUMAN,Monitor 24',Electronica,$ 350.0,3.0,Transferencia
9020,15/03/2025,103,Luis Garcia.,CABA,Mouse Optico,Accesorios,$ 25.0,1.0,Efectivo
3232,2025-08-05,102,  marta Sanchez  ,ROSARIO,Teclado Mecanico,Accesorios,$ 80.0,3.0,Efectivo
1993,2025-01-01,106,Lucia Fernandez,TUCUMAN,Silla Gamer,Muebles,$ 250.0,3.0,Tarjeta Credito
10412,2025-04-07,103,Luis Garcia.,CABA,Monitor 24',Electronica,$ 350.0,3.0,Transferencia
8058,2025-01-10,104,Ana Lopez,Mendoza,Silla Gamer,Muebles,,5.0,Efectivo
7789,2025-08-04,102,  marta Sanchez  ,ROSARIO,Silla Gamer,Muebles,$ 250.0,4.0,Tarjeta Credito
1360,12/03/2025,101,JUAN PEREZ,CORDOBA,Teclado Mecanico,Accesorios,$ 80.0,2.0,Tarjeta Credito
1304,2025-03-16,104,Ana Lopez,Mendoza,Monitor 24',Electronica,$ 350.0,1.0,Efectivo
3627,2025-04-29,102,  marta Sanchez  ,ROSARIO,Teclado Mecanico,Accesorios,$ 80.0,1.0,Transferencia
9965,2025-02-07,102,  marta Sanchez  ,ROSARIO,Laptop Pro,Electronica,$ 1200.5,3.0,Debito
5513,2025-09-05,101,JUAN PEREZ,CORDOBA,Laptop Pro,Electronica,$ 1200.5,4.0,Efectivo
6910,03/11/2025,101,JUAN PEREZ,CORDOBA,Cable HDMI,Cables,$ 15.75,4.0,Transferencia
9313,2025-06-16,106,Lucia Fernandez,TUCUMAN,Mouse Optico,Accesorios,$ 25.0,5.0,Debito
4100,17/01/2025,105,PEDRO GOMEZ,CORDOBA,Laptop Pro,Electronica,$ 1200.5,3.0,Transferencia
6703,2025-02-10,102,  marta Sanchez  ,ROSARIO,Laptop Pro,Electronica,$ 1200.5,5.0,Efectivo
4898,2025-02-01,101,JUAN PEREZ,CORDOBA,Silla Gamer,Muebles,$ 250.0,4.0,Transferencia
6440,14/07/2025,101,JUAN PEREZ,CORDOBA,Silla Gamer,Muebles,$ 250.0,5.0,Tarjeta Credito
8930,28/10/2025,106,Lucia Fernandez,TUCUMAN,Teclado Mecanico,Accesorios,$ 80.0,3.0,Tarjeta Credito
1621,2025-09-25,104,Ana Lopez,Mendoza,Laptop Pro,Electronica,$ 1200.5,1.0,Tarjeta Credito
8235,2025-08-30,101,JUAN PEREZ,CORDOBA,Laptop Pro,Electronica,$ 1200.5,2.0,Tarjeta Credito
3498,2025-01-19,103,Luis Garcia.,CABA,Laptop Pro,Electronica,$ 1200.5,4.0,Tarjeta Credito
1713,2025-12-11,101,JUAN PEREZ,CORDOBA,Teclado Mecanico,Accesorios,$ 80.0,5.0,Transferencia
9403,2025-05-16,101,JUAN PEREZ,CORDOBA,Monitor 24',Electronica,$ 350.0,1.0,Efectivo
3855,2025-02-15,102,  marta Sanchez  ,ROSARIO,Laptop Pro,Electronica,$ 1200.5,5.0,Debito
5269,2025-06-25,105,PEDRO GOMEZ,CORDOBA,Monitor 24',Electronica,,3.0,Tarjeta Credito
3908,2025-11-16,106,Lucia Fernandez,TUCUMAN,Laptop Pro,Electronica,$ 1200.5,2.0,Debito
9080,23/11/2025,103,Luis Garcia.,CABA,Monitor 24',Electronica,$ 350.0,3.0,Debito
5516,2025-06-22,103,Luis Garcia.,CABA,Cable HDMI,Cables,$ 15.75,1.0,Transferencia
2261,2025-12-20,106,Lucia Fernandez,TUCUMAN,Mouse Optico,Accesorios,$ 25.0,2.0,Transferencia
4160,24/01/2025,106,Lucia Fernandez,TUCUMAN,Laptop Pro,Electronica,$ 1200.5,5.0,Transferencia
1970,09/04/2025,105,PEDRO GOMEZ,CORDOBA,Mouse Optico,Accesorios,$ 25.0,1.0,Efectivo
4912,2025-09-19,104,Ana Lopez,Mendoza,Teclado Mecanico,Accesorios,$ 80.0,4.0,Transferencia
